Parameter,Row,Slot0,Slot1,Slot2,Slot3,Slot4,Slot5,Slot6,Slot7,Slot8,Slot9,Slot10,Slot11,Slot12,Slot13,Slot14,Slot15
M_V,1,,,,,,,,,,,2598127.26,,,,,
M_V,2,,,,,,,,,,,134948.22,,,,,
M_V,3,,,,,,,,,,,674741.1,,,,,
M_V,4,,,,,,,,,,,3379116.395,,,,,
M_V,5,,,,,,,,,,,1236476.78,,,,,
M_V,6,,,,,,,,,,,2586337.992,,,,,
M_V,7,,,,,,,,,,,353987.234,,,,,
M_V,8,,,,,,,,,,,0.0,,,,,
M_V,9,,,,,,,,,,,65828.4,,,,,
M_V,10,,,,,,,,,,,27428.500000000004,,,,,
M_V,11,,,,,,,,,,,124.605182,,,,,
M_V,12,,,,,,,,,,,41476.879,,,,,
M_V,13,,,,,,,,,,,78.615068,,,,,
M_V,14,,,,,,,,,,,160656.205,,,,,
M_V,15,,,,,,,,,,,99540.51999999999,,,,,
M_V,16,,,,,,,,,,,135047.96,,,,,
M_V,17,,,,,,,,,,,45071.5086,,,,,
M_V,18,,,,,,,,,,,49291.507999999994,,,,,
M_V,19,,,,,,,,,,,197734.55,,,,,
M_V,20,,,,,,,,,,,481589.383572,,,,,
M_V,21,,,,,,,,,,,76.515541,,,,,
M_V,22,,,,,,,,,,,297065.616,,,,,
M_V,23,,,,,,,,,,,164837.3058,,,,,
M_V,24,,,,,,,,,,,579888.36,,,,,
M_V,25,,,,,,,,,,,70147.14199999999,,,,,
M_V,26,,,,,,,,,,,0.0,,,,,
M_V,27,,,,,,,,,,,74.65539000000001,,,,,
M_V,28,,,,,,,,,,,460320.04799999995,,,,,
M_V,29,,,,,,,,,,,3721000.1799999997,,,,,
M_V,30,,,,,,,,,,,282703.056,,,,,
M_V,31,,,,,,,,,,,2017740.2,,,,,
M_V,32,,,,,,,,,,,4582105.47,,,,,
M_V,33,,,,,,,,,,,16457.1,,,,,
M_V,34,,,,,,,,,,,56722.138,,,,,
M_V,35,,,,,,,,,,,12846.511999999999,,,,,
M_V,36,,,,,,,,,,,272888.64,,,,,
M_V,37,,,,,,,,,,,8103.875,,,,,
M_V,38,,,,,,,,,,,112593.4938,,,,,
M_V,39,,,,,,,,,,,587.66808,,,,,
M_V,40,,,,,,,,,,,556549.2,,,,,
M_V,41,,,,,,,,,,,464763.46499999997,,,,,
M_V,42,,,,,,,,,,,132933.47199999998,,,,,
M_V,43,,,,,,,,,,,3446.76505,,,,,
M_V,44,,,,,,,,,,,1640383.8839999998,,,,,
M_V,45,,,,,,,,,,,116695.79999999999,,,,,
M_V,46,,,,,,,,,,,53211.29,,,,,
M_V,47,,,,,,,,,,,68453.35732,,,,,
M_V,48,,,,,,,,,,,141630.8,,,,,
M_V,49,,,,,,,,,,,13.574613999999999,,,,,
M_V,50,,,,,,,,,,,0.0,,,,,
M_V,51,,,,,,,,,,,154.63689599999998,,,,,
M_V,52,,,,,,,,,,,67916.9556,,,,,
M_V,53,,,,,,,,,,,246806.62999999998,,,,,
M_V,54,,,,,,,,,,,18900.73,,,,,
M_V,55,,,,,,,,,,,270095.92,,,,,
M_V,56,,,,,,,,,,,197.73454999999998,,,,,
M_V,57,,,,,,,,,,,657895.014,,,,,
M_V,58,,,,,,,,,,,0.0,,,,,
M_V,59,,,,,,,,,,,141411.372,,,,,
M_V,60,,,,,,,,,,,324504.08999999997,,,,,
M_V,61,,,,,,,,,,,58.766808,,,,,
M_V,62,,,,,,,,,,,166964.75999999998,,,,,
M_V,63,,,,,,,,,,,21783.216,,,,,
M_V,64,,,,,,,,,,,220840.8171,,,,,
M_V,65,,,,,,,,,,,349563.76499999996,,,,,
M_V,66,,,,,,,,,,,0.0,,,,,
M_V,67,,,,,,,,,,,207908.03,,,,,
M_V,68,,,,,,,,,,,119448.624,,,,,
M_V,69,,,,,,,,,,,0.0,,,,,
M_V,70,,,,,,,,,,,0.0,,,,,
M_V,71,,,,,,,,,,,102293.344,,,,,
M_V,72,,,,,,,,,,,70424.4192,,,,,
M_V,73,,,,,,,,,,,121832.40999999999,,,,,
M_V,74,,,,,,,,,,,76360.944,,,,,
M_V,75,,,,,,,,,,,0.0,,,,,
M_V,76,,,,,,,,,,,0.0,,,,,
M_V,77,,,,,,,,,,,113660.96114999999,,,,,
M_V,78,,,,,,,,,,,0.0,,,,,
M_V,79,,,,,,,,,,,278.59775759999997,,,,,
M_V,80,,,,,,,,,,,44105.028,,,,,
M_V,81,,,,,,,,,,,175916.92369999998,,,,,
M_V,82,,,,,,,,,,,85078.22,,,,,
M_V,83,,,,,,,,,,,0.0,,,,,
M_V,84,,,,,,,,,,,0.0,,,,,
M_V,85,,,,,,,,,,,233471.392,,,,,
M_V,86,,,,,,,,,,,0.0,,,,,
M_V,87,,,,,,,,,,,97994.54999999999,,,,,
M_V,88,,,,,,,,,,,0.0,,,,,
M_V,89,,,,,,,,,,,37534.1568,,,,,
M_V,90,,,,,,,,,,,301942.902,,,,,
M_V,91,,,,,,,,,,,91576.281,,,,,
M_V,92,,,,,,,,,,,770379.59172,,,,,
M_V,93,,,,,,,,,,,0.0,,,,,
M_V,94,,,,,,,,,,,237281.46,,,,,
NAfter,1,,,,,,,,,,,10000.0,,,,,
NAfter,2,,,,,,,,,,,5000.0,,,,,
NAfter,3,,,,,,,,,,,820000.0,,,,,
NAfter,4,,,,,,,,,,,14500.0,,,,,
NAfter,5,,,,,,,,,,,2530000.0,,,,,
NAfter,6,,,,,,,,,,,2100.0,,,,,
NAfter,7,,,,,,,,,,,1000.0,,,,,
NAfter,8,,,,,,,,,,,0.0,,,,,
NAfter,9,,,,,,,,,,,25000.0,,,,,
NAfter,10,,,,,,,,,,,12500.0,,,,,
NAfter,11,,,,,,,,,,,1.0,,,,,
NAfter,12,,,,,,,,,,,500.0,,,,,
NAfter,13,,,,,,,,,,,1.0,,,,,
NAfter,14,,,,,,,,,,,85000.0,,,,,
NAfter,15,,,,,,,,,,,1000.0,,,,,
NAfter,16,,,,,,,,,,,8000.0,,,,,
NAfter,17,,,,,,,,,,,300.0,,,,,
NAfter,18,,,,,,,,,,,4000.0,,,,,
NAfter,19,,,,,,,,,,,10000.0,,,,,
NAfter,20,,,,,,,,,,,126135.0,,,,,
NAfter,21,,,,,,,,,,,1.0,,,,,
NAfter,22,,,,,,,,,,,12000.0,,,,,
NAfter,23,,,,,,,,,,,9000.0,,,,,
NAfter,24,,,,,,,,,,,150000.0,,,,,
NAfter,25,,,,,,,,,,,1000.0,,,,,
NAfter,26,,,,,,,,,,,0.0,,,,,
NAfter,27,,,,,,,,,,,10.0,,,,,
NAfter,28,,,,,,,,,,,9000.0,,,,,
NAfter,29,,,,,,,,,,,10000.0,,,,,
NAfter,30,,,,,,,,,,,3000.0,,,,,
NAfter,31,,,,,,,,,,,17000.0,,,,,
NAfter,32,,,,,,,,,,,45000.0,,,,,
NAfter,33,,,,,,,,,,,75000.0,,,,,
NAfter,34,,,,,,,,,,,1000.0,,,,,
NAfter,35,,,,,,,,,,,2000.0,,,,,
NAfter,36,,,,,,,,,,,45000.0,,,,,
NAfter,37,,,,,,,,,,,10000.0,,,,,
NAfter,38,,,,,,,,,,,3700.0,,,,,
NAfter,39,,,,,,,,,,,10.0,,,,,
NAfter,40,,,,,,,,,,,4000.0,,,,,
NAfter,41,,,,,,,,,,,22500.0,,,,,
NAfter,42,,,,,,,,,,,16000.0,,,,,
NAfter,43,,,,,,,,,,,10.0,,,,,
NAfter,44,,,,,,,,,,,4500.0,,,,,
NAfter,45,,,,,,,,,,,3000.0,,,,,
NAfter,46,,,,,,,,,,,5000.0,,,,,
NAfter,47,,,,,,,,,,,1900.0,,,,,
NAfter,48,,,,,,,,,,,2000.0,,,,,
NAfter,49,,,,,,,,,,,1.0,,,,,
NAfter,50,,,,,,,,,,,3000.0,,,,,
NAfter,51,,,,,,,,,,,1.0,,,,,
NAfter,52,,,,,,,,,,,11700.0,,,,,
NAfter,53,,,,,,,,,,,505000.0,,,,,
NAfter,54,,,,,,,,,,,10000.0,,,,,
NAfter,55,,,,,,,,,,,16000.0,,,,,
NAfter,56,,,,,,,,,,,10.0,,,,,
NAfter,57,,,,,,,,,,,27000.0,,,,,
NAfter,58,,,,,,,,,,,0.0,,,,,
NAfter,59,,,,,,,,,,,2000.0,,,,,
NAfter,60,,,,,,,,,,,18000.0,,,,,
NAfter,61,,,,,,,,,,,1.0,,,,,
NAfter,62,,,,,,,,,,,1200.0,,,,,
NAfter,63,,,,,,,,,,,560.0,,,,,
NAfter,64,,,,,,,,,,,850.0,,,,,
NAfter,65,,,,,,,,,,,1500.0,,,,,
NAfter,66,,,,,,,,,,,0.0,,,,,
NAfter,67,,,,,,,,,,,110000.0,,,,,
NAfter,68,,,,,,,,,,,1200.0,,,,,
NAfter,69,,,,,,,,,,,0.0,,,,,
NAfter,70,,,,,,,,,,,0.0,,,,,
NAfter,71,,,,,,,,,,,2000.0,,,,,
NAfter,72,,,,,,,,,,,120000.0,,,,,
NAfter,73,,,,,,,,,,,5000.0,,,,,
NAfter,74,,,,,,,,,,,20000.0,,,,,
NAfter,75,,,,,,,,,,,0.0,,,,,
NAfter,76,,,,,,,,,,,0.0,,,,,
NAfter,77,,,,,,,,,,,550.0,,,,,
NAfter,78,,,,,,,,,,,0.0,,,,,
NAfter,79,,,,,,,,,,,15518.0,,,,,
NAfter,80,,,,,,,,,,,1100.0,,,,,
NAfter,81,,,,,,,,,,,350.0,,,,,
NAfter,82,,,,,,,,,,,10000.0,,,,,
NAfter,83,,,,,,,,,,,0.0,,,,,
NAfter,84,,,,,,,,,,,0.0,,,,,
NAfter,85,,,,,,,,,,,4000.0,,,,,
NAfter,86,,,,,,,,,,,0.0,,,,,
NAfter,87,,,,,,,,,,,15000.0,,,,,
NAfter,88,,,,,,,,,,,0.0,,,,,
NAfter,89,,,,,,,,,,,600.0,,,,,
NAfter,90,,,,,,,,,,,1500.0,,,,,
NAfter,91,,,,,,,,,,,5000.0,,,,,
NAfter,92,,,,,,,,,,,77100.0,,,,,
NAfter,93,,,,,,,,,,,0.0,,,,,
NAfter,94,,,,,,,,,,,12000.0,,,,,
Ticker,1,,,,,,,,,,,AAPL,,,,,
Ticker,2,,,,,,,,,,,ADEA,,,,,
Ticker,3,,,,,,,,,,,AET,,,,,
Ticker,4,,,,,,,,,,,AMZN,,,,,
Ticker,5,,,,,,,,,,,ALDNE,,,,,
Ticker,6,,,,,,,,,,,ASML,,,,,
Ticker,7,,,,,,,,,,,AVGO,,,,,
Ticker,8,,,,,,,,,,,AZN,,,,,
Ticker,9,,,,,,,,,,,BLDP,,,,,
Ticker,10,,,,,,,,,,,BMRA,,,,,
Ticker,11,,,,,,,,,,,C,,,,,
Ticker,12,,,,,,,,,,,CSCO,,,,,
Ticker,13,,,,,,,,,,,CVS,,,,,
Ticker,14,,,,,,,,,,,DDD,,,,,
Ticker,15,,,,,,,,,,,DIS,,,,,
Ticker,16,,,,,,,,,,,DSY,,,,,
Ticker,17,,,,,,,,,,,DVA,,,,,
Ticker,18,,,,,,,,,,,DXC,,,,,
Ticker,19,,,,,,,,,,,EOAN,,,,,
Ticker,20,,,,,,,,,,,EZJ,,,,,
Ticker,21,,,,,,,,,,,GM,,,,,
Ticker,22,,,,,,,,,,,HPE,,,,,
Ticker,23,,,,,,,,,,,HPQ,,,,,
Ticker,24,,,,,,,,,,,IAG,,,,,
Ticker,25,,,,,,,,,,,KR,,,,,
Ticker,26,,,,,,,,,,,LNSR,,,,,
Ticker,27,,,,,,,,,,,LUMN,,,,,
Ticker,28,,,,,,,,,,,MRNA,,,,,
Ticker,29,,,,,,,,,,,MSFT,,,,,
Ticker,30,,,,,,,,,,,NEE,,,,,
Ticker,31,,,,,,,,,,,NEM,,,,,
Ticker,32,,,,,,,,,,,NFLX,,,,,
Ticker,33,,,,,,,,,,,NOTE,,,,,
Ticker,34,,,,,,,,,,,PAAS,,,,,
Ticker,35,,,,,,,,,,,PROF,,,,,
Ticker,36,,,,,,,,,,,POET,,,,,
Ticker,37,,,,,,,,,,,PW,,,,,
Ticker,38,,,,,,,,,,,RIGL,,,,,
Ticker,39,,,,,,,,,,,RWE,,,,,
Ticker,40,,,,,,,,,,,SAP,,,,,
Ticker,41,,,,,,,,,,,SHECY,,,,,
Ticker,42,,,,,,,,,,,SSYS,,,,,
Ticker,43,,,,,,,,,,,TSLA,,,,,
Ticker,44,,,,,,,,,,,TSM,,,,,
Ticker,45,,,,,,,,,,,UN0,,,,,
Ticker,46,,,,,,,,,,,UNIT,,,,,
Ticker,47,,,,,,,,,,,VLVLY,,,,,
Ticker,48,,,,,,,,,,,VONN,,,,,
Ticker,49,,,,,,,,,,,VTRS,,,,,
Ticker,50,,,,,,,,,,,WBA,,,,,
Ticker,51,,,,,,,,,,,XOM,,,,,
Ticker,52,,,,,,,,,,,XPER,,,,,
Ticker,53,,,,,,,,,,,MVEALDNE,,,,,
Ticker,54,,,,,,,,,,,MVEDDD,,,,,
Ticker,55,,,,,,,,,,,MVEDSY,,,,,
Ticker,56,,,,,,,,,,,MVEEOAN,,,,,
Ticker,57,,,,,,,,,,,MVEENI,,,,,
Ticker,58,,,,,,,,,,,MVEEZJ,,,,,
Ticker,59,,,,,,,,,,,MVEGLE,,,,,
Ticker,60,,,,,,,,,,,MVEORA,,,,,
Ticker,61,,,,,,,,,,,MVERWE,,,,,
Ticker,62,,,,,,,,,,,MVESAP,,,,,
Ticker,63,,,,,,,,,,,MVEUN0,,,,,
Ticker,64,,,,,,,,,,,SAFAAPL,,,,,
Ticker,65,,,,,,,,,,,SAFAMZN,,,,,
Ticker,66,,,,,,,,,,,SAFASML,,,,,
Ticker,67,,,,,,,,,,,SAFDDD,,,,,
Ticker,68,,,,,,,,,,,SAFDIS,,,,,
Ticker,69,,,,,,,,,,,SAFGM,,,,,
Ticker,70,,,,,,,,,,,SAFIAG,,,,,
Ticker,71,,,,,,,,,,,SAFMRNA,,,,,
Ticker,72,,,,,,,,,,,BLNK,,,,,
Ticker,73,,,,,,,,,,,ENI,,,,,
Ticker,74,,,,,,,,,,,SAFEZJ,,,,,
Ticker,75,,,,,,,,,,,F,,,,,
Ticker,76,,,,,,,,,,,GLE,,,,,
Ticker,77,,,,,,,,,,,GNRC,,,,,
Ticker,78,,,,,,,,,,,GS,,,,,
Ticker,79,,,,,,,,,,,LAZRQ,,,,,
Ticker,80,,,,,,,,,,,LUV,,,,,
Ticker,81,,,,,,,,,,,MA,,,,,
Ticker,82,,,,,,,,,,,NVAX,,,,,
Ticker,83,,,,,,,,,,,NVS,,,,,
Ticker,84,,,,,,,,,,,ORA,,,,,
Ticker,85,,,,,,,,,,,OXY,,,,,
Ticker,86,,,,,,,,,,,PFE,,,,,
Ticker,87,,,,,,,,,,,RIG,,,,,
Ticker,88,,,,,,,,,,,RRC,,,,,
Ticker,89,,,,,,,,,,,XYZ,,,,,
Ticker,90,,,,,,,,,,,THC,,,,,
Ticker,91,,,,,,,,,,,SAFHPQ,,,,,
Ticker,92,,,,,,,,,,,LOCK,,,,,
Ticker,93,,,,,,,,,,,JBASML,,,,,
Ticker,94,,,,,,,,,,,JBEOAN,,,,,
M,1,,,,,,,,,,,260.49,,,,,
M,2,,,,,,,,,,,27.06,,,,,
M,3,,,,,,,,,,,82.5,,,,,
M,4,,,,,,,,,,,233.65,,,,,
M,5,,,,,,,,,,,0.49,,,,,
M,6,,,,,,,,,,,1234.8,,,,,
M,7,,,,,,,,,,,354.91,,,,,
M,8,,,,,,,,,,,204.93,,,,,
M,9,,,,,,,,,,,2.64,,,,,
M,10,,,,,,,,,,,2.2,,,,,
M,11,,,,,,,,,,,124.93,,,,,
M,12,,,,,,,,,,,83.17,,,,,
M,13,,,,,,,,,,,78.82,,,,,
M,14,,,,,,,,,,,1.895,,,,,
M,15,,,,,,,,,,,99.8,,,,,
M,16,,,,,,,,,,,16.925,,,,,
M,17,,,,,,,,,,,150.63,,,,,
M,18,,,,,,,,,,,12.355,,,,,
M,19,,,,,,,,,,,19.825,,,,,
M,20,,,,,,,,,,,382.8,,,,,
M,21,,,,,,,,,,,76.715,,,,,
M,22,,,,,,,,,,,24.82,,,,,
M,23,,,,,,,,,,,18.363,,,,,
M,24,,,,,,,,,,,387.6,,,,,
M,25,,,,,,,,,,,70.33,,,,,
M,26,,,,,,,,,,,5.46,,,,,
M,27,,,,,,,,,,,7.485,,,,,
M,28,,,,,,,,,,,51.28,,,,,
M,29,,,,,,,,,,,373.07,,,,,
M,30,,,,,,,,,,,94.48,,,,,
M,31,,,,,,,,,,,119.0,,,,,
M,32,,,,,,,,,,,102.09,,,,,
M,33,,,,,,,,,,,0.22,,,,,
M,34,,,,,,,,,,,56.87,,,,,
M,35,,,,,,,,,,,6.44,,,,,
M,36,,,,,,,,,,,6.08,,,,,
M,37,,,,,,,,,,,0.8125,,,,,
M,38,,,,,,,,,,,30.51,,,,,
M,39,,,,,,,,,,,58.92,,,,,
M,40,,,,,,,,,,,139.5,,,,,
M,41,,,,,,,,,,,20.71,,,,,
M,42,,,,,,,,,,,8.33,,,,,
M,43,,,,,,,,,,,345.575,,,,,
M,44,,,,,,,,,,,365.48,,,,,
M,45,,,,,,,,,,,39.0,,,,,
M,46,,,,,,,,,,,10.67,,,,,
M,47,,,,,,,,,,,36.122,,,,,
M,48,,,,,,,,,,,71.0,,,,,
M,49,,,,,,,,,,,13.61,,,,,
M,50,,,,,,,,,,,0.0,,,,,
M,51,,,,,,,,,,,155.04,,,,,
M,52,,,,,,,,,,,5.82,,,,,
M,53,,,,,,,,,,,0.49,,,,,
M,54,,,,,,,,,,,1.895,,,,,
M,55,,,,,,,,,,,16.925,,,,,
M,56,,,,,,,,,,,19.825,,,,,
M,57,,,,,,,,,,,24.43,,,,,
M,58,,,,,,,,,,,0.0,,,,,
M,59,,,,,,,,,,,70.89,,,,,
M,60,,,,,,,,,,,18.075,,,,,
M,61,,,,,,,,,,,58.92,,,,,
M,62,,,,,,,,,,,139.5,,,,,
M,63,,,,,,,,,,,39.0,,,,,
M,64,,,,,,,,,,,260.49,,,,,
M,65,,,,,,,,,,,233.65,,,,,
M,66,,,,,,,,,,,1234.8,,,,,
M,67,,,,,,,,,,,1.895,,,,,
M,68,,,,,,,,,,,99.8,,,,,
M,69,,,,,,,,,,,76.715,,,,,
M,70,,,,,,,,,,,387.6,,,,,
M,71,,,,,,,,,,,51.28,,,,,
M,72,,,,,,,,,,,0.5884,,,,,
M,73,,,,,,,,,,,24.43,,,,,
M,74,,,,,,,,,,,382.8,,,,,
M,75,,,,,,,,,,,12.245,,,,,
M,76,,,,,,,,,,,70.89,,,,,
M,77,,,,,,,,,,,207.195,,,,,
M,78,,,,,,,,,,,903.778,,,,,
M,79,,,,,,,,,,,0.018,,,,,
M,80,,,,,,,,,,,40.2,,,,,
M,81,,,,,,,,,,,503.93,,,,,
M,82,,,,,,,,,,,8.53,,,,,
M,83,,,,,,,,,,,155.13,,,,,
M,84,,,,,,,,,,,18.075,,,,,
M,85,,,,,,,,,,,58.52,,,,,
M,86,,,,,,,,,,,27.205,,,,,
M,87,,,,,,,,,,,6.55,,,,,
M,88,,,,,,,,,,,42.93,,,,,
M,89,,,,,,,,,,,62.72,,,,,
M,90,,,,,,,,,,,201.82,,,,,
M,91,,,,,,,,,,,18.363,,,,,
M,92,,,,,,,,,,,10.018,,,,,
M,93,,,,,,,,,,,1234.8,,,,,
M,94,,,,,,,,,,,19.825,,,,,
AF,1,,,,,,,,,,,214.93,,,,,
AF,2,,,,,,,,,,,13.108774427999998,,,,,
AF,3,,,,,,,,,,,49.36504417584124,,,,,
AF,4,,,,,,,,,,,203.686777269,,,,,
AF,5,,,,,,,,,,,1.1699989470241117,,,,,
AF,6,,,,,,,,,,,678.571377,,,,,
AF,7,,,,,,,,,,,332.492238,,,,,
AF,8,,,,,,,,,,,70.021584,,,,,
AF,9,,,,,,,,,,,2.1495743999999997,,,,,
AF,10,,,,,,,,,,,12.75267096,,,,,
AF,11,,,,,,,,,,,99.36959571428571,,,,,
AF,12,,,,,,,,,,,67.37472,,,,,
AF,13,,,,,,,,,,,56.201936094,,,,,
AF,14,,,,,,,,,,,2.994825176470588,,,,,
AF,15,,,,,,,,,,,114.8718924,,,,,
AF,16,,,,,,,,,,,30.150688499999998,,,,,
AF,17,,,,,,,,,,,120.45236399999999,,,,,
AF,18,,,,,,,,,,,14.517648,,,,,
AF,19,,,,,,,,,,,15.717659939999999,,,,,
AF,20,,,,,,,,,,,2.132409888,,,,,
AF,21,,,,,,,,,,,46.7973576,,,,,
AF,22,,,,,,,,,,,20.994714560788733,,,,,
AF,23,,,,,,,,,,,25.801354,,,,,
AF,24,,,,,,,,,,,289.185893496,,,,,
AF,25,,,,,,,,,,,65.18432545714285,,,,,
AF,26,,,,,,,,,,,68.09691729323308,,,,,
AF,27,,,,,,,,,,,5.08147758,,,,,
AF,28,,,,,,,,,,,71.831614542,,,,,
AF,29,,,,,,,,,,,337.754845296,,,,,
AF,30,,,,,,,,,,,83.99355849521885,,,,,
AF,31,,,,,,,,,,,70.23461231964704,,,,,
AF,32,,,,,,,,,,,110.86976384999998,,,,,
AF,33,,,,,,,,,,,6.000431816995199,,,,,
AF,34,,,,,,,,,,,35.812872,,,,,
AF,35,,,,,,,,,,,5.203494,,,,,
AF,36,,,,,,,,,,,5.6514186828222215,,,,,
AF,37,,,,,,,,,,,1.069112504052,,,,,
AF,38,,,,,,,,,,,28.403657999999997,,,,,
AF,39,,,,,,,,,,,28.443761999999996,,,,,
AF,40,,,,,,,,,,,241.15839899210522,,,,,
AF,41,,,,,,,,,,,16.85865322944,,,,,
AF,42,,,,,,,,,,,29.272529332125,,,,,
AF,43,,,,,,,,,,,337.38492599999995,,,,,
AF,44,,,,,,,,,,,206.38565559999998,,,,,
AF,45,,,,,,,,,,,41.70750831,,,,,
AF,46,,,,,,,,,,,9.32418,,,,,
AF,47,,,,,,,,,,,26.439718846153845,,,,,
AF,48,,,,,,,,,,,59.130006,,,,,
AF,49,,,,,,,,,,,9.484596,,,,,
AF,50,,,,,,,,,,,10.086055739999999,,,,,
AF,51,,,,,,,,,,,113.22361799999999,,,,,
AF,52,,,,,,,,,,,8.288293679999999,,,,,
AF,53,,,,,,,,,,,1.2674944585077077,,,,,
AF,54,,,,,,,,,,,2.4563699999999997,,,,,
AF,55,,,,,,,,,,,33.7249575,,,,,
AF,56,,,,,,,,,,,11.088756,,,,,
AF,57,,,,,,,,,,,13.362226694999999,,,,,
AF,58,,,,,,,,,,,2.5950629999999997,,,,,
AF,59,,,,,,,,,,,56.702042999999996,,,,,
AF,60,,,,,,,,,,,12.14634709090909,,,,,
AF,61,,,,,,,,,,,33.181047,,,,,
AF,62,,,,,,,,,,,228.78379529999998,,,,,
AF,63,,,,,,,,,,,42.049679576785714,,,,,
AF,64,,,,,,,,,,,200.37378998262852,,,,,
AF,65,,,,,,,,,,,205.23221999999998,,,,,
AF,66,,,,,,,,,,,654.372952,,,,,
AF,67,,,,,,,,,,,3.291731762727273,,,,,
AF,68,,,,,,,,,,,110.82748755,,,,,
AF,69,,,,,,,,,,,3.3399161570247933,,,,,
AF,70,,,,,,,,,,,108.61,,,,,
AF,71,,,,,,,,,,,61.89462379926001,,,,,
AF,72,,,,,,,,,,,2.2024949699999996,,,,,
AF,73,,,,,,,,,,,14.908662,,,,,
AF,74,,,,,,,,,,,452.18262599999997,,,,,
AF,75,,,,,,,,,,,9.235,,,,,
AF,76,,,,,,,,,,,502.55,,,,,
AF,77,,,,,,,,,,,181.40821599999998,,,,,
AF,78,,,,,,,,,,,0.0,,,,,
AF,79,,,,,,,,,,,21.73369319396829,,,,,
AF,80,,,,,,,,,,,33.83339585142858,,,,,
AF,81,,,,,,,,,,,557.79651,,,,,
AF,82,,,,,,,,,,,9.774146879999998,,,,,
AF,83,,,,,,,,,,,546.81,,,,,
AF,84,,,,,,,,,,,13.780736999999998,,,,,
AF,85,,,,,,,,,,,54.475744635,,,,,
AF,86,,,,,,,,,,,25.796898,,,,,
AF,87,,,,,,,,,,,3.2090491636363634,,,,,
AF,88,,,,,,,,,,,24.94,,,,,
AF,89,,,,,,,,,,,77.14004399999999,,,,,
AF,90,,,,,,,,,,,160.89850793399998,,,,,
AF,91,,,,,,,,,,,31.037694735599995,,,,,
AF,92,,,,,,,,,,,5.353884,,,,,
AF,93,,,,,,,,,,,723.74,,,,,
AF,94,,,,,,,,,,,14.490794504828571,,,,,
Y,1,,,,,,,,,,,295.32,,,,,
Y,2,,,,,,,,,,,33,,,,,
Y,3,,,,,,,,,,,112.25,,,,,
Y,4,,,,,,,,,,,281.27,,,,,
Y,5,,,,,,,,,,,1.57,,,,,
Y,6,,,,,,,,,,,1411.79,,,,,
Y,7,,,,,,,,,,,471.55,,,,,
Y,8,,,,,,,,,,,209.89,,,,,
Y,9,,,,,,,,,,,3.19,,,,,
Y,10,,,,,,,,,,,0,,,,,
Y,11,,,,,,,,,,,131.87,,,,,
Y,12,,,,,,,,,,,89.04,,,,,
Y,13,,,,,,,,,,,96.42,,,,,
Y,14,,,,,,,,,,,3.75,,,,,
Y,15,,,,,,,,,,,128.73,,,,,
Y,16,,,,,,,,,,,23.25,,,,,
Y,17,,,,,,,,,,,151.71,,,,,
Y,18,,,,,,,,,,,14.62,,,,,
Y,19,,,,,,,,,,,19.29,,,,,
Y,20,,,,,,,,,,,520.83,,,,,
Y,21,,,,,,,,,,,94.88,,,,,
Y,22,,,,,,,,,,,26.43,,,,,
Y,23,,,,,,,,,,,19.43,,,,,
Y,24,,,,,,,,,,,494.64,,,,,
Y,25,,,,,,,,,,,74.91,,,,,
Y,26,,,,,,,,,,,8.5,,,,,
Y,27,,,,,,,,,,,7.67,,,,,
Y,28,,,,,,,,,,,45.15,,,,,
Y,29,,,,,,,,,,,587.31,,,,,
Y,30,,,,,,,,,,,94.79,,,,,
Y,31,,,,,,,,,,,139.82,,,,,
Y,32,,,,,,,,,,,113.9,,,,,
Y,33,,,,,,,,,,,7.25,,,,,
Y,34,,,,,,,,,,,73.12,,,,,
Y,35,,,,,,,,,,,11.9,,,,,
Y,36,,,,,,,,,,,8.2,,,,,
Y,37,,,,,,,,,,,0,,,,,
Y,38,,,,,,,,,,,51.2,,,,,
Y,39,,,,,,,,,,,59.91,,,,,
Y,40,,,,,,,,,,,232.42,,,,,
Y,41,,,,,,,,,,,0,,,,,
Y,42,,,,,,,,,,,12.33,,,,,
Y,43,,,,,,,,,,,416.15,,,,,
Y,44,,,,,,,,,,,430.65,,,,,
Y,45,,,,,,,,,,,34,,,,,
Y,46,,,,,,,,,,,8.06,,,,,
Y,47,,,,,,,,,,,36.5,,,,,
Y,48,,,,,,,,,,,69.12,,,,,
Y,49,,,,,,,,,,,15.72,,,,,
Y,50,,,,,,,,,,,,,,,,
Y,51,,,,,,,,,,,160.29,,,,,
Y,52,,,,,,,,,,,11.4,,,,,
Y,53,,,,,,,,,,,1.57,,,,,
Y,54,,,,,,,,,,,3.75,,,,,
Y,55,,,,,,,,,,,23.25,,,,,
Y,56,,,,,,,,,,,19.29,,,,,
Y,57,,,,,,,,,,,22.86,,,,,
Y,58,,,,,,,,,,,520.83,,,,,
Y,59,,,,,,,,,,,80.09,,,,,
Y,60,,,,,,,,,,,17.98,,,,,
Y,61,,,,,,,,,,,59.91,,,,,
Y,62,,,,,,,,,,,232.42,,,,,
Y,63,,,,,,,,,,,34,,,,,
Y,64,,,,,,,,,,,295.32,,,,,
Y,65,,,,,,,,,,,281.27,,,,,
Y,66,,,,,,,,,,,1411.79,,,,,
Y,67,,,,,,,,,,,3.75,,,,,
Y,68,,,,,,,,,,,128.73,,,,,
Y,69,,,,,,,,,,,94.88,,,,,
Y,70,,,,,,,,,,,494.64,,,,,
Y,71,,,,,,,,,,,45.15,,,,,
Y,72,,,,,,,,,,,2.25,,,,,
Y,73,,,,,,,,,,,22.86,,,,,
Y,74,,,,,,,,,,,520.83,,,,,
Y,75,,,,,,,,,,,14.09,,,,,
Y,76,,,,,,,,,,,80.09,,,,,
Y,77,,,,,,,,,,,245.41,,,,,
Y,78,,,,,,,,,,,936.2,,,,,
Y,79,,,,,,,,,,,2.11,,,,,
Y,80,,,,,,,,,,,44.82,,,,,
Y,81,,,,,,,,,,,657.11,,,,,
Y,82,,,,,,,,,,,13.78,,,,,
Y,83,,,,,,,,,,,153.26,,,,,
Y,84,,,,,,,,,,,17.98,,,,,
Y,85,,,,,,,,,,,61.4,,,,,
Y,86,,,,,,,,,,,28.58,,,,,
Y,87,,,,,,,,,,,5.64,,,,,
Y,88,,,,,,,,,,,45.29,,,,,
Y,89,,,,,,,,,,,1900-03-26 00:00:00,,,,,
Y,90,,,,,,,,,,,261.38,,,,,
Y,91,,,,,,,,,,,19.43,,,,,
Y,92,,,,,,,,,,,0,,,,,
Y,93,,,,,,,,,,,1411.79,,,,,
Y,94,,,,,,,,,,,19.29,,,,,
Upgrade,1,,,,,,,,,,,~ 295.32,,,,,
Upgrade,2,,,,,,,,,,,~ 33,,,,,
Upgrade,3,,,,,,,,,,,~ 112.25,,,,,
Upgrade,4,,,,,,,,,,,~ 281.27,,,,,
Upgrade,5,,,,,,,,,,,~ 1.57,,,,,
Upgrade,6,,,,,,,,,,,~ 1411.79,,,,,
Upgrade,7,,,,,,,,,,,~ 471.55,,,,,
Upgrade,8,,,,,,,,,,,~ 209.89,,,,,
Upgrade,9,,,,,,,,,,,Upgrade to  3.19,,,,,
Upgrade,10,,,,,,,,,,,~ 0,,,,,
Upgrade,11,,,,,,,,,,,~ 131.87,,,,,
Upgrade,12,,,,,,,,,,,~ 89.04,,,,,
Upgrade,13,,,,,,,,,,,~ 96.42,,,,,
Upgrade,14,,,,,,,,,,,~ 3.75,,,,,
Upgrade,15,,,,,,,,,,,~ 128.73,,,,,
Upgrade,16,,,,,,,,,,,~ 23.25,,,,,
Upgrade,17,,,,,,,,,,,~ 151.71,,,,,
Upgrade,18,,,,,,,,,,,~ 14.62,,,,,
Upgrade,19,,,,,,,,,,,~ 19.29,,,,,
Upgrade,20,,,,,,,,,,,~ 520.83,,,,,
Upgrade,21,,,,,,,,,,,~ 94.88,,,,,
Upgrade,22,,,,,,,,,,,~ 26.43,,,,,
Upgrade,23,,,,,,,,,,,~ 19.43,,,,,
Upgrade,24,,,,,,,,,,,~ 494.64,,,,,
Upgrade,25,,,,,,,,,,,~ 74.91,,,,,
Upgrade,26,,,,,,,,,,,Downgrade 8.5,,,,,
Upgrade,27,,,,,,,,,,,~ 7.67,,,,,
Upgrade,28,,,,,,,,,,,~ 45.15,,,,,
Upgrade,29,,,,,,,,,,,~ 587.31,,,,,
Upgrade,30,,,,,,,,,,,~ 94.79,,,,,
Upgrade,31,,,,,,,,,,,~ 139.82,,,,,
Upgrade,32,,,,,,,,,,,~ 113.9,,,,,
Upgrade,33,,,,,,,,,,,Downgrade 7.25,,,,,
Upgrade,34,,,,,,,,,,,~ 73.12,,,,,
Upgrade,35,,,,,,,,,,,Downgrade 11.9,,,,,
Upgrade,36,,,,,,,,,,,Upgrade to  8.2,,,,,
Upgrade,37,,,,,,,,,,,~ 0,,,,,
Upgrade,38,,,,,,,,,,,~ 51.2,,,,,
Upgrade,39,,,,,,,,,,,~ 59.91,,,,,
Upgrade,40,,,,,,,,,,,~ 232.42,,,,,
Upgrade,41,,,,,,,,,,,~ 0,,,,,
Upgrade,42,,,,,,,,,,,~ 12.33,,,,,
Upgrade,43,,,,,,,,,,,~ 416.15,,,,,
Upgrade,44,,,,,,,,,,,~ 430.65,,,,,
Upgrade,45,,,,,,,,,,,~ 34,,,,,
Upgrade,46,,,,,,,,,,,~ 8.06,,,,,
Upgrade,47,,,,,,,,,,,Downgrade 36.5,,,,,
Upgrade,48,,,,,,,,,,,~ 69.12,,,,,
Upgrade,49,,,,,,,,,,,~ 15.72,,,,,
Upgrade,50,,,,,,,,,,,,,,,,
Upgrade,51,,,,,,,,,,,~ 160.29,,,,,
Upgrade,52,,,,,,,,,,,~ 11.4,,,,,
Upgrade,53,,,,,,,,,,,~ 1.57,,,,,
Upgrade,54,,,,,,,,,,,~ 3.75,,,,,
Upgrade,55,,,,,,,,,,,~ 23.25,,,,,
Upgrade,56,,,,,,,,,,,~ 19.29,,,,,
Upgrade,57,,,,,,,,,,,~ 22.86,,,,,
Upgrade,58,,,,,,,,,,,~ 520.83,,,,,
Upgrade,59,,,,,,,,,,,~ 80.09,,,,,
Upgrade,60,,,,,,,,,,,~ 17.98,,,,,
Upgrade,61,,,,,,,,,,,~ 59.91,,,,,
Upgrade,62,,,,,,,,,,,~ 232.42,,,,,
Upgrade,63,,,,,,,,,,,~ 34,,,,,
Upgrade,64,,,,,,,,,,,~ 295.32,,,,,
Upgrade,65,,,,,,,,,,,~ 281.27,,,,,
Upgrade,66,,,,,,,,,,,~ 1411.79,,,,,
Upgrade,67,,,,,,,,,,,~ 3.75,,,,,
Upgrade,68,,,,,,,,,,,~ 128.73,,,,,
Upgrade,69,,,,,,,,,,,~ 94.88,,,,,
Upgrade,70,,,,,,,,,,,~ 494.64,,,,,
Upgrade,71,,,,,,,,,,,~ 45.15,,,,,
Upgrade,72,,,,,,,,,,,Downgrade 2.25,,,,,
Upgrade,73,,,,,,,,,,,~ 22.86,,,,,
Upgrade,74,,,,,,,,,,,~ 520.83,,,,,
Upgrade,75,,,,,,,,,,,~ 14.09,,,,,
Upgrade,76,,,,,,,,,,,~ 80.09,,,,,
Upgrade,77,,,,,,,,,,,~ 245.41,,,,,
Upgrade,78,,,,,,,,,,,~ 936.2,,,,,
Upgrade,79,,,,,,,,,,,~ 2.11,,,,,
Upgrade,80,,,,,,,,,,,~ 44.82,,,,,
Upgrade,81,,,,,,,,,,,~ 657.11,,,,,
Upgrade,82,,,,,,,,,,,~ 13.78,,,,,
Upgrade,83,,,,,,,,,,,~ 153.26,,,,,
Upgrade,84,,,,,,,,,,,~ 17.98,,,,,
Upgrade,85,,,,,,,,,,,~ 61.4,,,,,
Upgrade,86,,,,,,,,,,,~ 28.58,,,,,
Upgrade,87,,,,,,,,,,,~ 5.64,,,,,
Upgrade,88,,,,,,,,,,,~ 45.29,,,,,
Upgrade,89,,,,,,,,,,,~ 86,,,,,
Upgrade,90,,,,,,,,,,,~ 261.38,,,,,
Upgrade,91,,,,,,,,,,,,,,,,
Upgrade,92,,,,,,,,,,,~ 0,,,,,
Upgrade,93,,,,,,,,,,,~ 1411.79,,,,,
Upgrade,94,,,,,,,,,,,~ 19.29,,,,,
Ch_1YT,1,,,,,,,,,,,Apr.08: .1%,,,,,
Ch_1YT,2,,,,,,,,,,,Mar.25: 3.1%,,,,,
Ch_1YT,3,,,,,,,,,,,Apr.06: 4.7%,,,,,
Ch_1YT,4,,,,,,,,,,,Apr.06: .0%,,,,,
Ch_1YT,5,,,,,,,,,,,: .0%,,,,,
Ch_1YT,6,,,,,,,,,,,Apr.08: .3%,,,,,
Ch_1YT,7,,,,,,,,,,,Apr.02: -.1%,,,,,
Ch_1YT,8,,,,,,,,,,,Apr.06: .5%,,,,,
Ch_1YT,9,,,,,,,,,,,Mar.23: 9.6%,,,,,
Ch_1YT,10,,,,,,,,,,,: .0%,,,,,
Ch_1YT,11,,,,,,,,,,,Apr.08: -.1%,,,,,
Ch_1YT,12,,,,,,,,,,,Apr.02: .3%,,,,,
Ch_1YT,13,,,,,,,,,,,Apr.02: -.1%,,,,,
Ch_1YT,14,,,,,,,,,,,Mar.20: 3.6%,,,,,
Ch_1YT,15,,,,,,,,,,,Apr.02: -.5%,,,,,
Ch_1YT,16,,,,,,,,,,,Apr.06: -.6%,,,,,
Ch_1YT,17,,,,,,,,,,,: .0%,,,,,
Ch_1YT,18,,,,,,,,,,,Apr.08: -.9%,,,,,
Ch_1YT,19,,,,,,,,,,,Apr.06: .4%,,,,,
Ch_1YT,20,,,,,,,,,,,Apr.02: -2.1%,,,,,
Ch_1YT,21,,,,,,,,,,,Apr.02: -.2%,,,,,
Ch_1YT,22,,,,,,,,,,,Apr.02: 2.0%,,,,,
Ch_1YT,23,,,,,,,,,,,Mar.23: -2.8%,,,,,
Ch_1YT,24,,,,,,,,,,,Apr.08: -.2%,,,,,
Ch_1YT,25,,,,,,,,,,,Mar.20: .7%,,,,,
Ch_1YT,26,,,,,,,,,,,Apr.02: -32.0%,,,,,
Ch_1YT,27,,,,,,,,,,,: .0%,,,,,
Ch_1YT,28,,,,,,,,,,,Apr.08: .6%,,,,,
Ch_1YT,29,,,,,,,,,,,Apr.02: -.7%,,,,,
Ch_1YT,30,,,,,,,,,,,Apr.08: .2%,,,,,
Ch_1YT,31,,,,,,,,,,,Apr.06: -.1%,,,,,
Ch_1YT,32,,,,,,,,,,,Apr.08: .4%,,,,,
Ch_1YT,33,,,,,,,,,,,Apr.02: -5.5%,,,,,
Ch_1YT,34,,,,,,,,,,,Apr.06: 1.0%,,,,,
Ch_1YT,35,,,,,,,,,,,Mar.19: -5.7%,,,,,
Ch_1YT,36,,,,,,,,,,,Apr.08: 7.2%,,,,,
Ch_1YT,37,,,,,,,,,,,: .0%,,,,,
Ch_1YT,38,,,,,,,,,,,: .0%,,,,,
Ch_1YT,39,,,,,,,,,,,Apr.02: 1.6%,,,,,
Ch_1YT,40,,,,,,,,,,,Apr.08: -.8%,,,,,
Ch_1YT,41,,,,,,,,,,,: .0%,,,,,
Ch_1YT,42,,,,,,,,,,,: .0%,,,,,
Ch_1YT,43,,,,,,,,,,,Apr.06: -.6%,,,,,
Ch_1YT,44,,,,,,,,,,,Mar.23: .3%,,,,,
Ch_1YT,45,,,,,,,,,,,Apr.06: 3.0%,,,,,
Ch_1YT,46,,,,,,,,,,,Mar.26: .4%,,,,,
Ch_1YT,47,,,,,,,,,,,Apr.02: -11.0%,,,,,
Ch_1YT,48,,,,,,,,,,,: .0%,,,,,
Ch_1YT,49,,,,,,,,,,,Apr.01: 1.4%,,,,,
Ch_1YT,50,,,,,,,,,,,: .0%,,,,,
Ch_1YT,51,,,,,,,,,,,Apr.08: .1%,,,,,
Ch_1YT,52,,,,,,,,,,,: .0%,,,,,
Ch_1YT,53,,,,,,,,,,,: .0%,,,,,
Ch_1YT,54,,,,,,,,,,,Mar.20: 3.6%,,,,,
Ch_1YT,55,,,,,,,,,,,Apr.06: -.6%,,,,,
Ch_1YT,56,,,,,,,,,,,Apr.06: .4%,,,,,
Ch_1YT,57,,,,,,,,,,,Apr.08: 2.6%,,,,,
Ch_1YT,58,,,,,,,,,,,Apr.02: -2.1%,,,,,
Ch_1YT,59,,,,,,,,,,,Apr.02: -.3%,,,,,
Ch_1YT,60,,,,,,,,,,,Mar.27: .4%,,,,,
Ch_1YT,61,,,,,,,,,,,Apr.02: 1.6%,,,,,
Ch_1YT,62,,,,,,,,,,,Apr.08: -.8%,,,,,
Ch_1YT,63,,,,,,,,,,,Apr.06: 3.0%,,,,,
Ch_1YT,64,,,,,,,,,,,Apr.08: .1%,,,,,
Ch_1YT,65,,,,,,,,,,,Apr.06: .0%,,,,,
Ch_1YT,66,,,,,,,,,,,Apr.08: .3%,,,,,
Ch_1YT,67,,,,,,,,,,,Mar.20: 3.6%,,,,,
Ch_1YT,68,,,,,,,,,,,Apr.02: -.5%,,,,,
Ch_1YT,69,,,,,,,,,,,Apr.02: -.2%,,,,,
Ch_1YT,70,,,,,,,,,,,Apr.08: -.2%,,,,,
Ch_1YT,71,,,,,,,,,,,Apr.08: .6%,,,,,
Ch_1YT,72,,,,,,,,,,,Apr.02: -10.0%,,,,,
Ch_1YT,73,,,,,,,,,,,Apr.08: 2.6%,,,,,
Ch_1YT,74,,,,,,,,,,,Apr.02: -2.1%,,,,,
Ch_1YT,75,,,,,,,,,,,Apr.02: -.4%,,,,,
Ch_1YT,76,,,,,,,,,,,Apr.02: -.3%,,,,,
Ch_1YT,77,,,,,,,,,,,Apr.02: .8%,,,,,
Ch_1YT,78,,,,,,,,,,,Apr.08: -1.8%,,,,,
Ch_1YT,79,,,,,,,,,,,: .0%,,,,,
Ch_1YT,80,,,,,,,,,,,Apr.06: -1.6%,,,,,
Ch_1YT,81,,,,,,,,,,,Apr.02: -.8%,,,,,
Ch_1YT,82,,,,,,,,,,,: .0%,,,,,
Ch_1YT,83,,,,,,,,,,,Apr.06: 1.9%,,,,,
Ch_1YT,84,,,,,,,,,,,Mar.27: .4%,,,,,
Ch_1YT,85,,,,,,,,,,,Apr.08: .2%,,,,,
Ch_1YT,86,,,,,,,,,,,Apr.01: .1%,,,,,
Ch_1YT,87,,,,,,,,,,,: .0%,,,,,
Ch_1YT,88,,,,,,,,,,,Apr.08: .5%,,,,,
Ch_1YT,89,,,,,,,,,,,Apr.06: -.3%,,,,,
Ch_1YT,90,,,,,,,,,,,Mar.23: .2%,,,,,
Ch_1YT,91,,,,,,,,,,,: .0%,,,,,
Ch_1YT,92,,,,,,,,,,,: .0%,,,,,
Ch_1YT,93,,,,,,,,,,,Apr.08: .3%,,,,,
Ch_1YT,94,,,,,,,,,,,Apr.06: .4%,,,,,
E,1,,,,,,,,,,,-155.30881248469998,,,,,
E,2,,,,,,,,,,,-6.244391217969355,,,,,
E,3,,,,,,,,,,,-42.08738225610953,,,,,
E,4,,,,,,,,,,,-172.4016842601379,,,,,
E,5,,,,,,,,,,,-1.1699989470241114,,,,,
E,6,,,,,,,,,,,-428.26539170761873,,,,,
E,7,,,,,,,,,,,-262.18200679165915,,,,,
E,8,,,,,,,,,,,0.0,,,,,
E,9,,,,,,,,,,,-1.7963944576399995,,,,,
E,10,,,,,,,,,,,-12.75267096,,,,,
E,11,,,,,,,,,,,0.0,,,,,
E,12,,,,,,,,,,,0.0,,,,,
E,13,,,,,,,,,,,-50075.877507000114,,,,,
E,14,,,,,,,,,,,-6.062522090588236,,,,,
E,15,,,,,,,,,,,-94.3686623728,,,,,
E,16,,,,,,,,,,,-25.9203367174,,,,,
E,17,,,,,,,,,,,0.0,,,,,
E,18,,,,,,,,,,,-24.62795765055001,,,,,
E,19,,,,,,,,,,,0.0,,,,,
E,20,,,,,,,,,,,-415.24961106429697,,,,,
E,21,,,,,,,,,,,0.0,,,,,
E,22,,,,,,,,,,,-7.565395507199995,,,,,
E,23,,,,,,,,,,,-20.979196828800003,,,,,
E,24,,,,,,,,,,,0.0,,,,,
E,25,,,,,,,,,,,0.0,,,,,
E,26,,,,,,,,,,,0.0,,,,,
E,27,,,,,,,,,,,0.0,,,,,
E,28,,,,,,,,,,,-74.87783185799998,,,,,
E,29,,,,,,,,,,,-102.78651384960003,,,,,
E,30,,,,,,,,,,,-62.335751395866666,,,,,
E,31,,,,,,,,,,,-11.984352188588225,,,,,
E,32,,,,,,,,,,,-71.8621134987111,,,,,
E,33,,,,,,,,,,,-4.180755877996799,,,,,
E,34,,,,,,,,,,,0.0,,,,,
E,35,,,,,,,,,,,-3.0204041619999917,,,,,
E,36,,,,,,,,,,,-5.600438666133332,,,,,
E,37,,,,,,,,,,,-1.4621293267800002,,,,,
E,38,,,,,,,,,,,0.0,,,,,
E,39,,,,,,,,,,,0.0,,,,,
E,40,,,,,,,,,,,-219.19232149375,,,,,
E,41,,,,,,,,,,,-11.763813452622221,,,,,
E,42,,,,,,,,,,,-53.705406093233755,,,,,
E,43,,,,,,,,,,,0.0,,,,,
E,44,,,,,,,,,,,-86.61732408951114,,,,,
E,45,,,,,,,,,,,-97.14309885613336,,,,,
E,46,,,,,,,,,,,-8.895500741999998,,,,,
E,47,,,,,,,,,,,0.0,,,,,
E,48,,,,,,,,,,,0.0,,,,,
E,49,,,,,,,,,,,-70557.25050836001,,,,,
E,50,,,,,,,,,,,-19.47456914766667,,,,,
E,51,,,,,,,,,,,0.0,,,,,
E,52,,,,,,,,,,,-11.404090775897433,,,,,
E,53,,,,,,,,,,,-1.2674944585077077,,,,,
E,54,,,,,,,,,,,-1.3627959321000005,,,,,
E,55,,,,,,,,,,,-31.296806233149997,,,,,
E,56,,,,,,,,,,,0.0,,,,,
E,57,,,,,,,,,,,-13.064383799362966,,,,,
E,58,,,,,,,,,,,0.0,,,,,
E,59,,,,,,,,,,,-9.630853284999976,,,,,
E,60,,,,,,,,,,,-8.437717299444442,,,,,
E,61,,,,,,,,,,,0.0,,,,,
E,62,,,,,,,,,,,-172.26134824483339,,,,,
E,63,,,,,,,,,,,-30.986904296250017,,,,,
E,64,,,,,,,,,,,-114.09778227764703,,,,,
E,65,,,,,,,,,,,-121.53390270226659,,,,,
E,66,,,,,,,,,,,0.0,,,,,
E,67,,,,,,,,,,,-3.493583459927273,,,,,
E,68,,,,,,,,,,,-83.46862102666665,,,,,
E,69,,,,,,,,,,,0.0,,,,,
E,70,,,,,,,,,,,0.0,,,,,
E,71,,,,,,,,,,,-84.02753826680001,,,,,
E,72,,,,,,,,,,,-3.718455001216667,,,,,
E,73,,,,,,,,,,,-8.841827769279993,,,,,
E,74,,,,,,,,,,,-400.2178417529998,,,,,
E,75,,,,,,,,,,,0.0,,,,,
E,76,,,,,,,,,,,0.0,,,,,
E,77,,,,,,,,,,,-90.30518107272727,,,,,
E,78,,,,,,,,,,,0.0,,,,,
E,79,,,,,,,,,,,-21.733693193968296,,,,,
E,80,,,,,,,,,,,-48.325525532727255,,,,,
E,81,,,,,,,,,,,-422.12528583599993,,,,,
E,82,,,,,,,,,,,-13.9805790872,,,,,
E,83,,,,,,,,,,,0.0,,,,,
E,84,,,,,,,,,,,0.0,,,,,
E,85,,,,,,,,,,,-59.176078136899996,,,,,
E,86,,,,,,,,,,,0.0,,,,,
E,87,,,,,,,,,,,-0.32231055066666836,,,,,
E,88,,,,,,,,,,,0.0,,,,,
E,89,,,,,,,,,,,-351.75476789999993,,,,,
E,90,,,,,,,,,,,-8.902491263466626,,,,,
E,91,,,,,,,,,,,-19.821402,,,,,
E,92,,,,,,,,,,,-5.353884,,,,,
E,93,,,,,,,,,,,0.0,,,,,
E,94,,,,,,,,,,,0.0,,,,,
Tot_Buys,1,,,,,,,,,,,-2822972.3041860005,,,,,
Tot_Buys,2,,,,,,,,,,,-330659.2586304468,,,,,
Tot_Buys,3,,,,,,,,,,,-625984.3745000983,,,,,
Tot_Buys,4,,,,,,,,,,,-4610870.394371999,,,,,
Tot_Buys,5,,,,,,,,,,,-2960097.335971002,,,,,
Tot_Buys,6,,,,,,,,,,,-8800009.190100001,,,,,
Tot_Buys,7,,,,,,,,,,,-655924.8328040591,,,,,
Tot_Buys,8,,,,,,,,,,,-765919.82736,,,,,
Tot_Buys,9,,,,,,,,,,,-114060.08718,,,,,
Tot_Buys,10,,,,,,,,,,,-159408.387,,,,,
Tot_Buys,11,,,,,,,,,,,-359454.919176,,,,,
Tot_Buys,12,,,,,,,,,,,-947324.5064099999,,,,,
Tot_Buys,13,,,,,,,,,,,-1092655.9181879999,,,,,
Tot_Buys,14,,,,,,,,,,,-777530.8377,,,,,
Tot_Buys,15,,,,,,,,,,,-560986.301952,,,,,
Tot_Buys,16,,,,,,,,,,,-872234.5207392,,,,,
Tot_Buys,17,,,,,,,,,,,-922356.45783,,,,,
Tot_Buys,18,,,,,,,,,,,-362301.78884219995,,,,,
Tot_Buys,19,,,,,,,,,,,-4189873.4208,,,,,
Tot_Buys,20,,,,,,,,,,,-624213.276915951,,,,,
Tot_Buys,21,,,,,,,,,,,-258479.54402399997,,,,,
Tot_Buys,22,,,,,,,,,,,-979493.7114432,,,,,
Tot_Buys,23,,,,,,,,,,,-813296.8802592,,,,,
Tot_Buys,24,,,,,,,,,,,-2111051.4801479997,,,,,
Tot_Buys,25,,,,,,,,,,,-1322475.228846,,,,,
Tot_Buys,26,,,,,,,,,,,-112339.94280264001,,,,,
Tot_Buys,27,,,,,,,,,,,-119882.48616,,,,,
Tot_Buys,28,,,,,,,,,,,-1368303.3329219997,,,,,
Tot_Buys,29,,,,,,,,,,,-4231724.15052,,,,,
Tot_Buys,30,,,,,,,,,,,-1801688.3037612,,,,,
Tot_Buys,31,,,,,,,,,,,-3011519.3351940005,,,,,
Tot_Buys,32,,,,,,,,,,,-7482234.450833998,,,,,
Tot_Buys,33,,,,,,,,,,,-313556.69084975997,,,,,
Tot_Buys,34,,,,,,,,,,,-462036.7803599999,,,,,
Tot_Buys,35,,,,,,,,,,,-346908.302568,,,,,
Tot_Buys,36,,,,,,,,,,,-369601.2311759999,,,,,
Tot_Buys,37,,,,,,,,,,,-28704.561319799996,,,,,
Tot_Buys,38,,,,,,,,,,,-669899.7325259999,,,,,
Tot_Buys,39,,,,,,,,,,,-2839186.902816,,,,,
Tot_Buys,40,,,,,,,,,,,-2387061.46512,,,,,
Tot_Buys,41,,,,,,,,,,,-652880.146356,,,,,
Tot_Buys,42,,,,,,,,,,,-961944.690312,,,,,
Tot_Buys,43,,,,,,,,,,,-492264.31814999995,,,,,
Tot_Buys,44,,,,,,,,,,,-1518825.2831027997,,,,,
Tot_Buys,45,,,,,,,,,,,-578225.5021377001,,,,,
Tot_Buys,46,,,,,,,,,,,-67460.4423,,,,,
Tot_Buys,47,,,,,,,,,,,-570634.7027399999,,,,,
Tot_Buys,48,,,,,,,,,,,-4269908.863313999,,,,,
Tot_Buys,49,,,,,,,,,,,-354112.2542699999,,,,,
Tot_Buys,50,,,,,,,,,,,-187354.513503,,,,,
Tot_Buys,51,,,,,,,,,,,-679475.7556200001,,,,,
Tot_Buys,52,,,,,,,,,,,-274046.001858,,,,,
Tot_Buys,53,,,,,,,,,,,-640084.7015463924,,,,,
Tot_Buys,54,,,,,,,,,,,-129595.158621,,,,,
Tot_Buys,55,,,,,,,,,,,-974386.6354799998,,,,,
Tot_Buys,56,,,,,,,,,,,-735373.0116,,,,,
Tot_Buys,57,,,,,,,,,,,-763196.9662799999,,,,,
Tot_Buys,58,,,,,,,,,,,0.0,,,,,
Tot_Buys,59,,,,,,,,,,,-1440560.94552,,,,,
Tot_Buys,60,,,,,,,,,,,-696125.2821300001,,,,,
Tot_Buys,61,,,,,,,,,,,-1917810.8775000002,,,,,
Tot_Buys,62,,,,,,,,,,,-1636150.7332098,,,,,
Tot_Buys,63,,,,,,,,,,,-91981.9644219,,,,,
Tot_Buys,64,,,,,,,,,,,-847257.416676,,,,,
Tot_Buys,65,,,,,,,,,,,-2139391.8530334,,,,,
Tot_Buys,66,,,,,,,,,,,-1767424.9781339997,,,,,
Tot_Buys,67,,,,,,,,,,,-618847.751592,,,,,
Tot_Buys,68,,,,,,,,,,,-702604.1334599999,,,,,
Tot_Buys,69,,,,,,,,,,,-1042090.5591899998,,,,,
Tot_Buys,70,,,,,,,,,,,-627948.4319999999,,,,,
Tot_Buys,71,,,,,,,,,,,-780026.0243616,,,,,
Tot_Buys,72,,,,,,,,,,,-689782.33323,,,,,
Tot_Buys,73,,,,,,,,,,,-956131.6596263999,,,,,
Tot_Buys,74,,,,,,,,,,,-395617.9281714,,,,,
Tot_Buys,75,,,,,,,,,,,-645904.9979999999,,,,,
Tot_Buys,76,,,,,,,,,,,-489498.8164919999,,,,,
Tot_Buys,77,,,,,,,,,,,-824739.1610399998,,,,,
Tot_Buys,78,,,,,,,,,,,-522898.400214,,,,,
Tot_Buys,79,,,,,,,,,,,-337263.45098399994,,,,,
Tot_Buys,80,,,,,,,,,,,-635995.580328,,,,,
Tot_Buys,81,,,,,,,,,,,-1523594.3936345999,,,,,
Tot_Buys,82,,,,,,,,,,,-200866.61887199996,,,,,
Tot_Buys,83,,,,,,,,,,,-573443.91284526,,,,,
Tot_Buys,84,,,,,,,,,,,-258836.02847999998,,,,,
Tot_Buys,85,,,,,,,,,,,-577404.1837476001,,,,,
Tot_Buys,86,,,,,,,,,,,-238482.99782999998,,,,,
Tot_Buys,87,,,,,,,,,,,-253336.968,,,,,
Tot_Buys,88,,,,,,,,,,,-331967.90827799996,,,,,
Tot_Buys,89,,,,,,,,,,,-760788.8213399999,,,,,
Tot_Buys,90,,,,,,,,,,,-1260452.0788452001,,,,,
Tot_Buys,91,,,,,,,,,,,-99107.01,,,,,
Tot_Buys,92,,,,,,,,,,,-412784.45639999997,,,,,
Tot_Buys,93,,,,,,,,,,,-362810.86199999996,,,,,
Tot_Buys,94,,,,,,,,,,,-952748.2606014002,,,,,
CurV_Pur,1,,,,,,,,,,,4074209.4744,,,,,
CurV_Pur,2,,,,,,,,,,,758836.0573199998,,,,,
CurV_Pur,3,,,,,,,,,,,1100102.85,,,,,
CurV_Pur,4,,,,,,,,,,,6020417.493,,,,,
CurV_Pur,5,,,,,,,,,,,1242923.22,,,,,
CurV_Pur,6,,,,,,,,,,,13741916.328000007,,,,,
CurV_Pur,7,,,,,,,,,,,921606.8639400001,,,,,
CurV_Pur,8,,,,,,,,,,,2445007.5341999996,,,,,
CurV_Pur,9,,,,,,,,,,,134963.59536,,,,,
CurV_Pur,10,,,,,,,,,,,27571.500000000004,,,,,
CurV_Pur,11,,,,,,,,,,,701426.9807999999,,,,,
CurV_Pur,12,,,,,,,,,,,1583504.73558,,,,,
CurV_Pur,13,,,,,,,,,,,1343423.844,,,,,
CurV_Pur,14,,,,,,,,,,,284989.05,,,,,
CurV_Pur,15,,,,,,,,,,,504299.7791999999,,,,,
CurV_Pur,16,,,,,,,,,,,446284.8315,,,,,
CurV_Pur,17,,,,,,,,,,,1138703.15052,,,,,
CurV_Pur,18,,,,,,,,,,,222968.214,,,,,
CurV_Pur,19,,,,,,,,,,,8441568.6615,,,,,
CurV_Pur,20,,,,,,,,,,,560859.2324280001,,,,,
CurV_Pur,21,,,,,,,,,,,460717.6094099999,,,,,
CurV_Pur,22,,,,,,,,,,,1338787.8216,,,,,
CurV_Pur,23,,,,,,,,,,,541275.86772,,,,,
CurV_Pur,24,,,,,,,,,,,4119242.2560000005,,,,,
CurV_Pur,25,,,,,,,,,,,1685257.3062,,,,,
CurV_Pur,26,,,,,,,,,,,98535.528,,,,,
CurV_Pur,27,,,,,,,,,,,202620.44699999996,,,,,
CurV_Pur,28,,,,,,,,,,,863743.9103999999,,,,,
CurV_Pur,29,,,,,,,,,,,6579363.283379998,,,,,
CurV_Pur,30,,,,,,,,,,,2299844.007792,,,,,
CurV_Pur,31,,,,,,,,,,,7874420.400000001,,,,,
CurV_Pur,32,,,,,,,,,,,10440254.268,,,,,
CurV_Pur,33,,,,,,,,,,,16542.899999999998,,,,,
CurV_Pur,34,,,,,,,,,,,1026321.5159999998,,,,,
CurV_Pur,35,,,,,,,,,,,253104.36480000004,,,,,
CurV_Pur,36,,,,,,,,,,,380988.0,,,,,
CurV_Pur,37,,,,,,,,,,,17931.25035,,,,,
CurV_Pur,38,,,,,,,,,,,948238.516674,,,,,
CurV_Pur,39,,,,,,,,,,,5072260.557887999,,,,,
CurV_Pur,40,,,,,,,,,,,1632057.8462999999,,,,,
CurV_Pur,41,,,,,,,,,,,874822.3596719998,,,,,
CurV_Pur,42,,,,,,,,,,,208791.44999999995,,,,,
CurV_Pur,43,,,,,,,,,,,696065.251455,,,,,
CurV_Pur,44,,,,,,,,,,,3591016.4304,,,,,
CurV_Pur,45,,,,,,,,,,,340182.17999999993,,,,,
CurV_Pur,46,,,,,,,,,,,77398.16337,,,,,
CurV_Pur,47,,,,,,,,,,,923505.8886,,,,,
CurV_Pur,48,,,,,,,,,,,5295493.5786,,,,,
CurV_Pur,49,,,,,,,,,,,341134.64999999997,,,,,
CurV_Pur,50,,,,,,,,,,,0.0,,,,,
CurV_Pur,51,,,,,,,,,,,946648.50336,,,,,
CurV_Pur,52,,,,,,,,,,,152296.94520000002,,,,,
CurV_Pur,53,,,,,,,,,,,248093.36999999997,,,,,
CurV_Pur,54,,,,,,,,,,,66497.445,,,,,
CurV_Pur,55,,,,,,,,,,,467665.77780000004,,,,,
CurV_Pur,56,,,,,,,,,,,1311851.97,,,,,
CurV_Pur,57,,,,,,,,,,,1322649.972,,,,,
CurV_Pur,58,,,,,,,,,,,0.0,,,,,
CurV_Pur,59,,,,,,,,,,,3375319.171859999,,,,,
CurV_Pur,60,,,,,,,,,,,1152558.8820000002,,,,,
CurV_Pur,61,,,,,,,,,,,3308098.752,,,,,
CurV_Pur,62,,,,,,,,,,,1143937.0233,,,,,
CurV_Pur,63,,,,,,,,,,,79688.65319999999,,,,,
CurV_Pur,64,,,,,,,,,,,1146524.33286,,,,,
CurV_Pur,65,,,,,,,,,,,2761895.807100001,,,,,
CurV_Pur,66,,,,,,,,,,,2736003.1607999997,,,,,
CurV_Pur,67,,,,,,,,,,,315387.88200000004,,,,,
CurV_Pur,68,,,,,,,,,,,653388.4043999999,,,,,
CurV_Pur,69,,,,,,,,,,,1845177.87141,,,,,
CurV_Pur,70,,,,,,,,,,,1457279.1,,,,,
CurV_Pur,71,,,,,,,,,,,498657.868272,,,,,
CurV_Pur,72,,,,,,,,,,,126834.9156,,,,,
CurV_Pur,73,,,,,,,,,,,1616572.1879999998,,,,,
CurV_Pur,74,,,,,,,,,,,299360.3184,,,,,
CurV_Pur,75,,,,,,,,,,,687502.872,,,,,
CurV_Pur,76,,,,,,,,,,,1520279.5764600001,,,,,
CurV_Pur,77,,,,,,,,,,,1159154.08506,,,,,
CurV_Pur,78,,,,,,,,,,,1087353.38736,,,,,
CurV_Pur,79,,,,,,,,,,,280.0502424,,,,,
CurV_Pur,80,,,,,,,,,,,818181.756,,,,,
CurV_Pur,81,,,,,,,,,,,1732973.94774,,,,,
CurV_Pur,82,,,,,,,,,,,117164.83859999999,,,,,
CurV_Pur,83,,,,,,,,,,,869431.3594199999,,,,,
CurV_Pur,84,,,,,,,,,,,434927.87999999995,,,,,
CurV_Pur,85,,,,,,,,,,,562665.93768,,,,,
CurV_Pur,86,,,,,,,,,,,280940.0499,,,,,
CurV_Pur,87,,,,,,,,,,,426856.95,,,,,
CurV_Pur,88,,,,,,,,,,,429985.76381999993,,,,,
CurV_Pur,89,,,,,,,,,,,534506.112,,,,,
CurV_Pur,90,,,,,,,,,,,2074033.503,,,,,
CurV_Pur,91,,,,,,,,,,,92053.719,,,,,
CurV_Pur,92,,,,,,,,,,,774396.00828,,,,,
CurV_Pur,93,,,,,,,,,,,619005.24,,,,,
CurV_Pur,94,,,,,,,,,,,1749135.9600000004,,,,,
AddB,1,,,,,,,,,,,-2284275.3241859996,,,,,
AddB,2,,,,,,,,,,,-241900.0792200468,,,,,
AddB,3,,,,,,,,,,,-463797.4751018982,,,,,
AddB,4,,,,,,,,,,,-3547713.3543720003,,,,,
AddB,5,,,,,,,,,,,-93961.06774650002,,,,,
AddB,6,,,,,,,,,,,-8350794.2601,,,,,
AddB,7,,,,,,,,,,,-635036.9142519792,,,,,
AddB,8,,,,,,,,,,,-494666.3973599999,,,,,
AddB,9,,,,,,,,,,,-87090.14718,,,,,
AddB,10,,,,,,,,,,,5.013000000006286,,,,,
AddB,11,,,,,,,,,,,-354535.160976,,,,,
AddB,12,,,,,,,,,,,-747957.4964099999,,,,,
AddB,13,,,,,,,,,,,-875472.7061879998,,,,,
AddB,14,,,,,,,,,,,-362058.41069999995,,,,,
AddB,15,,,,,,,,,,,-501080.961978,,,,,
AddB,16,,,,,,,,,,,-871983.8707391999,,,,,
AddB,17,,,,,,,,,,,-841947.93783,,,,,
AddB,18,,,,,,,,,,,-274007.63937419996,,,,,
AddB,19,,,,,,,,,,,-1128735.1008000001,,,,,
AddB,20,,,,,,,,,,,-526840.764915951,,,,,
AddB,21,,,,,,,,,,,-220982.30402399998,,,,,
AddB,22,,,,,,,,,,,-845225.5194432,,,,,
AddB,23,,,,,,,,,,,-797556.0602592,,,,,
AddB,24,,,,,,,,,,,-1324010.4801479997,,,,,
AddB,25,,,,,,,,,,,-1144313.2088459998,,,,,
AddB,26,,,,,,,,,,,-71811.43193664,,,,,
AddB,27,,,,,,,,,,,-64987.028099999996,,,,,
AddB,28,,,,,,,,,,,-1343207.18214,,,,,
AddB,29,,,,,,,,,,,-3174181.6705199997,,,,,
AddB,30,,,,,,,,,,,-1496995.2963252,,,,,
AddB,31,,,,,,,,,,,-2724202.849553999,,,,,
AddB,32,,,,,,,,,,,-5905545.690834,,,,,
AddB,33,,,,,,,,,,,-61433.05934375999,,,,,
AddB,34,,,,,,,,,,,-374930.89236,,,,,
AddB,35,,,,,,,,,,,-255531.338568,,,,,
AddB,36,,,,,,,,,,,-73147.94144999998,,,,,
AddB,37,,,,,,,,,,,-19179.009109799998,,,,,
AddB,38,,,,,,,,,,,-569951.0097480001,,,,,
AddB,39,,,,,,,,,,,-1822488.3015120002,,,,,
AddB,40,,,,,,,,,,,-2247125.52519,,,,,
AddB,41,,,,,,,,,,,-512344.2405599999,,,,,
AddB,42,,,,,,,,,,,-84461.63076000009,,,,,
AddB,43,,,,,,,,,,,-405766.00574999995,,,,,
AddB,44,,,,,,,,,,,-1318305.2831028,,,,,
AddB,45,,,,,,,,,,,-393352.07773769984,,,,,
AddB,46,,,,,,,,,,,0.0,,,,,
AddB,47,,,,,,,,,,,-378837.32274,,,,,
AddB,48,,,,,,,,,,,-3140944.878959999,,,,,
AddB,49,,,,,,,,,,,-202274.54999999996,,,,,
AddB,50,,,,,,,,,,,-150250.362885,,,,,
AddB,51,,,,,,,,,,,-659522.01042,,,,,
AddB,52,,,,,,,,,,,-218535.81965999995,,,,,
AddB,53,,,,,,,,,,,-176696.74724439246,,,,,
AddB,54,,,,,,,,,,,-86182.578621,,,,,
AddB,55,,,,,,,,,,,-886157.8354799999,,,,,
AddB,56,,,,,,,,,,,-513591.876,,,,,
AddB,57,,,,,,,,,,,-606865.55868,,,,,
AddB,58,,,,,,,,,,,0.0,,,,,
AddB,59,,,,,,,,,,,-1196761.7113199998,,,,,
AddB,60,,,,,,,,,,,-617226.67773,,,,,
AddB,61,,,,,,,,,,,-1558077.9975,,,,,
AddB,62,,,,,,,,,,,-1491214.8772098,,,,,
AddB,63,,,,,,,,,,,-88429.33002600001,,,,,
AddB,64,,,,,,,,,,,-812744.3153160001,,,,,
AddB,65,,,,,,,,,,,-1824294.7250334,,,,,
AddB,66,,,,,,,,,,,-1667479.3934939997,,,,,
AddB,67,,,,,,,,,,,-576569.6134919999,,,,,
AddB,68,,,,,,,,,,,-515008.95083999995,,,,,
AddB,69,,,,,,,,,,,-888343.8543899999,,,,,
AddB,70,,,,,,,,,,,-295085.23199999996,,,,,
AddB,71,,,,,,,,,,,-716686.7693615999,,,,,
AddB,72,,,,,,,,,,,-478033.21323,,,,,
AddB,73,,,,,,,,,,,-856008.0132263999,,,,,
AddB,74,,,,,,,,,,,-344184.5481714,,,,,
AddB,75,,,,,,,,,,,-483604.1099999999,,,,,
AddB,76,,,,,,,,,,,-391093.626492,,,,,
AddB,77,,,,,,,,,,,-719989.5182399999,,,,,
AddB,78,,,,,,,,,,,-411412.28801400005,,,,,
AddB,79,,,,,,,,,,,-84588.96095999997,,,,,
AddB,80,,,,,,,,,,,-541944.6821280001,,,,,
AddB,81,,,,,,,,,,,-1406761.8166746,,,,,
AddB,82,,,,,,,,,,,-46285.750872000004,,,,,
AddB,83,,,,,,,,,,,-556229.27084526,,,,,
AddB,84,,,,,,,,,,,-162026.97767999998,,,,,
AddB,85,,,,,,,,,,,-498582.77954759996,,,,,
AddB,86,,,,,,,,,,,-184366.66022999998,,,,,
AddB,87,,,,,,,,,,,-233194.734,,,,,
AddB,88,,,,,,,,,,,-249918.13207800002,,,,,
AddB,89,,,,,,,,,,,-642180.7400400001,,,,,
AddB,90,,,,,,,,,,,-1168072.5148451999,,,,,
AddB,91,,,,,,,,,,,-64642.634999999995,,,,,
AddB,92,,,,,,,,,,,0.0,,,,,
AddB,93,,,,,,,,,,,0.0,,,,,
AddB,94,,,,,,,,,,,-500575.66060139996,,,,,
Sold,1,,,,,,,,,,,1269884.179339,,,,,
Sold,2,,,,,,,,,,,299437.3025406,,,,,
Sold,3,,,,,,,,,,,280867.84,,,,,
Sold,4,,,,,,,,,,,2111045.9725999995,,,,,
Sold,5,,,,,,,,,,,0.0,,,,,
Sold,6,,,,,,,,,,,7900651.867513999,,,,,
Sold,7,,,,,,,,,,,393742.8260124,,,,,
Sold,8,,,,,,,,,,,914743.7464719998,,,,,
Sold,9,,,,,,,,,,,69150.22573899999,,,,,
Sold,10,,,,,,,,,,,0.0,,,,,
Sold,11,,,,,,,,,,,398959.43846379995,,,,,
Sold,12,,,,,,,,,,,1039885.94858,,,,,
Sold,13,,,,,,,,,,,1042580.040681,,,,,
Sold,14,,,,,,,,,,,262216.45999999996,,,,,
Sold,15,,,,,,,,,,,466617.63957919995,,,,,
Sold,16,,,,,,,,,,,664871.8269999999,,,,,
Sold,17,,,,,,,,,,,937559.0201271999,,,,,
Sold,18,,,,,,,,,,,263789.95824,,,,,
Sold,19,,,,,,,,,,,5207441.8571,,,,,
Sold,20,,,,,,,,,,,100438.18000000001,,,,,
Sold,21,,,,,,,,,,,271502.064494,,,,,
Sold,22,,,,,,,,,,,888708.9653568,,,,,
Sold,23,,,,,,,,,,,624484.1088,,,,,
Sold,24,,,,,,,,,,,2729067.684531541,,,,,
Sold,25,,,,,,,,,,,1363616.9239180002,,,,,
Sold,26,,,,,,,,,,,95769.98055784,,,,,
Sold,27,,,,,,,,,,,133913.4175,,,,,
Sold,28,,,,,,,,,,,694402.8461999999,,,,,
Sold,29,,,,,,,,,,,3203859.0120240003,,,,,
Sold,30,,,,,,,,,,,1614681.0495736,,,,,
Sold,31,,,,,,,,,,,2807785.347988,,,,,
Sold,32,,,,,,,,,,,4248439.343392,,,,,
Sold,33,,,,,,,,,,,0.0,,,,,
Sold,34,,,,,,,,,,,515408.59440999996,,,,,
Sold,35,,,,,,,,,,,340867.494244,,,,,
Sold,36,,,,,,,,,,,117581.49119999999,,,,,
Sold,37,,,,,,,,,,,14083.268052,,,,,
Sold,38,,,,,,,,,,,682598.91642,,,,,
Sold,39,,,,,,,,,,,2864261.2204475007,,,,,
Sold,40,,,,,,,,,,,1510292.179145,,,,,
Sold,41,,,,,,,,,,,388194.34367200005,,,,,
Sold,42,,,,,,,,,,,102658.19282026001,,,,,
Sold,43,,,,,,,,,,,573115.475404,,,,,
Sold,44,,,,,,,,,,,1129047.3246999998,,,,,
Sold,45,,,,,,,,,,,286796.2055693,,,,,
Sold,46,,,,,,,,,,,22982.93859,,,,,
Sold,47,,,,,,,,,,,616100.233698,,,,,
Sold,48,,,,,,,,,,,4361009.278603998,,,,,
Sold,49,,,,,,,,,,,283555.00376164,,,,,
Sold,50,,,,,,,,,,,128930.80605999999,,,,,
Sold,51,,,,,,,,,,,699336.0663920001,,,,,
Sold,52,,,,,,,,,,,140618.13978,,,,,
Sold,53,,,,,,,,,,,0.0,,,,,
Sold,54,,,,,,,,,,,115967.19929999998,,,,,
Sold,55,,,,,,,,,,,473637.7357496,,,,,
Sold,56,,,,,,,,,,,749472.1776989999,,,,,
Sold,57,,,,,,,,,,,410458.6036972,,,,,
Sold,58,,,,,,,,,,,0.0,,,,,
Sold,59,,,,,,,,,,,1421299.2389499997,,,,,
Sold,60,,,,,,,,,,,544246.37074,,,,,
Sold,61,,,,,,,,,,,1945281.7231359999,,,,,
Sold,62,,,,,,,,,,,1429437.115316,,,,,
Sold,63,,,,,,,,,,,74629.298016,,,,,
Sold,64,,,,,,,,,,,750274.3017399999,,,,,
Sold,65,,,,,,,,,,,1957090.9989800001,,,,,
Sold,66,,,,,,,,,,,1957055.5394152,,,,,
Sold,67,,,,,,,,,,,234553.571,,,,,
Sold,68,,,,,,,,,,,602441.7882279999,,,,,
Sold,69,,,,,,,,,,,1098865.736389,,,,,
Sold,70,,,,,,,,,,,801745.0290000001,,,,,
Sold,71,,,,,,,,,,,611970.947828,,,,,
Sold,72,,,,,,,,,,,243567.733084,,,,,
Sold,73,,,,,,,,,,,911922.5207799999,,,,,
Sold,74,,,,,,,,,,,315574.35982079996,,,,,
Sold,75,,,,,,,,,,,629967.8139999999,,,,,
Sold,76,,,,,,,,,,,530320.0735,,,,,
Sold,77,,,,,,,,,,,775071.31145,,,,,
Sold,78,,,,,,,,,,,565984.7326646,,,,,
Sold,79,,,,,,,,,,,0.0,,,,,
Sold,80,,,,,,,,,,,582837.502242,,,,,
Sold,81,,,,,,,,,,,1375850.5435920001,,,,,
Sold,82,,,,,,,,,,,61060.827999999994,,,,,
Sold,83,,,,,,,,,,,583997.2679906001,,,,,
Sold,84,,,,,,,,,,,263443.26199999993,,,,,
Sold,85,,,,,,,,,,,340699.87119999994,,,,,
Sold,86,,,,,,,,,,,285485.9735528,,,,,
Sold,87,,,,,,,,,,,248502.30973999997,,,,,
Sold,88,,,,,,,,,,,340024.13269999996,,,,,
Sold,89,,,,,,,,,,,549735.9606,,,,,
Sold,90,,,,,,,,,,,1247098.3419499998,,,,,
Sold,91,,,,,,,,,,,0.0,,,,,
Sold,92,,,,,,,,,,,0.0,,,,,
Sold,93,,,,,,,,,,,439873.348,,,,,
Sold,94,,,,,,,,,,,1085411.134544,,,,,
CurV_Sale,1,,,,,,,,,,,1454951.2655999998,,,,,
CurV_Sale,2,,,,,,,,,,,619952.1226799999,,,,,
CurV_Sale,3,,,,,,,,,,,419656.05,,,,,
CurV_Sale,4,,,,,,,,,,,2610076.1119999993,,,,,
CurV_Sale,5,,,,,,,,,,,0.0,,,,,
CurV_Sale,6,,,,,,,,,,,11084305.679999987,,,,,
CurV_Sale,7,,,,,,,,,,,562839.7020599999,,,,,
CurV_Sale,8,,,,,,,,,,,2432326.4658,,,,,
CurV_Sale,9,,,,,,,,,,,68435.20464000001,,,,,
CurV_Sale,10,,,,,,,,,,,0.0,,,,,
CurV_Sale,11,,,,,,,,,,,697664.414018,,,,,
CurV_Sale,12,,,,,,,,,,,1533814.9854199996,,,,,
CurV_Sale,13,,,,,,,,,,,1336377.5409319997,,,,,
CurV_Sale,14,,,,,,,,,,,122854.745,,,,,
CurV_Sale,15,,,,,,,,,,,402143.7008,,,,,
CurV_Sale,16,,,,,,,,,,,308922.20849999995,,,,,
CurV_Sale,17,,,,,,,,,,,1087725.74088,,,,,
CurV_Sale,18,,,,,,,,,,,172520.27799999996,,,,,
CurV_Sale,19,,,,,,,,,,,8200051.788500003,,,,,
CurV_Sale,20,,,,,,,,,,,76360.944,,,,,
CurV_Sale,21,,,,,,,,,,,458251.57504900004,,,,,
CurV_Sale,22,,,,,,,,,,,1034778.5623999999,,,,,
CurV_Sale,23,,,,,,,,,,,373631.22648,,,,,
CurV_Sale,24,,,,,,,,,,,3517989.3839999996,,,,,
CurV_Sale,25,,,,,,,,,,,1606369.5517999998,,,,,
CurV_Sale,26,,,,,,,,,,,98024.472,,,,,
CurV_Sale,27,,,,,,,,,,,201494.89760999999,,,,,
CurV_Sale,28,,,,,,,,,,,398944.0416,,,,,
CurV_Sale,29,,,,,,,,,,,2824239.13662,,,,,
CurV_Sale,30,,,,,,,,,,,2005212.7762079996,,,,,
CurV_Sale,31,,,,,,,,,,,5815839.399999999,,,,,
CurV_Sale,32,,,,,,,,,,,5804000.262000001,,,,,
CurV_Sale,33,,,,,,,,,,,0.0,,,,,
CurV_Sale,34,,,,,,,,,,,964276.346,,,,,
CurV_Sale,35,,,,,,,,,,,238945.12319999994,,,,,
CurV_Sale,36,,,,,,,,,,,106123.35999999999,,,,,
CurV_Sale,37,,,,,,,,,,,9734.37465,,,,,
CurV_Sale,38,,,,,,,,,,,830726.9695259999,,,,,
CurV_Sale,39,,,,,,,,,,,5045365.534032,,,,,
CurV_Sale,40,,,,,,,,,,,1067043.9537000002,,,,,
CurV_Sale,41,,,,,,,,,,,405521.615328,,,,,
CurV_Sale,42,,,,,,,,,,,74775.078,,,,,
CurV_Sale,43,,,,,,,,,,,689008.3334949999,,,,,
CurV_Sale,44,,,,,,,,,,,1932007.6855999995,,,,,
CurV_Sale,45,,,,,,,,,,,221722.02000000002,,,,,
CurV_Sale,46,,,,,,,,,,,23785.44663,,,,,
CurV_Sale,47,,,,,,,,,,,850262.75408,,,,,
CurV_Sale,48,,,,,,,,,,,5126397.6214,,,,,
CurV_Sale,49,,,,,,,,,,,339351.77538599994,,,,,
CurV_Sale,50,,,,,,,,,,,0.0,,,,,
CurV_Sale,51,,,,,,,,,,,941584.0597439999,,,,,
CurV_Sale,52,,,,,,,,,,,83590.0992,,,,,
CurV_Sale,53,,,,,,,,,,,0.0,,,,,
CurV_Sale,54,,,,,,,,,,,47251.825,,,,,
CurV_Sale,55,,,,,,,,,,,195144.30219999998,,,,,
CurV_Sale,56,,,,,,,,,,,1304850.29545,,,,,
CurV_Sale,57,,,,,,,,,,,657895.0140000001,,,,,
CurV_Sale,58,,,,,,,,,,,0.0,,,,,
CurV_Sale,59,,,,,,,,,,,3216401.656140001,,,,,
CurV_Sale,60,,,,,,,,,,,822077.028,,,,,
CurV_Sale,61,,,,,,,,,,,3290882.4811919993,,,,,
CurV_Sale,62,,,,,,,,,,,971039.2167,,,,,
CurV_Sale,63,,,,,,,,,,,57492.1308,,,,,
CurV_Sale,64,,,,,,,,,,,919737.0500399999,,,,,
CurV_Sale,65,,,,,,,,,,,2398007.4278999995,,,,,
CurV_Sale,66,,,,,,,,,,,2721812.8392,,,,,
CurV_Sale,67,,,,,,,,,,,105844.088,,,,,
CurV_Sale,68,,,,,,,,,,,530550.9715999999,,,,,
CurV_Sale,69,,,,,,,,,,,1835607.82859,,,,,
CurV_Sale,70,,,,,,,,,,,1449720.9000000001,,,,,
CurV_Sale,71,,,,,,,,,,,393778.227728,,,,,
CurV_Sale,72,,,,,,,,,,,55752.665199999996,,,,,
CurV_Sale,73,,,,,,,,,,,1486355.4019999995,,,,,
CurV_Sale,74,,,,,,,,,,,221446.73760000002,,,,,
CurV_Sale,75,,,,,,,,,,,683937.128,,,,,
CurV_Sale,76,,,,,,,,,,,1512394.6235399998,,,,,
CurV_Sale,77,,,,,,,,,,,1039481.1537899999,,,,,
CurV_Sale,78,,,,,,,,,,,1081713.81264,,,,,
CurV_Sale,79,,,,,,,,,,,0.0,,,,,
CurV_Sale,80,,,,,,,,,,,769833.2159999999,,,,,
CurV_Sale,81,,,,,,,,,,,1548068.9285600001,,,,,
CurV_Sale,82,,,,,,,,,,,31478.9414,,,,,
CurV_Sale,83,,,,,,,,,,,864922.04058,,,,,
CurV_Sale,84,,,,,,,,,,,432672.12,,,,,
CurV_Sale,85,,,,,,,,,,,326276.27032,,,,,
CurV_Sale,86,,,,,,,,,,,279482.95009999996,,,,,
CurV_Sale,87,,,,,,,,,,,326648.49999999994,,,,,
CurV_Sale,88,,,,,,,,,,,427755.63618000003,,,,,
CurV_Sale,89,,,,,,,,,,,494199.73120000004,,,,,
CurV_Sale,90,,,,,,,,,,,1761333.5949999997,,,,,
CurV_Sale,91,,,,,,,,,,,0.0,,,,,
CurV_Sale,92,,,,,,,,,,,0.0,,,,,
CurV_Sale,93,,,,,,,,,,,615794.76,,,,,
CurV_Sale,94,,,,,,,,,,,1502782.58,,,,,
AB,1,,,,,,,,,,,-180.9597630888462,,,,,
AB,2,,,,,,,,,,,-11.821925585643433,,,,,
AB,3,,,,,,,,,,,-0.4706649432331566,,,,,
AB,4,,,,,,,,,,,-179.4112993919066,,,,,
AB,5,,,,,,,,,,,-1.1699989470241114,,,,,
AB,6,,,,,,,,,,,-792.7936207297298,,,,,
AB,7,,,,,,,,,,,-253.25283119847845,,,,,
AB,8,,,,,,,,,,,-64.36301070252101,,,,,
AB,9,,,,,,,,,,,-2.236910907628947,,,,,
AB,10,,,,,,,,,,,-12.75267096,,,,,
AB,11,,,,,,,,,,,-64.18837842428572,,,,,
AB,12,,,,,,,,,,,-49.885440042654025,,,,,
AB,13,,,,,,,,,,,-64.27387754047058,,,,,
AB,14,,,,,,,,,,,-5.183538918,,,,,
AB,15,,,,,,,,,,,-111.30680594285714,,,,,
AB,16,,,,,,,,,,,-33.1648106744943,,,,,
AB,17,,,,,,,,,,,-122.32844268302387,,,,,
AB,18,,,,,,,,,,,-20.1278771579,,,,,
AB,19,,,,,,,,,,,-9.865489570991288,,,,,
AB,20,,,,,,,,,,,-4.271483743907695,,,,,
AB,21,,,,,,,,,,,-43.15184374357262,,,,,
AB,22,,,,,,,,,,,-18.20620281492937,,,,,
AB,23,,,,,,,,,,,-27.663159192489797,,,,,
AB,24,,,,,,,,,,,-1.9915580001396225,,,,,
AB,25,,,,,,,,,,,-55.33369158351464,,,,,
AB,26,,,,,,,,,,,-6.24110793348,,,,,
AB,27,,,,,,,,,,,-4.44009208,,,,,
AB,28,,,,,,,,,,,-81.44662695964284,,,,,
AB,29,,,,,,,,,,,-240.5755628493462,,,,,
AB,30,,,,,,,,,,,-74.20768169039911,,,,,
AB,31,,,,,,,,,,,-45.629080836272735,,,,,
AB,32,,,,,,,,,,,-73.3552397140588,,,,,
AB,33,,,,,,,,,,,-4.180755877996799,,,,,
AB,34,,,,,,,,,,,-25.668710019999995,,,,,
AB,35,,,,,,,,,,,-8.849701596122449,,,,,
AB,36,,,,,,,,,,,-5.913619698815999,,,,,
AB,37,,,,,,,,,,,-1.3040414919044157,,,,,
AB,38,,,,,,,,,,,-21.6103658997387,,,,,
AB,39,,,,,,,,,,,-33.06609175924718,,,,,
AB,40,,,,,,,,,,,-204.56435556774358,,,,,
AB,41,,,,,,,,,,,-15.496063475647963,,,,,
AB,42,,,,,,,,,,,-38.47778761248,,,,,
AB,43,,,,,,,,,,,-245.02952620706816,,,,,
AB,44,,,,,,,,,,,-154.98217174518365,,,,,
AB,45,,,,,,,,,,,-66.46270139513794,,,,,
AB,46,,,,,,,,,,,-9.32418,,,,,
AB,47,,,,,,,,,,,-22.377831479999994,,,,,
AB,48,,,,,,,,,,,-57.39819149243859,,,,,
AB,49,,,,,,,,,,,-14.164490170799997,,,,,
AB,50,,,,,,,,,,,-13.62578280021818,,,,,
AB,51,,,,,,,,,,,-111.57237366502464,,,,,
AB,52,,,,,,,,,,,-10.499846814482758,,,,,
AB,53,,,,,,,,,,,-1.2674944585077077,,,,,
AB,54,,,,,,,,,,,-3.702718817742857,,,,,
AB,55,,,,,,,,,,,-35.355102883889685,,,,,
AB,56,,,,,,,,,,,-11.142015327272727,,,,,
AB,57,,,,,,,,,,,-14.133277153333331,,,,,
AB,58,,,,,,,,,,,0.0,,,,,
AB,59,,,,,,,,,,,-30.333984955148452,,,,,
AB,60,,,,,,,,,,,-10.945366071226417,,,,,
AB,61,,,,,,,,,,,-34.2466228125,,,,,
AB,62,,,,,,,,,,,-200.04288216283163,,,,,
AB,63,,,,,,,,,,,-45.13344672320903,,,,,
AB,64,,,,,,,,,,,-192.99713363917996,,,,,
AB,65,,,,,,,,,,,-181.45817243709925,,,,,
AB,66,,,,,,,,,,,-799.7398091104071,,,,,
AB,67,,,,,,,,,,,-3.727998503566265,,,,,
AB,68,,,,,,,,,,,-107.596345093415,,,,,
AB,69,,,,,,,,,,,-43.43853935764901,,,,,
AB,70,,,,,,,,,,,-1.6745291519999999,,,,,
AB,71,,,,,,,,,,,-80.42334512440458,,,,,
AB,72,,,,,,,,,,,-3.208289922,,,,,
AB,73,,,,,,,,,,,-14.486843327672725,,,,,
AB,74,,,,,,,,,,,-5.072024720146153,,,,,
AB,75,,,,,,,,,,,-11.53401782142857,,,,,
AB,76,,,,,,,,,,,-22.884470149228605,,,,,
AB,77,,,,,,,,,,,-147.80271703225802,,,,,
AB,78,,,,,,,,,,,-435.748666845,,,,,
AB,79,,,,,,,,,,,-21.73369319396829,,,,,
AB,80,,,,,,,,,,,-31.32983154325123,,,,,
AB,81,,,,,,,,,,,-444.19661621999995,,,,,
AB,82,,,,,,,,,,,-14.661796997956202,,,,,
AB,83,,,,,,,,,,,-102.58388422992128,,,,,
AB,84,,,,,,,,,,,-10.784834519999999,,,,,
AB,85,,,,,,,,,,,-60.208986834994796,,,,,
AB,86,,,,,,,,,,,-23.153689109708736,,,,,
AB,87,,,,,,,,,,,-3.8974918153846154,,,,,
AB,88,,,,,,,,,,,-33.23002084864864,,,,,
AB,89,,,,,,,,,,,-89.50456721647058,,,,,
AB,90,,,,,,,,,,,-122.97093452148295,,,,,
AB,91,,,,,,,,,,,-19.821402,,,,,
AB,92,,,,,,,,,,,-5.353884,,,,,
AB,93,,,,,,,,,,,-725.621724,,,,,
AB,94,,,,,,,,,,,-10.826684779561365,,,,,
AS,1,,,,,,,,,,,226.76503202482144,,,,,
AS,2,,,,,,,,,,,13.036016653922507,,,,,
AS,3,,,,,,,,,,,0.5507212549019609,,,,,
AS,4,,,,,,,,,,,188.4862475535714,,,,,
AS,5,,,,,,,,,,,0.0,,,,,
AS,6,,,,,,,,,,,877.8502075015555,,,,,
AS,7,,,,,,,,,,,247.63699749207547,,,,,
AS,8,,,,,,,,,,,76.86922239260502,,,,,
AS,9,,,,,,,,,,,2.6606473928049246,,,,,
AS,10,,,,,,,,,,,0.0,,,,,
AS,11,,,,,,,,,,,71.25548106158242,,,,,
AS,12,,,,,,,,,,,56.24045151865873,,,,,
AS,13,,,,,,,,,,,61.331845442731925,,,,,
AS,14,,,,,,,,,,,4.034099384615384,,,,,
AS,15,,,,,,,,,,,115.49941573742574,,,,,
AS,16,,,,,,,,,,,36.33179382513661,,,,,
AS,17,,,,,,,,,,,129.4971022275138,,,,,
AS,18,,,,,,,,,,,18.842139874285714,,,,,
AS,19,,,,,,,,,,,12.557130111164696,,,,,
AS,20,,,,,,,,,,,5.021909,,,,,
AS,21,,,,,,,,,,,45.333455417264986,,,,,
AS,22,,,,,,,,,,,21.26098003245933,,,,,
AS,23,,,,,,,,,,,30.61196611764706,,,,,
AS,24,,,,,,,,,,,2.998975477507188,,,,,
AS,25,,,,,,,,,,,59.54659056410481,,,,,
AS,26,,,,,,,,,,,5.320554475435555,,,,,
AS,27,,,,,,,,,,,4.961593831048537,,,,,
AS,28,,,,,,,,,,,89.02600592307691,,,,,
AS,29,,,,,,,,,,,422.1158118608696,,,,,
AS,30,,,,,,,,,,,75.88143472783496,,,,,
AS,31,,,,,,,,,,,57.30174179567347,,,,,
AS,32,,,,,,,,,,,74.53402356828069,,,,,
AS,33,,,,,,,,,,,0.0,,,,,
AS,34,,,,,,,,,,,30.31815261235294,,,,,
AS,35,,,,,,,,,,,9.163104683978494,,,,,
AS,36,,,,,,,,,,,6.718942354285714,,,,,
AS,37,,,,,,,,,,,1.1724332377622377,,,,,
AS,38,,,,,,,,,,,25.0045392292758,,,,,
AS,39,,,,,,,,,,,33.36200084384537,,,,,
AS,40,,,,,,,,,,,196.93469541596036,,,,,
AS,41,,,,,,,,,,,19.773550513039936,,,,,
AS,42,,,,,,,,,,,11.40646586891778,,,,,
AS,43,,,,,,,,,,,286.70108824612305,,,,,
AS,44,,,,,,,,,,,213.0277971132075,,,,,
AS,45,,,,,,,,,,,50.31512378408772,,,,,
AS,46,,,,,,,,,,,10.283194,,,,,
AS,47,,,,,,,,,,,26.105942105847458,,,,,
AS,48,,,,,,,,,,,60.24242348640021,,,,,
AS,49,,,,,,,,,,,11.342653856619865,,,,,
AS,50,,,,,,,,,,,11.993563354418603,,,,,
AS,51,,,,,,,,,,,114.85236761241585,,,,,
AS,52,,,,,,,,,,,9.765148595833333,,,,,
AS,53,,,,,,,,,,,0.0,,,,,
AS,54,,,,,,,,,,,4.638687971999999,,,,,
AS,55,,,,,,,,,,,40.97212246968858,,,,,
AS,56,,,,,,,,,,,11.357359868146688,,,,,
AS,57,,,,,,,,,,,15.202170507303704,,,,,
AS,58,,,,,,,,,,,0.0,,,,,
AS,59,,,,,,,,,,,31.24421277093866,,,,,
AS,60,,,,,,,,,,,11.935227428508773,,,,,
AS,61,,,,,,,,,,,34.73779394517759,,,,,
AS,62,,,,,,,,,,,204.81976147241727,,,,,
AS,63,,,,,,,,,,,50.493435734776725,,,,,
AS,64,,,,,,,,,,,211.94189314689262,,,,,
AS,65,,,,,,,,,,,190.1934887249757,,,,,
AS,66,,,,,,,,,,,885.5454929480543,,,,,
AS,67,,,,,,,,,,,4.188456625,,,,,
AS,68,,,,,,,,,,,113.0284780915572,,,,,
AS,69,,,,,,,,,,,45.805157831971655,,,,,
AS,70,,,,,,,,,,,2.1379867440000004,,,,,
AS,71,,,,,,,,,,,79.48706946720353,,,,,
AS,72,,,,,,,,,,,2.5638708745684213,,,,,
AS,73,,,,,,,,,,,14.949549520983606,,,,,
AS,74,,,,,,,,,,,5.440937238289655,,,,,
AS,75,,,,,,,,,,,11.249425249999998,,,,,
AS,76,,,,,,,,,,,24.79289731182796,,,,,
AS,77,,,,,,,,,,,154.08972394632207,,,,,
AS,78,,,,,,,,,,,471.6539438871667,,,,,
AS,79,,,,,,,,,,,0.0,,,,,
AS,80,,,,,,,,,,,30.3561199084375,,,,,
AS,81,,,,,,,,,,,446.7047219454546,,,,,
AS,82,,,,,,,,,,,16.502926486486484,,,,,
AS,83,,,,,,,,,,,104.47178318257605,,,,,
AS,84,,,,,,,,,,,10.976802583333331,,,,,
AS,85,,,,,,,,,,,60.94809860465115,,,,,
AS,86,,,,,,,,,,,27.71708481095146,,,,,
AS,87,,,,,,,,,,,4.970046194799999,,,,,
AS,88,,,,,,,,,,,34.03644971971971,,,,,
AS,89,,,,,,,,,,,69.5868304556962,,,,,
AS,90,,,,,,,,,,,142.5255247942857,,,,,
AS,91,,,,,,,,,,,0.0,,,,,
AS,92,,,,,,,,,,,0.0,,,,,
AS,93,,,,,,,,,,,879.746696,,,,,
AS,94,,,,,,,,,,,14.281725454526317,,,,,
Ch_Today,1,,,,,,,,,,,0.006141,,,,,
Ch_Today,2,,,,,,,,,,,0.032824,,,,,
Ch_Today,3,,,,,,,,,,,0.040353,,,,,
Ch_Today,4,,,,,,,,,,,0.056045,,,,,
Ch_Today,5,,,,,,,,,,,0.042553,,,,,
Ch_Today,6,,,,,,,,,,,0.018308,,,,,
Ch_Today,7,,,,,,,,,,,0.012206999999999999,,,,,
Ch_Today,8,,,,,,,,,,,0.003231,,,,,
Ch_Today,9,,,,,,,,,,,0.015385,,,,,
Ch_Today,10,,,,,,,,,,,0.023256000000000002,,,,,
Ch_Today,11,,,,,,,,,,,0.011661,,,,,
Ch_Today,12,,,,,,,,,,,-0.006332,,,,,
Ch_Today,13,,,,,,,,,,,0.00038080000000000004,,,,,
Ch_Today,14,,,,,,,,,,,-0.013021,,,,,
Ch_Today,15,,,,,,,,,,,0.006251,,,,,
Ch_Today,16,,,,,,,,,,,-0.040533,,,,,
Ch_Today,17,,,,,,,,,,,0.014753,,,,,
Ch_Today,18,,,,,,,,,,,-0.026399,,,,,
Ch_Today,19,,,,,,,,,,,0.010964,,,,,
Ch_Today,20,,,,,,,,,,,-0.025706000000000003,,,,,
Ch_Today,21,,,,,,,,,,,-0.0003258,,,,,
Ch_Today,22,,,,,,,,,,,-0.006404999999999999,,,,,
Ch_Today,23,,,,,,,,,,,-0.027898,,,,,
Ch_Today,24,,,,,,,,,,,-0.004622,,,,,
Ch_Today,25,,,,,,,,,,,-0.008878,,,,,
Ch_Today,26,,,,,,,,,,,-0.012658,,,,,
Ch_Today,27,,,,,,,,,,,0.055712000000000005,,,,,
Ch_Today,28,,,,,,,,,,,-0.015739,,,,,
Ch_Today,29,,,,,,,,,,,-0.003366,,,,,
Ch_Today,30,,,,,,,,,,,0.003292,,,,,
Ch_Today,31,,,,,,,,,,,0.007194000000000001,,,,,
Ch_Today,32,,,,,,,,,,,0.027166000000000003,,,,,
Ch_Today,33,,,,,,,,,,,-0.08180300000000001,,,,,
Ch_Today,34,,,,,,,,,,,-0.008715,,,,,
Ch_Today,35,,,,,,,,,,,-0.007704,,,,,
Ch_Today,36,,,,,,,,,,,-0.022508,,,,,
Ch_Today,37,,,,,,,,,,,0.015624,,,,,
Ch_Today,38,,,,,,,,,,,0.026236000000000002,,,,,
Ch_Today,39,,,,,,,,,,,0.009250000000000001,,,,,
Ch_Today,40,,,,,,,,,,,-0.068136,,,,,
Ch_Today,41,,,,,,,,,,,-0.002889,,,,,
Ch_Today,42,,,,,,,,,,,0.004824999999999999,,,,,
Ch_Today,43,,,,,,,,,,,0.006773,,,,,
Ch_Today,44,,,,,,,,,,,-0.001148,,,,,
Ch_Today,45,,,,,,,,,,,-0.021330000000000002,,,,,
Ch_Today,46,,,,,,,,,,,0.014258999999999999,,,,,
Ch_Today,47,,,,,,,,,,,0.018956,,,,,
Ch_Today,48,,,,,,,,,,,0.009957,,,,,
Ch_Today,49,,,,,,,,,,,0.002948,,,,,
Ch_Today,50,,,,,,,,,,,0.0,,,,,
Ch_Today,51,,,,,,,,,,,-0.007553,,,,,
Ch_Today,52,,,,,,,,,,,0.003448,,,,,
Ch_Today,53,,,,,,,,,,,0.042553,,,,,
Ch_Today,54,,,,,,,,,,,-0.013021,,,,,
Ch_Today,55,,,,,,,,,,,-0.040533,,,,,
Ch_Today,56,,,,,,,,,,,0.010964,,,,,
Ch_Today,57,,,,,,,,,,,0.039574,,,,,
Ch_Today,58,,,,,,,,,,,0.0,,,,,
Ch_Today,59,,,,,,,,,,,0.003965,,,,,
Ch_Today,60,,,,,,,,,,,0.006123,,,,,
Ch_Today,61,,,,,,,,,,,0.009250000000000001,,,,,
Ch_Today,62,,,,,,,,,,,-0.068136,,,,,
Ch_Today,63,,,,,,,,,,,-0.021330000000000002,,,,,
Ch_Today,64,,,,,,,,,,,0.006141,,,,,
Ch_Today,65,,,,,,,,,,,0.056045,,,,,
Ch_Today,66,,,,,,,,,,,0.018308,,,,,
Ch_Today,67,,,,,,,,,,,-0.013021,,,,,
Ch_Today,68,,,,,,,,,,,0.006251,,,,,
Ch_Today,69,,,,,,,,,,,-0.0003258,,,,,
Ch_Today,70,,,,,,,,,,,-0.004622,,,,,
Ch_Today,71,,,,,,,,,,,-0.015739,,,,,
Ch_Today,72,,,,,,,,,,,-0.007924,,,,,
Ch_Today,73,,,,,,,,,,,0.039574,,,,,
Ch_Today,74,,,,,,,,,,,-0.025706000000000003,,,,,
Ch_Today,75,,,,,,,,,,,0.005337,,,,,
Ch_Today,76,,,,,,,,,,,0.003965,,,,,
Ch_Today,77,,,,,,,,,,,0.021017,,,,,
Ch_Today,78,,,,,,,,,,,-0.002177,,,,,
Ch_Today,79,,,,,,,,,,,-0.064935,,,,,
Ch_Today,80,,,,,,,,,,,-0.0049499999999999995,,,,,
Ch_Today,81,,,,,,,,,,,-0.004583,,,,,
Ch_Today,82,,,,,,,,,,,0.013064,,,,,
Ch_Today,83,,,,,,,,,,,0.004598,,,,,
Ch_Today,84,,,,,,,,,,,0.006123,,,,,
Ch_Today,85,,,,,,,,,,,-0.020914000000000002,,,,,
Ch_Today,86,,,,,,,,,,,-0.009647,,,,,
Ch_Today,87,,,,,,,,,,,-0.022387999999999998,,,,,
Ch_Today,88,,,,,,,,,,,-0.009231,,,,,
Ch_Today,89,,,,,,,,,,,-0.001751,,,,,
Ch_Today,90,,,,,,,,,,,0.012441,,,,,
Ch_Today,91,,,,,,,,,,,-0.027898,,,,,
Ch_Today,92,,,,,,,,,,,-0.027378999999999997,,,,,
Ch_Today,93,,,,,,,,,,,0.018308,,,,,
Ch_Today,94,,,,,,,,,,,0.010964,,,,,
Short,1,,,,,,,,,,,*-*-27,,,,,
Short,2,,,,,,,,,,,33-22-42,,,,,
Short,3,,,,,,,,,,,50-58-56,,,,,
Short,4,,,,,,,,,,,25-33-38,,,,,
Short,5,,,,,,,,,,,33-37-39,,,,,
Short,6,,,,,,,,,,,55-48-44,,,,,
Short,7,,,,,,,,,,,*-*-*,,,,,
Short,8,,,,,,,,,,,*-*-*,,,,,
Short,9,,,,,,,,,,,*-*-*,,,,,
Short,10,,,,,,,,,,,*-*-*,,,,,
Short,11,,,,,,,,,,,*-*-*,,,,,
Short,12,,,,,,,,,,,*-*-*,,,,,
Short,13,,,,,,,,,,,*-*-*,,,,,
Short,14,,,,,,,,,,,*-*-*,,,,,
Short,15,,,,,,,,,,,*-*-*,,,,,
Short,16,,,,,,,,,,,*-*-*,,,,,
Short,17,,,,,,,,,,,*-17-28,,,,,
Short,18,,,,,,,,,,,*-*-*,,,,,
Short,19,,,,,,,,,,,*-*-*,,,,,
Short,20,,,,,,,,,,,20-33-37,,,,,
Short,21,,,,,,,,,,,*-*-*,,,,,
Short,22,,,,,,,,,,,*-*-*,,,,,
Short,23,,,,,,,,,,,*-*-*,,,,,
Short,24,,,,,,,,,,,50-30-45,,,,,
Short,25,,,,,,,,,,,*-*-*,,,,,
Short,26,,,,,,,,,,,0,,,,,
Short,27,,,,,,,,,,,*-*-*,,,,,
Short,28,,,,,,,,,,,*-*-*,,,,,
Short,29,,,,,,,,,,,*-*-*,,,,,
Short,30,,,,,,,,,,,*-*-*,,,,,
Short,31,,,,,,,,,,,*-*-*,,,,,
Short,32,,,,,,,,,,,*-*-*,,,,,
Short,33,,,,,,,,,,,*-*-*,,,,,
Short,34,,,,,,,,,,,*-*-*,,,,,
Short,35,,,,,,,,,,,*-*-*,,,,,
Short,36,,,,,,,,,,,*-*-*,,,,,
Short,37,,,,,,,,,,,*-*-*,,,,,
Short,38,,,,,,,,,,,56-53-40,,,,,
Short,39,,,,,,,,,,,*-*-*,,,,,
Short,40,,,,,,,,,,,*-*-*,,,,,
Short,41,,,,,,,,,,,*-*-*,,,,,
Short,42,,,,,,,,,,,*-*-*,,,,,
Short,43,,,,,,,,,,,*-*-*,,,,,
Short,44,,,,,,,,,,,*-*-*,,,,,
Short,45,,,,,,,,,,,*-*-*,,,,,
Short,46,,,,,,,,,,,*-*-*,,,,,
Short,47,,,,,,,,,,,*-*-*,,,,,
Short,48,,,,,,,,,,,*-50-31,,,,,
Short,49,,,,,,,,,,,*-*-*,,,,,
Short,50,,,,,,,,,,,*-*-*,,,,,
Short,51,,,,,,,,,,,*-*-*,,,,,
Short,52,,,,,,,,,,,*-*-*,,,,,
Short,53,,,,,,,,,,,*-*-*,,,,,
Short,54,,,,,,,,,,,*-*-*,,,,,
Short,55,,,,,,,,,,,*-*-*,,,,,
Short,56,,,,,,,,,,,*-*-*,,,,,
Short,57,,,,,,,,,,,*-*-*,,,,,
Short,58,,,,,,,,,,,*-*-*,,,,,
Short,59,,,,,,,,,,,*-*-*,,,,,
Short,60,,,,,,,,,,,*-*-*,,,,,
Short,61,,,,,,,,,,,*-*-*,,,,,
Short,62,,,,,,,,,,,*-*-*,,,,,
Short,63,,,,,,,,,,,*-*-*,,,,,
Short,64,,,,,,,,,,,*-*-*,,,,,
Short,65,,,,,,,,,,,*-*-*,,,,,
Short,66,,,,,,,,,,,0,,,,,
Short,67,,,,,,,,,,,*-*-*,,,,,
Short,68,,,,,,,,,,,*-*-*,,,,,
Short,69,,,,,,,,,,,0.5555555555555556,,,,,
Short,70,,,,,,,,,,,0.42857142857142855,,,,,
Short,71,,,,,,,,,,,*-*-*,,,,,
Short,72,,,,,,,,,,,*-*-*,,,,,
Short,73,,,,,,,,,,,*-*-*,,,,,
Short,74,,,,,,,,,,,*-*-*,,,,,
Short,75,,,,,,,,,,,0.25,,,,,
Short,76,,,,,,,,,,,0.38095238095238093,,,,,
Short,77,,,,,,,,,,,*-*-*,,,,,
Short,78,,,,,,,,,,,0.5714285714285714,,,,,
Short,79,,,,,,,,,,,*-*-*,,,,,
Short,80,,,,,,,,,,,*-*-*,,,,,
Short,81,,,,,,,,,,,*-*-*,,,,,
Short,82,,,,,,,,,,,*-*-*,,,,,
Short,83,,,,,,,,,,,50-47-52,,,,,
Short,84,,,,,,,,,,,50-47-53,,,,,
Short,85,,,,,,,,,,,63-61-47,,,,,
Short,86,,,,,,,,,,,*-36-35,,,,,
Short,87,,,,,,,,,,,*-*-*,,,,,
Short,88,,,,,,,,,,,0.5,,,,,
Short,89,,,,,,,,,,,*-*-*,,,,,
Short,90,,,,,,,,,,,*-25-29,,,,,
Short,91,,,,,,,,,,,*-*-*,,,,,
Short,92,,,,,,,,,,,*-*-*,,,,,
Short,93,,,,,,,,,,,33-25-29,,,,,
Short,94,,,,,,,,,,,*-*-*,,,,,
Long,1,,,,,,,,,,,33-35-40,,,,,
Long,2,,,,,,,,,,,31-24-38,,,,,
Long,3,,,,,,,,,,,63-59-48,,,,,
Long,4,,,,,,,,,,,33-30-34,,,,,
Long,5,,,,,,,,,,,33-34-40,,,,,
Long,6,,,,,,,,,,,53-44-44,,,,,
Long,7,,,,,,,,,,,*-*-*,,,,,
Long,8,,,,,,,,,,,*-*-*,,,,,
Long,9,,,,,,,,,,,*-*-*,,,,,
Long,10,,,,,,,,,,,*-*-*,,,,,
Long,11,,,,,,,,,,,*-*-*,,,,,
Long,12,,,,,,,,,,,*-*-*,,,,,
Long,13,,,,,,,,,,,*-*-*,,,,,
Long,14,,,,,,,,,,,*-*-*,,,,,
Long,15,,,,,,,,,,,*-*-*,,,,,
Long,16,,,,,,,,,,,*-*-*,,,,,
Long,17,,,,,,,,,,,40-27-35,,,,,
Long,18,,,,,,,,,,,*-*-*,,,,,
Long,19,,,,,,,,,,,*-*-*,,,,,
Long,20,,,,,,,,,,,40-29-30,,,,,
Long,21,,,,,,,,,,,*-*-*,,,,,
Long,22,,,,,,,,,,,*-*-*,,,,,
Long,23,,,,,,,,,,,*-*-*,,,,,
Long,24,,,,,,,,,,,40-41-45,,,,,
Long,25,,,,,,,,,,,*-*-*,,,,,
Long,26,,,,,,,,,,,0,,,,,
Long,27,,,,,,,,,,,*-*-*,,,,,
Long,28,,,,,,,,,,,*-*-*,,,,,
Long,29,,,,,,,,,,,*-*-*,,,,,
Long,30,,,,,,,,,,,*-*-*,,,,,
Long,31,,,,,,,,,,,*-*-*,,,,,
Long,32,,,,,,,,,,,*-*-*,,,,,
Long,33,,,,,,,,,,,*-*-*,,,,,
Long,34,,,,,,,,,,,*-*-*,,,,,
Long,35,,,,,,,,,,,*-*-*,,,,,
Long,36,,,,,,,,,,,*-*-*,,,,,
Long,37,,,,,,,,,,,*-*-*,,,,,
Long,38,,,,,,,,,,,53-50-47,,,,,
Long,39,,,,,,,,,,,*-*-*,,,,,
Long,40,,,,,,,,,,,*-*-*,,,,,
Long,41,,,,,,,,,,,*-*-*,,,,,
Long,42,,,,,,,,,,,*-*-*,,,,,
Long,43,,,,,,,,,,,*-*-*,,,,,
Long,44,,,,,,,,,,,*-*-*,,,,,
Long,45,,,,,,,,,,,*-*-*,,,,,
Long,46,,,,,,,,,,,*-*-*,,,,,
Long,47,,,,,,,,,,,*-*-*,,,,,
Long,48,,,,,,,,,,,*-44-29,,,,,
Long,49,,,,,,,,,,,*-*-*,,,,,
Long,50,,,,,,,,,,,*-*-*,,,,,
Long,51,,,,,,,,,,,*-*-*,,,,,
Long,52,,,,,,,,,,,*-*-*,,,,,
Long,53,,,,,,,,,,,*-*-*,,,,,
Long,54,,,,,,,,,,,*-*-*,,,,,
Long,55,,,,,,,,,,,*-*-*,,,,,
Long,56,,,,,,,,,,,*-*-*,,,,,
Long,57,,,,,,,,,,,*-*-*,,,,,
Long,58,,,,,,,,,,,*-*-*,,,,,
Long,59,,,,,,,,,,,*-*-*,,,,,
Long,60,,,,,,,,,,,*-*-*,,,,,
Long,61,,,,,,,,,,,*-*-*,,,,,
Long,62,,,,,,,,,,,*-*-*,,,,,
Long,63,,,,,,,,,,,*-*-*,,,,,
Long,64,,,,,,,,,,,*-*-*,,,,,
Long,65,,,,,,,,,,,*-*-*,,,,,
Long,66,,,,,,,,,,,0.1111111111111111,,,,,
Long,67,,,,,,,,,,,*-*-*,,,,,
Long,68,,,,,,,,,,,*-*-*,,,,,
Long,69,,,,,,,,,,,0.44776119402985076,,,,,
Long,70,,,,,,,,,,,0.5283018867924528,,,,,
Long,71,,,,,,,,,,,*-*-*,,,,,
Long,72,,,,,,,,,,,*-*-*,,,,,
Long,73,,,,,,,,,,,*-*-*,,,,,
Long,74,,,,,,,,,,,*-*-*,,,,,
Long,75,,,,,,,,,,,0.5652173913043478,,,,,
Long,76,,,,,,,,,,,0.4966887417218543,,,,,
Long,77,,,,,,,,,,,*-*-*,,,,,
Long,78,,,,,,,,,,,0.5960264900662252,,,,,
Long,79,,,,,,,,,,,*-*-*,,,,,
Long,80,,,,,,,,,,,*-*-*,,,,,
Long,81,,,,,,,,,,,*-*-*,,,,,
Long,82,,,,,,,,,,,*-*-*,,,,,
Long,83,,,,,,,,,,,0,,,,,
Long,84,,,,,,,,,,,45-46-49,,,,,
Long,85,,,,,,,,,,,57-57-46,,,,,
Long,86,,,,,,,,,,,33-36-40,,,,,
Long,87,,,,,,,,,,,*-*-*,,,,,
Long,88,,,,,,,,,,,0.5412844036697247,,,,,
Long,89,,,,,,,,,,,*-*-*,,,,,
Long,90,,,,,,,,,,,100-40-47,,,,,
Long,91,,,,,,,,,,,*-*-*,,,,,
Long,92,,,,,,,,,,,*-*-*,,,,,
Long,93,,,,,,,,,,,0.5384615384615384,,,,,
Long,94,,,,,,,,,,,*-*-*,,,,,
History,1,,,,,,,,,,,* / *,,,,,
History,2,,,,,,,,,,,2 / *,,,,,
History,3,,,,,,,,,,,-13 / *,,,,,
History,4,,,,,,,,,,,-8 / *,,,,,
History,5,,,,,,,,,,,0 / *,,,,,
History,6,,,,,,,,,,,2 / *,,,,,
History,7,,,,,,,,,,,* / *,,,,,
History,8,,,,,,,,,,,* / *,,,,,
History,9,,,,,,,,,,,* / *,,,,,
History,10,,,,,,,,,,,* / *,,,,,
History,11,,,,,,,,,,,* / *,,,,,
History,12,,,,,,,,,,,* / *,,,,,
History,13,,,,,,,,,,,* / *,,,,,
History,14,,,,,,,,,,,* / *,,,,,
History,15,,,,,,,,,,,* / *,,,,,
History,16,,,,,,,,,,,* / *,,,,,
History,17,,,,,,,,,,,* / *,,,,,
History,18,,,,,,,,,,,* / *,,,,,
History,19,,,,,,,,,,,* / *,,,,,
History,20,,,,,,,,,,,-20 / *,,,,,
History,21,,,,,,,,,,,* / *,,,,,
History,22,,,,,,,,,,,* / *,,,,,
History,23,,,,,,,,,,,* / *,,,,,
History,24,,,,,,,,,,,10 / *,,,,,
History,25,,,,,,,,,,,* / *,,,,,
History,26,,,,,,,,,,,0 / *,,,,,
History,27,,,,,,,,,,,* / *,,,,,
History,28,,,,,,,,,,,* / *,,,,,
History,29,,,,,,,,,,,* / *,,,,,
History,30,,,,,,,,,,,* / *,,,,,
History,31,,,,,,,,,,,* / *,,,,,
History,32,,,,,,,,,,,* / *,,,,,
History,33,,,,,,,,,,,* / *,,,,,
History,34,,,,,,,,,,,* / *,,,,,
History,35,,,,,,,,,,,* / *,,,,,
History,36,,,,,,,,,,,* / *,,,,,
History,37,,,,,,,,,,,* / *,,,,,
History,38,,,,,,,,,,,3 / *,,,,,
History,39,,,,,,,,,,,* / *,,,,,
History,40,,,,,,,,,,,* / *,,,,,
History,41,,,,,,,,,,,* / *,,,,,
History,42,,,,,,,,,,,* / *,,,,,
History,43,,,,,,,,,,,* / *,,,,,
History,44,,,,,,,,,,,* / *,,,,,
History,45,,,,,,,,,,,* / *,,,,,
History,46,,,,,,,,,,,* / *,,,,,
History,47,,,,,,,,,,,* / *,,,,,
History,48,,,,,,,,,,,* / *,,,,,
History,49,,,,,,,,,,,* / *,,,,,
History,50,,,,,,,,,,,* / *,,,,,
History,51,,,,,,,,,,,* / *,,,,,
History,52,,,,,,,,,,,* / *,,,,,
History,53,,,,,,,,,,,* / *,,,,,
History,54,,,,,,,,,,,* / *,,,,,
History,55,,,,,,,,,,,* / *,,,,,
History,56,,,,,,,,,,,* / *,,,,,
History,57,,,,,,,,,,,* / *,,,,,
History,58,,,,,,,,,,,* / *,,,,,
History,59,,,,,,,,,,,* / *,,,,,
History,60,,,,,,,,,,,* / *,,,,,
History,61,,,,,,,,,,,* / *,,,,,
History,62,,,,,,,,,,,* / *,,,,,
History,63,,,,,,,,,,,* / *,,,,,
History,64,,,,,,,,,,,* / *,,,,,
History,65,,,,,,,,,,,* / *,,,,,
History,66,,,,,,,,,,,0 / *,,,,,
History,67,,,,,,,,,,,* / *,,,,,
History,68,,,,,,,,,,,* / *,,,,,
History,69,,,,,,,,,,,0 / *,,,,,
History,70,,,,,,,,,,,0 / *,,,,,
History,71,,,,,,,,,,,* / *,,,,,
History,72,,,,,,,,,,,* / *,,,,,
History,73,,,,,,,,,,,* / *,,,,,
History,74,,,,,,,,,,,* / *,,,,,
History,75,,,,,,,,,,,0 / *,,,,,
History,76,,,,,,,,,,,0 / *,,,,,
History,77,,,,,,,,,,,* / *,,,,,
History,78,,,,,,,,,,,0 / *,,,,,
History,79,,,,,,,,,,,* / *,,,,,
History,80,,,,,,,,,,,* / *,,,,,
History,81,,,,,,,,,,,* / *,,,,,
History,82,,,,,,,,,,,* / *,,,,,
History,83,,,,,,,,,,,50 / *,,,,,
History,84,,,,,,,,,,,5 / *,,,,,
History,85,,,,,,,,,,,6 / *,,,,,
History,86,,,,,,,,,,,* / *,,,,,
History,87,,,,,,,,,,,* / *,,,,,
History,88,,,,,,,,,,,0 / *,,,,,
History,89,,,,,,,,,,,* / *,,,,,
History,90,,,,,,,,,,,* / *,,,,,
History,91,,,,,,,,,,,* / *,,,,,
History,92,,,,,,,,,,,* / *,,,,,
History,93,,,,,,,,,,,33 / *,,,,,
History,94,,,,,,,,,,,* / *,,,,,
DifUps,1,,,,,,,,,,,* / *,,,,,
DifUps,2,,,,,,,,,,,2 / *,,,,,
DifUps,3,,,,,,,,,,,-13 / *,,,,,
DifUps,4,,,,,,,,,,,-8 / *,,,,,
DifUps,5,,,,,,,,,,,0 / *,,,,,
DifUps,6,,,,,,,,,,,2 / *,,,,,
DifUps,7,,,,,,,,,,,* / *,,,,,
DifUps,8,,,,,,,,,,,* / *,,,,,
DifUps,9,,,,,,,,,,,* / *,,,,,
DifUps,10,,,,,,,,,,,* / *,,,,,
DifUps,11,,,,,,,,,,,* / *,,,,,
DifUps,12,,,,,,,,,,,* / *,,,,,
DifUps,13,,,,,,,,,,,* / *,,,,,
DifUps,14,,,,,,,,,,,* / *,,,,,
DifUps,15,,,,,,,,,,,* / *,,,,,
DifUps,16,,,,,,,,,,,* / *,,,,,
DifUps,17,,,,,,,,,,,* / *,,,,,
DifUps,18,,,,,,,,,,,* / *,,,,,
DifUps,19,,,,,,,,,,,* / *,,,,,
DifUps,20,,,,,,,,,,,-20 / *,,,,,
DifUps,21,,,,,,,,,,,* / *,,,,,
DifUps,22,,,,,,,,,,,* / *,,,,,
DifUps,23,,,,,,,,,,,* / *,,,,,
DifUps,24,,,,,,,,,,,10 / *,,,,,
DifUps,25,,,,,,,,,,,* / *,,,,,
DifUps,26,,,,,,,,,,,0 / *,,,,,
DifUps,27,,,,,,,,,,,* / *,,,,,
DifUps,28,,,,,,,,,,,* / *,,,,,
DifUps,29,,,,,,,,,,,* / *,,,,,
DifUps,30,,,,,,,,,,,* / *,,,,,
DifUps,31,,,,,,,,,,,* / *,,,,,
DifUps,32,,,,,,,,,,,* / *,,,,,
DifUps,33,,,,,,,,,,,* / *,,,,,
DifUps,34,,,,,,,,,,,* / *,,,,,
DifUps,35,,,,,,,,,,,* / *,,,,,
DifUps,36,,,,,,,,,,,* / *,,,,,
DifUps,37,,,,,,,,,,,* / *,,,,,
DifUps,38,,,,,,,,,,,3 / *,,,,,
DifUps,39,,,,,,,,,,,* / *,,,,,
DifUps,40,,,,,,,,,,,* / *,,,,,
DifUps,41,,,,,,,,,,,* / *,,,,,
DifUps,42,,,,,,,,,,,* / *,,,,,
DifUps,43,,,,,,,,,,,* / *,,,,,
DifUps,44,,,,,,,,,,,* / *,,,,,
DifUps,45,,,,,,,,,,,* / *,,,,,
DifUps,46,,,,,,,,,,,* / *,,,,,
DifUps,47,,,,,,,,,,,* / *,,,,,
DifUps,48,,,,,,,,,,,* / *,,,,,
DifUps,49,,,,,,,,,,,* / *,,,,,
DifUps,50,,,,,,,,,,,* / *,,,,,
DifUps,51,,,,,,,,,,,* / *,,,,,
DifUps,52,,,,,,,,,,,* / *,,,,,
DifUps,53,,,,,,,,,,,* / *,,,,,
DifUps,54,,,,,,,,,,,* / *,,,,,
DifUps,55,,,,,,,,,,,* / *,,,,,
DifUps,56,,,,,,,,,,,* / *,,,,,
DifUps,57,,,,,,,,,,,* / *,,,,,
DifUps,58,,,,,,,,,,,* / *,,,,,
DifUps,59,,,,,,,,,,,* / *,,,,,
DifUps,60,,,,,,,,,,,* / *,,,,,
DifUps,61,,,,,,,,,,,* / *,,,,,
DifUps,62,,,,,,,,,,,* / *,,,,,
DifUps,63,,,,,,,,,,,* / *,,,,,
DifUps,64,,,,,,,,,,,* / *,,,,,
DifUps,65,,,,,,,,,,,* / *,,,,,
DifUps,66,,,,,,,,,,,0 / *,,,,,
DifUps,67,,,,,,,,,,,* / *,,,,,
DifUps,68,,,,,,,,,,,* / *,,,,,
DifUps,69,,,,,,,,,,,0 / *,,,,,
DifUps,70,,,,,,,,,,,0 / *,,,,,
DifUps,71,,,,,,,,,,,* / *,,,,,
DifUps,72,,,,,,,,,,,* / *,,,,,
DifUps,73,,,,,,,,,,,* / *,,,,,
DifUps,74,,,,,,,,,,,* / *,,,,,
DifUps,75,,,,,,,,,,,0 / *,,,,,
DifUps,76,,,,,,,,,,,0 / *,,,,,
DifUps,77,,,,,,,,,,,* / *,,,,,
DifUps,78,,,,,,,,,,,0 / *,,,,,
DifUps,79,,,,,,,,,,,* / *,,,,,
DifUps,80,,,,,,,,,,,* / *,,,,,
DifUps,81,,,,,,,,,,,* / *,,,,,
DifUps,82,,,,,,,,,,,* / *,,,,,
DifUps,83,,,,,,,,,,,50 / *,,,,,
DifUps,84,,,,,,,,,,,5 / *,,,,,
DifUps,85,,,,,,,,,,,6 / *,,,,,
DifUps,86,,,,,,,,,,,* / *,,,,,
DifUps,87,,,,,,,,,,,* / *,,,,,
DifUps,88,,,,,,,,,,,0 / *,,,,,
DifUps,89,,,,,,,,,,,* / *,,,,,
DifUps,90,,,,,,,,,,,* / *,,,,,
DifUps,91,,,,,,,,,,,* / *,,,,,
DifUps,92,,,,,,,,,,,* / *,,,,,
DifUps,93,,,,,,,,,,,33 / *,,,,,
DifUps,94,,,,,,,,,,,* / *,,,,,
Imp150,1,,,,,,,,,,,,,,,,
Imp150,2,,,,,,,,,,,,,,,,
Imp150,3,,,,,,,,,,,,,,,,
Imp150,4,,,,,,,,,,,,,,,,
Imp150,5,,,,,,,,,,,,,,,,
Imp150,6,,,,,,,,,,,,,,,,
Imp150,7,,,,,,,,,,,,,,,,
Imp150,8,,,,,,,,,,,,,,,,
Imp150,9,,,,,,,,,,,,,,,,
Imp150,10,,,,,,,,,,,,,,,,
Imp150,11,,,,,,,,,,,,,,,,
Imp150,12,,,,,,,,,,,,,,,,
Imp150,13,,,,,,,,,,,,,,,,
Imp150,14,,,,,,,,,,,,,,,,
Imp150,15,,,,,,,,,,,,,,,,
Imp150,16,,,,,,,,,,,,,,,,
Imp150,17,,,,,,,,,,,,,,,,
Imp150,18,,,,,,,,,,,,,,,,
Imp150,19,,,,,,,,,,,,,,,,
Imp150,20,,,,,,,,,,,,,,,,
Imp150,21,,,,,,,,,,,,,,,,
Imp150,22,,,,,,,,,,,,,,,,
Imp150,23,,,,,,,,,,,,,,,,
Imp150,24,,,,,,,,,,,,,,,,
Imp150,25,,,,,,,,,,,,,,,,
Imp150,26,,,,,,,,,,,-1.0,,,,,
Imp150,27,,,,,,,,,,,,,,,,
Imp150,28,,,,,,,,,,,,,,,,
Imp150,29,,,,,,,,,,,,,,,,
Imp150,30,,,,,,,,,,,,,,,,
Imp150,31,,,,,,,,,,,,,,,,
Imp150,32,,,,,,,,,,,,,,,,
Imp150,33,,,,,,,,,,,,,,,,
Imp150,34,,,,,,,,,,,,,,,,
Imp150,35,,,,,,,,,,,,,,,,
Imp150,36,,,,,,,,,,,,,,,,
Imp150,37,,,,,,,,,,,,,,,,
Imp150,38,,,,,,,,,,,,,,,,
Imp150,39,,,,,,,,,,,,,,,,
Imp150,40,,,,,,,,,,,,,,,,
Imp150,41,,,,,,,,,,,,,,,,
Imp150,42,,,,,,,,,,,,,,,,
Imp150,43,,,,,,,,,,,,,,,,
Imp150,44,,,,,,,,,,,,,,,,
Imp150,45,,,,,,,,,,,,,,,,
Imp150,46,,,,,,,,,,,,,,,,
Imp150,47,,,,,,,,,,,,,,,,
Imp150,48,,,,,,,,,,,,,,,,
Imp150,49,,,,,,,,,,,,,,,,
Imp150,50,,,,,,,,,,,,,,,,
Imp150,51,,,,,,,,,,,,,,,,
Imp150,52,,,,,,,,,,,,,,,,
Imp150,53,,,,,,,,,,,,,,,,
Imp150,54,,,,,,,,,,,,,,,,
Imp150,55,,,,,,,,,,,,,,,,
Imp150,56,,,,,,,,,,,,,,,,
Imp150,57,,,,,,,,,,,,,,,,
Imp150,58,,,,,,,,,,,,,,,,
Imp150,59,,,,,,,,,,,,,,,,
Imp150,60,,,,,,,,,,,,,,,,
Imp150,61,,,,,,,,,,,,,,,,
Imp150,62,,,,,,,,,,,,,,,,
Imp150,63,,,,,,,,,,,,,,,,
Imp150,64,,,,,,,,,,,,,,,,
Imp150,65,,,,,,,,,,,,,,,,
Imp150,66,,,,,,,,,,,-0.7777777777777777,,,,,
Imp150,67,,,,,,,,,,,,,,,,
Imp150,68,,,,,,,,,,,,,,,,
Imp150,69,,,,,,,,,,,-0.10447761194029853,,,,,
Imp150,70,,,,,,,,,,,0.05660377358490565,,,,,
Imp150,71,,,,,,,,,,,,,,,,
Imp150,72,,,,,,,,,,,,,,,,
Imp150,73,,,,,,,,,,,,,,,,
Imp150,74,,,,,,,,,,,,,,,,
Imp150,75,,,,,,,,,,,0.13043478260869557,,,,,
Imp150,76,,,,,,,,,,,-0.0066225165562914245,,,,,
Imp150,77,,,,,,,,,,,,,,,,
Imp150,78,,,,,,,,,,,0.19205298013245042,,,,,
Imp150,79,,,,,,,,,,,,,,,,
Imp150,80,,,,,,,,,,,,,,,,
Imp150,81,,,,,,,,,,,,,,,,
Imp150,82,,,,,,,,,,,,,,,,
Imp150,83,,,,,,,,,,,-1.0,,,,,
Imp150,84,,,,,,,,,,,,,,,,
Imp150,85,,,,,,,,,,,,,,,,
Imp150,86,,,,,,,,,,,,,,,,
Imp150,87,,,,,,,,,,,,,,,,
Imp150,88,,,,,,,,,,,0.08256880733944949,,,,,
Imp150,89,,,,,,,,,,,,,,,,
Imp150,90,,,,,,,,,,,,,,,,
Imp150,91,,,,,,,,,,,,,,,,
Imp150,92,,,,,,,,,,,,,,,,
Imp150,93,,,,,,,,,,,0.07692307692307687,,,,,
Imp150,94,,,,,,,,,,,,,,,,
DPWC150,1,,,,,,,,,,,0,,,,,
DPWC150,2,,,,,,,,,,,0,,,,,
DPWC150,3,,,,,,,,,,,0,,,,,
DPWC150,4,,,,,,,,,,,0,,,,,
DPWC150,5,,,,,,,,,,,0,,,,,
DPWC150,6,,,,,,,,,,,0,,,,,
DPWC150,7,,,,,,,,,,,0,,,,,
DPWC150,8,,,,,,,,,,,0,,,,,
DPWC150,9,,,,,,,,,,,0,,,,,
DPWC150,10,,,,,,,,,,,0,,,,,
DPWC150,11,,,,,,,,,,,0,,,,,
DPWC150,12,,,,,,,,,,,0,,,,,
DPWC150,13,,,,,,,,,,,0,,,,,
DPWC150,14,,,,,,,,,,,0,,,,,
DPWC150,15,,,,,,,,,,,0,,,,,
DPWC150,16,,,,,,,,,,,0,,,,,
DPWC150,17,,,,,,,,,,,0,,,,,
DPWC150,18,,,,,,,,,,,0,,,,,
DPWC150,19,,,,,,,,,,,0,,,,,
DPWC150,20,,,,,,,,,,,0,,,,,
DPWC150,21,,,,,,,,,,,0,,,,,
DPWC150,22,,,,,,,,,,,0,,,,,
DPWC150,23,,,,,,,,,,,0,,,,,
DPWC150,24,,,,,,,,,,,0,,,,,
DPWC150,25,,,,,,,,,,,0,,,,,
DPWC150,26,,,,,,,,,,,0,,,,,
DPWC150,27,,,,,,,,,,,0,,,,,
DPWC150,28,,,,,,,,,,,0,,,,,
DPWC150,29,,,,,,,,,,,0,,,,,
DPWC150,30,,,,,,,,,,,0,,,,,
DPWC150,31,,,,,,,,,,,0,,,,,
DPWC150,32,,,,,,,,,,,0,,,,,
DPWC150,33,,,,,,,,,,,0,,,,,
DPWC150,34,,,,,,,,,,,0,,,,,
DPWC150,35,,,,,,,,,,,0,,,,,
DPWC150,36,,,,,,,,,,,0,,,,,
DPWC150,37,,,,,,,,,,,0,,,,,
DPWC150,38,,,,,,,,,,,0,,,,,
DPWC150,39,,,,,,,,,,,0,,,,,
DPWC150,40,,,,,,,,,,,0,,,,,
DPWC150,41,,,,,,,,,,,0,,,,,
DPWC150,42,,,,,,,,,,,0,,,,,
DPWC150,43,,,,,,,,,,,0,,,,,
DPWC150,44,,,,,,,,,,,0,,,,,
DPWC150,45,,,,,,,,,,,0,,,,,
DPWC150,46,,,,,,,,,,,0,,,,,
DPWC150,47,,,,,,,,,,,0,,,,,
DPWC150,48,,,,,,,,,,,0,,,,,
DPWC150,49,,,,,,,,,,,0,,,,,
DPWC150,50,,,,,,,,,,,0,,,,,
DPWC150,51,,,,,,,,,,,0,,,,,
DPWC150,52,,,,,,,,,,,0,,,,,
DPWC150,53,,,,,,,,,,,0,,,,,
DPWC150,54,,,,,,,,,,,0,,,,,
DPWC150,55,,,,,,,,,,,0,,,,,
DPWC150,56,,,,,,,,,,,0,,,,,
DPWC150,57,,,,,,,,,,,0,,,,,
DPWC150,58,,,,,,,,,,,0,,,,,
DPWC150,59,,,,,,,,,,,0,,,,,
DPWC150,60,,,,,,,,,,,0,,,,,
DPWC150,61,,,,,,,,,,,0,,,,,
DPWC150,62,,,,,,,,,,,0,,,,,
DPWC150,63,,,,,,,,,,,0,,,,,
DPWC150,64,,,,,,,,,,,0,,,,,
DPWC150,65,,,,,,,,,,,0,,,,,
DPWC150,66,,,,,,,,,,,0,,,,,
DPWC150,67,,,,,,,,,,,0,,,,,
DPWC150,68,,,,,,,,,,,0,,,,,
DPWC150,69,,,,,,,,,,,0,,,,,
DPWC150,70,,,,,,,,,,,0,,,,,
DPWC150,71,,,,,,,,,,,0,,,,,
DPWC150,72,,,,,,,,,,,0,,,,,
DPWC150,73,,,,,,,,,,,0,,,,,
DPWC150,74,,,,,,,,,,,0,,,,,
DPWC150,75,,,,,,,,,,,0,,,,,
DPWC150,76,,,,,,,,,,,0,,,,,
DPWC150,77,,,,,,,,,,,0,,,,,
DPWC150,78,,,,,,,,,,,0,,,,,
DPWC150,79,,,,,,,,,,,0,,,,,
DPWC150,80,,,,,,,,,,,0,,,,,
DPWC150,81,,,,,,,,,,,0,,,,,
DPWC150,82,,,,,,,,,,,0,,,,,
DPWC150,83,,,,,,,,,,,0,,,,,
DPWC150,84,,,,,,,,,,,0,,,,,
DPWC150,85,,,,,,,,,,,0,,,,,
DPWC150,86,,,,,,,,,,,0,,,,,
DPWC150,87,,,,,,,,,,,0,,,,,
DPWC150,88,,,,,,,,,,,0,,,,,
DPWC150,89,,,,,,,,,,,0,,,,,
DPWC150,90,,,,,,,,,,,0,,,,,
DPWC150,91,,,,,,,,,,,0,,,,,
DPWC150,92,,,,,,,,,,,0,,,,,
DPWC150,93,,,,,,,,,,,0,,,,,
DPWC150,94,,,,,,,,,,,0,,,,,
DPWC20,1,,,,,,,,,,,0,,,,,
DPWC20,2,,,,,,,,,,,0,,,,,
DPWC20,3,,,,,,,,,,,0,,,,,
DPWC20,4,,,,,,,,,,,0,,,,,
DPWC20,5,,,,,,,,,,,0,,,,,
DPWC20,6,,,,,,,,,,,0,,,,,
DPWC20,7,,,,,,,,,,,0,,,,,
DPWC20,8,,,,,,,,,,,0,,,,,
DPWC20,9,,,,,,,,,,,0,,,,,
DPWC20,10,,,,,,,,,,,0,,,,,
DPWC20,11,,,,,,,,,,,0,,,,,
DPWC20,12,,,,,,,,,,,0,,,,,
DPWC20,13,,,,,,,,,,,0,,,,,
DPWC20,14,,,,,,,,,,,0,,,,,
DPWC20,15,,,,,,,,,,,0,,,,,
DPWC20,16,,,,,,,,,,,0,,,,,
DPWC20,17,,,,,,,,,,,0,,,,,
DPWC20,18,,,,,,,,,,,0,,,,,
DPWC20,19,,,,,,,,,,,0,,,,,
DPWC20,20,,,,,,,,,,,0,,,,,
DPWC20,21,,,,,,,,,,,0,,,,,
DPWC20,22,,,,,,,,,,,0,,,,,
DPWC20,23,,,,,,,,,,,0,,,,,
DPWC20,24,,,,,,,,,,,0,,,,,
DPWC20,25,,,,,,,,,,,0,,,,,
DPWC20,26,,,,,,,,,,,0,,,,,
DPWC20,27,,,,,,,,,,,0,,,,,
DPWC20,28,,,,,,,,,,,0,,,,,
DPWC20,29,,,,,,,,,,,0,,,,,
DPWC20,30,,,,,,,,,,,0,,,,,
DPWC20,31,,,,,,,,,,,0,,,,,
DPWC20,32,,,,,,,,,,,0,,,,,
DPWC20,33,,,,,,,,,,,0,,,,,
DPWC20,34,,,,,,,,,,,0,,,,,
DPWC20,35,,,,,,,,,,,0,,,,,
DPWC20,36,,,,,,,,,,,0,,,,,
DPWC20,37,,,,,,,,,,,0,,,,,
DPWC20,38,,,,,,,,,,,0,,,,,
DPWC20,39,,,,,,,,,,,0,,,,,
DPWC20,40,,,,,,,,,,,0,,,,,
DPWC20,41,,,,,,,,,,,0,,,,,
DPWC20,42,,,,,,,,,,,0,,,,,
DPWC20,43,,,,,,,,,,,0,,,,,
DPWC20,44,,,,,,,,,,,0,,,,,
DPWC20,45,,,,,,,,,,,0,,,,,
DPWC20,46,,,,,,,,,,,0,,,,,
DPWC20,47,,,,,,,,,,,0,,,,,
DPWC20,48,,,,,,,,,,,0,,,,,
DPWC20,49,,,,,,,,,,,0,,,,,
DPWC20,50,,,,,,,,,,,0,,,,,
DPWC20,51,,,,,,,,,,,0,,,,,
DPWC20,52,,,,,,,,,,,0,,,,,
DPWC20,53,,,,,,,,,,,0,,,,,
DPWC20,54,,,,,,,,,,,0,,,,,
DPWC20,55,,,,,,,,,,,0,,,,,
DPWC20,56,,,,,,,,,,,0,,,,,
DPWC20,57,,,,,,,,,,,0,,,,,
DPWC20,58,,,,,,,,,,,0,,,,,
DPWC20,59,,,,,,,,,,,0,,,,,
DPWC20,60,,,,,,,,,,,0,,,,,
DPWC20,61,,,,,,,,,,,0,,,,,
DPWC20,62,,,,,,,,,,,0,,,,,
DPWC20,63,,,,,,,,,,,0,,,,,
DPWC20,64,,,,,,,,,,,0,,,,,
DPWC20,65,,,,,,,,,,,0,,,,,
DPWC20,66,,,,,,,,,,,0,,,,,
DPWC20,67,,,,,,,,,,,0,,,,,
DPWC20,68,,,,,,,,,,,0,,,,,
DPWC20,69,,,,,,,,,,,0,,,,,
DPWC20,70,,,,,,,,,,,0,,,,,
DPWC20,71,,,,,,,,,,,0,,,,,
DPWC20,72,,,,,,,,,,,0,,,,,
DPWC20,73,,,,,,,,,,,0,,,,,
DPWC20,74,,,,,,,,,,,0,,,,,
DPWC20,75,,,,,,,,,,,0,,,,,
DPWC20,76,,,,,,,,,,,0,,,,,
DPWC20,77,,,,,,,,,,,0,,,,,
DPWC20,78,,,,,,,,,,,0,,,,,
DPWC20,79,,,,,,,,,,,0,,,,,
DPWC20,80,,,,,,,,,,,0,,,,,
DPWC20,81,,,,,,,,,,,0,,,,,
DPWC20,82,,,,,,,,,,,0,,,,,
DPWC20,83,,,,,,,,,,,0,,,,,
DPWC20,84,,,,,,,,,,,0,,,,,
DPWC20,85,,,,,,,,,,,0,,,,,
DPWC20,86,,,,,,,,,,,0,,,,,
DPWC20,87,,,,,,,,,,,0,,,,,
DPWC20,88,,,,,,,,,,,0,,,,,
DPWC20,89,,,,,,,,,,,0,,,,,
DPWC20,90,,,,,,,,,,,0,,,,,
DPWC20,91,,,,,,,,,,,0,,,,,
DPWC20,92,,,,,,,,,,,0,,,,,
DPWC20,93,,,,,,,,,,,0,,,,,
DPWC20,94,,,,,,,,,,,0,,,,,
AMZ,1,,,,,,,,,,,0.0,,,,,
AMZ,2,,,,,,,,,,,0.0,,,,,
AMZ,3,,,,,,,,,,,180000.0,,,,,
AMZ,4,,,,,,,,,,,7200.0,,,,,
AMZ,5,,,,,,,,,,,2530000.0,,,,,
AMZ,6,,,,,,,,,,,0.0,,,,,
AMZ,7,,,,,,,,,,,700.0,,,,,
AMZ,8,,,,,,,,,,,0.0,,,,,
AMZ,9,,,,,,,,,,,11000.0,,,,,
AMZ,10,,,,,,,,,,,12500.0,,,,,
AMZ,11,,,,,,,,,,,0.0,,,,,
AMZ,12,,,,,,,,,,,0.0,,,,,
AMZ,13,,,,,,,,,,,0.0,,,,,
AMZ,14,,,,,,,,,,,65000.0,,,,,
AMZ,15,,,,,,,,,,,1000.0,,,,,
AMZ,16,,,,,,,,,,,8000.0,,,,,
AMZ,17,,,,,,,,,,,0.0,,,,,
AMZ,18,,,,,,,,,,,4000.0,,,,,
AMZ,19,,,,,,,,,,,0.0,,,,,
AMZ,20,,,,,,,,,,,30000.0,,,,,
AMZ,21,,,,,,,,,,,0.0,,,,,
AMZ,22,,,,,,,,,,,10800.0,,,,,
AMZ,23,,,,,,,,,,,9000.0,,,,,
AMZ,24,,,,,,,,,,,0.0,,,,,
AMZ,25,,,,,,,,,,,0.0,,,,,
AMZ,26,,,,,,,,,,,0.0,,,,,
AMZ,27,,,,,,,,,,,0.0,,,,,
AMZ,28,,,,,,,,,,,2700.0,,,,,
AMZ,29,,,,,,,,,,,7290.0,,,,,
AMZ,30,,,,,,,,,,,0.0,,,,,
AMZ,31,,,,,,,,,,,0.0,,,,,
AMZ,32,,,,,,,,,,,45000.0,,,,,
AMZ,33,,,,,,,,,,,49999.0,,,,,
AMZ,34,,,,,,,,,,,0.0,,,,,
AMZ,35,,,,,,,,,,,0.0,,,,,
AMZ,36,,,,,,,,,,,28000.0,,,,,
AMZ,37,,,,,,,,,,,10000.0,,,,,
AMZ,38,,,,,,,,,,,2500.0,,,,,
AMZ,39,,,,,,,,,,,10.0,,,,,
AMZ,40,,,,,,,,,,,4000.0,,,,,
AMZ,41,,,,,,,,,,,5868.0,,,,,
AMZ,42,,,,,,,,,,,9000.0,,,,,
AMZ,43,,,,,,,,,,,0.0,,,,,
AMZ,44,,,,,,,,,,,0.0,,,,,
AMZ,45,,,,,,,,,,,3000.0,,,,,
AMZ,46,,,,,,,,,,,7235.0,,,,,
AMZ,47,,,,,,,,,,,0.0,,,,,
AMZ,48,,,,,,,,,,,0.0,,,,,
AMZ,49,,,,,,,,,,,0.0,,,,,
AMZ,50,,,,,,,,,,,3000.0,,,,,
AMZ,51,,,,,,,,,,,0.0,,,,,
AMZ,52,,,,,,,,,,,10000.0,,,,,
AMZ,53,,,,,,,,,,,505000.0,,,,,
AMZ,54,,,,,,,,,,,10000.0,,,,,
AMZ,55,,,,,,,,,,,16000.0,,,,,
AMZ,56,,,,,,,,,,,0.0,,,,,
AMZ,57,,,,,,,,,,,0.0,,,,,
AMZ,58,,,,,,,,,,,12000.0,,,,,
AMZ,59,,,,,,,,,,,0.0,,,,,
AMZ,60,,,,,,,,,,,0.0,,,,,
AMZ,61,,,,,,,,,,,0.0,,,,,
AMZ,62,,,,,,,,,,,1200.0,,,,,
AMZ,63,,,,,,,,,,,560.0,,,,,
AMZ,64,,,,,,,,,,,0.0,,,,,
AMZ,65,,,,,,,,,,,750.0,,,,,
AMZ,66,,,,,,,,,,,250.0,,,,,
AMZ,67,,,,,,,,,,,89000.0,,,,,
AMZ,68,,,,,,,,,,,1200.0,,,,,
AMZ,69,,,,,,,,,,,46000.0,,,,,
AMZ,70,,,,,,,,,,,670.0,,,,,
AMZ,71,,,,,,,,,,,0.0,,,,,
AMZ,72,,,,,,,,,,,120000.0,,,,,
AMZ,73,,,,,,,,,,,0.0,,,,,
AMZ,74,,,,,,,,,,,20000.0,,,,,
AMZ,75,,,,,,,,,,,3000.0,,,,,
AMZ,76,,,,,,,,,,,0.0,,,,,
AMZ,77,,,,,,,,,,,0.0,,,,,
AMZ,78,,,,,,,,,,,0.0,,,,,
AMZ,79,,,,,,,,,,,15518.0,,,,,
AMZ,80,,,,,,,,,,,0.0,,,,,
AMZ,81,,,,,,,,,,,200.0,,,,,
AMZ,82,,,,,,,,,,,4500.0,,,,,
AMZ,83,,,,,,,,,,,200.0,,,,,
AMZ,84,,,,,,,,,,,0.0,,,,,
AMZ,85,,,,,,,,,,,2100.0,,,,,
AMZ,86,,,,,,,,,,,0.0,,,,,
AMZ,87,,,,,,,,,,,0.0,,,,,
AMZ,88,,,,,,,,,,,0.0,,,,,
AMZ,89,,,,,,,,,,,600.0,,,,,
AMZ,90,,,,,,,,,,,0.0,,,,,
AMZ,91,,,,,,,,,,,10.0,,,,,
AMZ,92,,,,,,,,,,,0.0,,,,,
AMZ,93,,,,,,,,,,,200.0,,,,,
AMZ,94,,,,,,,,,,,0.0,,,,,
BMZ,1,,,,,,,,,,,10000.0,,,,,
BMZ,2,,,,,,,,,,,5000.0,,,,,
BMZ,3,,,,,,,,,,,640000.0,,,,,
BMZ,4,,,,,,,,,,,7300.0,,,,,
BMZ,5,,,,,,,,,,,0.0,,,,,
BMZ,6,,,,,,,,,,,1000.0,,,,,
BMZ,7,,,,,,,,,,,0.0,,,,,
BMZ,8,,,,,,,,,,,1.0,,,,,
BMZ,9,,,,,,,,,,,14000.0,,,,,
BMZ,10,,,,,,,,,,,0.0,,,,,
BMZ,11,,,,,,,,,,,1.0,,,,,
BMZ,12,,,,,,,,,,,500.0,,,,,
BMZ,13,,,,,,,,,,,1.0,,,,,
BMZ,14,,,,,,,,,,,20000.0,,,,,
BMZ,15,,,,,,,,,,,0.0,,,,,
BMZ,16,,,,,,,,,,,0.0,,,,,
BMZ,17,,,,,,,,,,,300.0,,,,,
BMZ,18,,,,,,,,,,,0.0,,,,,
BMZ,19,,,,,,,,,,,10000.0,,,,,
BMZ,20,,,,,,,,,,,20000.0,,,,,
BMZ,21,,,,,,,,,,,1.0,,,,,
BMZ,22,,,,,,,,,,,1200.0,,,,,
BMZ,23,,,,,,,,,,,0.0,,,,,
BMZ,24,,,,,,,,,,,20000.0,,,,,
BMZ,25,,,,,,,,,,,1000.0,,,,,
BMZ,26,,,,,,,,,,,2660.0,,,,,
BMZ,27,,,,,,,,,,,10.0,,,,,
BMZ,28,,,,,,,,,,,6300.0,,,,,
BMZ,29,,,,,,,,,,,2710.0,,,,,
BMZ,30,,,,,,,,,,,3000.0,,,,,
BMZ,31,,,,,,,,,,,17000.0,,,,,
BMZ,32,,,,,,,,,,,0.0,,,,,
BMZ,33,,,,,,,,,,,1.0,,,,,
BMZ,34,,,,,,,,,,,1000.0,,,,,
BMZ,35,,,,,,,,,,,2000.0,,,,,
BMZ,36,,,,,,,,,,,17000.0,,,,,
BMZ,37,,,,,,,,,,,0.0,,,,,
BMZ,38,,,,,,,,,,,1200.0,,,,,
BMZ,39,,,,,,,,,,,0.0,,,,,
BMZ,40,,,,,,,,,,,0.0,,,,,
BMZ,41,,,,,,,,,,,16632.0,,,,,
BMZ,42,,,,,,,,,,,7000.0,,,,,
BMZ,43,,,,,,,,,,,1.0,,,,,
BMZ,44,,,,,,,,,,,4500.0,,,,,
BMZ,45,,,,,,,,,,,0.0,,,,,
BMZ,46,,,,,,,,,,,0.0,,,,,
BMZ,47,,,,,,,,,,,1900.0,,,,,
BMZ,48,,,,,,,,,,,1109.0,,,,,
BMZ,49,,,,,,,,,,,1.0,,,,,
BMZ,50,,,,,,,,,,,0.0,,,,,
BMZ,51,,,,,,,,,,,1.0,,,,,
BMZ,52,,,,,,,,,,,0.0,,,,,
BMZ,53,,,,,,,,,,,0.0,,,,,
BMZ,54,,,,,,,,,,,0.0,,,,,
BMZ,55,,,,,,,,,,,0.0,,,,,
BMZ,56,,,,,,,,,,,10.0,,,,,
BMZ,57,,,,,,,,,,,27000.0,,,,,
BMZ,58,,,,,,,,,,,0.0,,,,,
BMZ,59,,,,,,,,,,,500.0,,,,,
BMZ,60,,,,,,,,,,,18000.0,,,,,
BMZ,61,,,,,,,,,,,1.0,,,,,
BMZ,62,,,,,,,,,,,0.0,,,,,
BMZ,63,,,,,,,,,,,0.0,,,,,
BMZ,64,,,,,,,,,,,850.0,,,,,
BMZ,65,,,,,,,,,,,750.0,,,,,
BMZ,66,,,,,,,,,,,0.0,,,,,
BMZ,67,,,,,,,,,,,21000.0,,,,,
BMZ,68,,,,,,,,,,,0.0,,,,,
BMZ,69,,,,,,,,,,,75000.0,,,,,
BMZ,70,,,,,,,,,,,0.0,,,,,
BMZ,71,,,,,,,,,,,2000.0,,,,,
BMZ,72,,,,,,,,,,,0.0,,,,,
BMZ,73,,,,,,,,,,,5000.0,,,,,
BMZ,74,,,,,,,,,,,0.0,,,,,
BMZ,75,,,,,,,,,,,0.0,,,,,
BMZ,76,,,,,,,,,,,20000.0,,,,,
BMZ,77,,,,,,,,,,,550.0,,,,,
BMZ,78,,,,,,,,,,,0.0,,,,,
BMZ,79,,,,,,,,,,,0.0,,,,,
BMZ,80,,,,,,,,,,,1100.0,,,,,
BMZ,81,,,,,,,,,,,0.0,,,,,
BMZ,82,,,,,,,,,,,0.0,,,,,
BMZ,83,,,,,,,,,,,0.0,,,,,
BMZ,84,,,,,,,,,,,1200.0,,,,,
BMZ,85,,,,,,,,,,,1900.0,,,,,
BMZ,86,,,,,,,,,,,2000.0,,,,,
BMZ,87,,,,,,,,,,,20000.0,,,,,
BMZ,88,,,,,,,,,,,1600.0,,,,,
BMZ,89,,,,,,,,,,,0.0,,,,,
BMZ,90,,,,,,,,,,,1500.0,,,,,
BMZ,91,,,,,,,,,,,0.0,,,,,
BMZ,92,,,,,,,,,,,77100.0,,,,,
BMZ,93,,,,,,,,,,,0.0,,,,,
BMZ,94,,,,,,,,,,,12000.0,,,,,
NMZ,1,,,,,,,,,,,0,,,,,
NMZ,2,,,,,,,,,,,0,,,,,
NMZ,3,,,,,,,,,,,0,,,,,
NMZ,4,,,,,,,,,,,0,,,,,
NMZ,5,,,,,,,,,,,0,,,,,
NMZ,6,,,,,,,,,,,0,,,,,
NMZ,7,,,,,,,,,,,0,,,,,
NMZ,8,,,,,,,,,,,0,,,,,
NMZ,9,,,,,,,,,,,0,,,,,
NMZ,10,,,,,,,,,,,0,,,,,
NMZ,11,,,,,,,,,,,0,,,,,
NMZ,12,,,,,,,,,,,0,,,,,
NMZ,13,,,,,,,,,,,0,,,,,
NMZ,14,,,,,,,,,,,0,,,,,
NMZ,15,,,,,,,,,,,0,,,,,
NMZ,16,,,,,,,,,,,0,,,,,
NMZ,17,,,,,,,,,,,0,,,,,
NMZ,18,,,,,,,,,,,0,,,,,
NMZ,19,,,,,,,,,,,0,,,,,
NMZ,20,,,,,,,,,,,0,,,,,
NMZ,21,,,,,,,,,,,0,,,,,
NMZ,22,,,,,,,,,,,0,,,,,
NMZ,23,,,,,,,,,,,0,,,,,
NMZ,24,,,,,,,,,,,0,,,,,
NMZ,25,,,,,,,,,,,0,,,,,
NMZ,26,,,,,,,,,,,0,,,,,
NMZ,27,,,,,,,,,,,0,,,,,
NMZ,28,,,,,,,,,,,0,,,,,
NMZ,29,,,,,,,,,,,0,,,,,
NMZ,30,,,,,,,,,,,0,,,,,
NMZ,31,,,,,,,,,,,0,,,,,
NMZ,32,,,,,,,,,,,0,,,,,
NMZ,33,,,,,,,,,,,0,,,,,
NMZ,34,,,,,,,,,,,0,,,,,
NMZ,35,,,,,,,,,,,0,,,,,
NMZ,36,,,,,,,,,,,0,,,,,
NMZ,37,,,,,,,,,,,0,,,,,
NMZ,38,,,,,,,,,,,0,,,,,
NMZ,39,,,,,,,,,,,0,,,,,
NMZ,40,,,,,,,,,,,0,,,,,
NMZ,41,,,,,,,,,,,0,,,,,
NMZ,42,,,,,,,,,,,0,,,,,
NMZ,43,,,,,,,,,,,0,,,,,
NMZ,44,,,,,,,,,,,0,,,,,
NMZ,45,,,,,,,,,,,0,,,,,
NMZ,46,,,,,,,,,,,0,,,,,
NMZ,47,,,,,,,,,,,0,,,,,
NMZ,48,,,,,,,,,,,0,,,,,
NMZ,49,,,,,,,,,,,0,,,,,
NMZ,50,,,,,,,,,,,0,,,,,
NMZ,51,,,,,,,,,,,0,,,,,
NMZ,52,,,,,,,,,,,0,,,,,
NMZ,53,,,,,,,,,,,0,,,,,
NMZ,54,,,,,,,,,,,0,,,,,
NMZ,55,,,,,,,,,,,0,,,,,
NMZ,56,,,,,,,,,,,0,,,,,
NMZ,57,,,,,,,,,,,0,,,,,
NMZ,58,,,,,,,,,,,0,,,,,
NMZ,59,,,,,,,,,,,0,,,,,
NMZ,60,,,,,,,,,,,0,,,,,
NMZ,61,,,,,,,,,,,0,,,,,
NMZ,62,,,,,,,,,,,0,,,,,
NMZ,63,,,,,,,,,,,0,,,,,
NMZ,64,,,,,,,,,,,0,,,,,
NMZ,65,,,,,,,,,,,0,,,,,
NMZ,66,,,,,,,,,,,0,,,,,
NMZ,67,,,,,,,,,,,0,,,,,
NMZ,68,,,,,,,,,,,0,,,,,
NMZ,69,,,,,,,,,,,0,,,,,
NMZ,70,,,,,,,,,,,0,,,,,
NMZ,71,,,,,,,,,,,0,,,,,
NMZ,72,,,,,,,,,,,0,,,,,
NMZ,73,,,,,,,,,,,0,,,,,
NMZ,74,,,,,,,,,,,0,,,,,
NMZ,75,,,,,,,,,,,0,,,,,
NMZ,76,,,,,,,,,,,0,,,,,
NMZ,77,,,,,,,,,,,0,,,,,
NMZ,78,,,,,,,,,,,0,,,,,
NMZ,79,,,,,,,,,,,0,,,,,
NMZ,80,,,,,,,,,,,0,,,,,
NMZ,81,,,,,,,,,,,0,,,,,
NMZ,82,,,,,,,,,,,0,,,,,
NMZ,83,,,,,,,,,,,0,,,,,
NMZ,84,,,,,,,,,,,0,,,,,
NMZ,85,,,,,,,,,,,0,,,,,
NMZ,86,,,,,,,,,,,0,,,,,
NMZ,87,,,,,,,,,,,0,,,,,
NMZ,88,,,,,,,,,,,0,,,,,
NMZ,89,,,,,,,,,,,0,,,,,
NMZ,90,,,,,,,,,,,0,,,,,
NMZ,91,,,,,,,,,,,0,,,,,
NMZ,92,,,,,,,,,,,0,,,,,
NMZ,93,,,,,,,,,,,0,,,,,
NMZ,94,,,,,,,,,,,0,,,,,
Type,1,,,,,,,,,,,Gainer,,,,,
Type,2,,,,,,,,,,,Pile,,,,,
Type,3,,,,,,,,,,,Gainer,,,,,
Type,4,,,,,,,,,,,Gainer,,,,,
Type,5,,,,,,,,,,,Hold,,,,,
Type,6,,,,,,,,,,,Pile,,,,,
Type,7,,,,,,,,,,,Gainer,,,,,
Type,8,,,,,,,,,,,Pile,,,,,
Type,9,,,,,,,,,,,Gainer,,,,,
Type,10,,,,,,,,,,,Hold,,,,,
Type,11,,,,,,,,,,,Pile,,,,,
Type,12,,,,,,,,,,,Pile,,,,,
Type,13,,,,,,,,,,,NoStock -50K$,,,,,
Type,14,,,,,,,,,,,Hold,,,,,
Type,15,,,,,,,,,,,G_Trade,,,,,
Type,16,,,,,,,,,,,Hold,,,,,
Type,17,,,,,,,,,,,Pile,,,,,
Type,18,,,,,,,,,,,Hold,,,,,
Type,19,,,,,,,,,,,Pile,,,,,
Type,20,,,,,,,,,,,L_Trade,,,,,
Type,21,,,,,,,,,,,Pile,,,,,
Type,22,,,,,,,,,,,Pile,,,,,
Type,23,,,,,,,,,,,Hold,,,,,
Type,24,,,,,,,,,,,Pile,,,,,
Type,25,,,,,,,,,,,Pile,,,,,
Type,26,,,,,,,,,,,NoStock -17K$,,,,,
Type,27,,,,,,,,,,,Pile,,,,,
Type,28,,,,,,,,,,,Hold,,,,,
Type,29,,,,,,,,,,,Pile,,,,,
Type,30,,,,,,,,,,,Gainer,,,,,
Type,31,,,,,,,,,,,Pile,,,,,
Type,32,,,,,,,,,,,Gainer,,,,,
Type,33,,,,,,,,,,,Hold,,,,,
Type,34,,,,,,,,,,,Pile,,,,,
Type,35,,,,,,,,,,,Pile,,,,,
Type,36,,,,,,,,,,,G_Trade,,,,,
Type,37,,,,,,,,,,,Hold,,,,,
Type,38,,,,,,,,,,,Pile,,,,,
Type,39,,,,,,,,,,,Pile,,,,,
Type,40,,,,,,,,,,,Hold,,,,,
Type,41,,,,,,,,,,,Gainer,,,,,
Type,42,,,,,,,,,,,Hold,,,,,
Type,43,,,,,,,,,,,Pile,,,,,
Type,44,,,,,,,,,,,Pile,,,,,
Type,45,,,,,,,,,,,Hold,,,,,
Type,46,,,,,,,,,,,Gainer,,,,,
Type,47,,,,,,,,,,,Pile,,,,,
Type,48,,,,,,,,,,,Pile,,,,,
Type,49,,,,,,,,,,,NoStock -71K$,,,,,
Type,50,,,,,,,,,,,Hold,,,,,
Type,51,,,,,,,,,,,Pile,,,,,
Type,52,,,,,,,,,,,Hold,,,,,
Type,53,,,,,,,,,,,Hold,,,,,
Type,54,,,,,,,,,,,Gainer,,,,,
Type,55,,,,,,,,,,,Hold,,,,,
Type,56,,,,,,,,,,,Pile,,,,,
Type,57,,,,,,,,,,,Gainer,,,,,
Type,58,,,,,,,,,,,,,,,,
Type,59,,,,,,,,,,,Pile,,,,,
Type,60,,,,,,,,,,,Pile,,,,,
Type,61,,,,,,,,,,,Pile,,,,,
Type,62,,,,,,,,,,,Hold,,,,,
Type,63,,,,,,,,,,,Gainer,,,,,
Type,64,,,,,,,,,,,Pile,,,,,
Type,65,,,,,,,,,,,Gainer,,,,,
Type,66,,,,,,,,,,,Pile,,,,,
Type,67,,,,,,,,,,,Hold,,,,,
Type,68,,,,,,,,,,,Gainer,,,,,
Type,69,,,,,,,,,,,Pile,,,,,
Type,70,,,,,,,,,,,Pile,,,,,
Type,71,,,,,,,,,,,Hold,,,,,
Type,72,,,,,,,,,,,Hold,,,,,
Type,73,,,,,,,,,,,Pile,,,,,
Type,74,,,,,,,,,,,L_Trade,,,,,
Type,75,,,,,,,,,,,NoStock -16K$,,,,,
Type,76,,,,,,,,,,,Pile,,,,,
Type,77,,,,,,,,,,,Pile,,,,,
Type,78,,,,,,,,,,,Pile,,,,,
Type,79,,,,,,,,,,,Hold,,,,,
Type,80,,,,,,,,,,,Hold,,,,,
Type,81,,,,,,,,,,,Gainer,,,,,
Type,82,,,,,,,,,,,Hold,,,,,
Type,83,,,,,,,,,,,Pile,,,,,
Type,84,,,,,,,,,,,Pile,,,,,
Type,85,,,,,,,,,,,L_Trade,,,,,
Type,86,,,,,,,,,,,Pile,,,,,
Type,87,,,,,,,,,,,Pile,,,,,
Type,88,,,,,,,,,,,Pile,,,,,
Type,89,,,,,,,,,,,Hold,,,,,
Type,90,,,,,,,,,,,Pile,,,,,
Type,91,,,,,,,,,,,L_Trade,,,,,
Type,92,,,,,,,,,,,Gainer,,,,,
Type,93,,,,,,,,,,,Pile,,,,,
Type,94,,,,,,,,,,,Pile,,,,,
ReSale,1,,,,,,,,,,,673.0,,,,,
ReSale,2,,,,,,,,,,,2427.0,,,,,
ReSale,3,,,,,,,,,,,3680.0,,,,,
ReSale,4,,,,,,,,,,,16260.0,,,,,
ReSale,5,,,,,,,,,,,-6583.0,,,,,
ReSale,6,,,,,,,,,,,3430.0,,,,,
ReSale,7,,,,,,,,,,,9858.0,,,,,
ReSale,8,,,,,,,,,,,0.0,,,,,
ReSale,9,,,,,,,,,,,448.0,,,,,
ReSale,10,,,,,,,,,,,-131140.0,,,,,
ReSale,11,,,,,,,,,,,23.0,,,,,
ReSale,12,,,,,,,,,,,7963.0,,,,,
ReSale,13,,,,,,,,,,,22.0,,,,,
ReSale,14,,,,,,,,,,,-300.0,,,,,
ReSale,15,,,,,,,,,,,-12844.0,,,,,
ReSale,16,,,,,,,,,,,-29740.0,,,,,
ReSale,17,,,,,,,,,,,14639.0,,,,,
ReSale,18,,,,,,,,,,,-8478.0,,,,,
ReSale,19,,,,,,,,,,,23660.0,,,,,
ReSale,20,,,,,,,,,,,187.0,,,,,
ReSale,21,,,,,,,,,,,29.0,,,,,
ReSale,22,,,,,,,,,,,7288.0,,,,,
ReSale,23,,,,,,,,,,,-27594.0,,,,,
ReSale,24,,,,,,,,,,,8297.0,,,,,
ReSale,25,,,,,,,,,,,10411.0,,,,,
ReSale,26,,,,,,,,,,,0.0,,,,,
ReSale,27,,,,,,,,,,,24.0,,,,,
ReSale,28,,,,,,,,,,,29709.0,,,,,
ReSale,29,,,,,,,,,,,-13868.0,,,,,
ReSale,30,,,,,,,,,,,7230.0,,,,,
ReSale,31,,,,,,,,,,,19168.0,,,,,
ReSale,32,,,,,,,,,,,92748.0,,,,,
ReSale,33,,,,,,,,,,,-7979.0,,,,,
ReSale,34,,,,,,,,,,,21092.0,,,,,
ReSale,35,,,,,,,,,,,2493.0,,,,,
ReSale,36,,,,,,,,,,,2745.0,,,,,
ReSale,37,,,,,,,,,,,-2295.0,,,,,
ReSale,38,,,,,,,,,,,-4222.0,,,,,
ReSale,39,,,,,,,,,,,71.0,,,,,
ReSale,40,,,,,,,,,,,-10348.0,,,,,
ReSale,41,,,,,,,,,,,14463.0,,,,,
ReSale,42,,,,,,,,,,,-2753.0,,,,,
ReSale,43,,,,,,,,,,,-493.0,,,,,
ReSale,44,,,,,,,,,,,63091.0,,,,,
ReSale,45,,,,,,,,,,,614.0,,,,,
ReSale,46,,,,,,,,,,,6831.0,,,,,
ReSale,47,,,,,,,,,,,12150.0,,,,,
ReSale,48,,,,,,,,,,,5086.0,,,,,
ReSale,49,,,,,,,,,,,4.0,,,,,
ReSale,50,,,,,,,,,,,-30099.0,,,,,
ReSale,51,,,,,,,,,,,37.0,,,,,
ReSale,52,,,,,,,,,,,33.0,,,,,
ReSale,53,,,,,,,,,,,-9341.0,,,,,
ReSale,54,,,,,,,,,,,-5536.0,,,,,
ReSale,55,,,,,,,,,,,-29660.0,,,,,
ReSale,56,,,,,,,,,,,87.0,,,,,
ReSale,57,,,,,,,,,,,91512.0,,,,,
ReSale,58,,,,,,,,,,,,,,,,
ReSale,59,,,,,,,,,,,10307.0,,,,,
ReSale,60,,,,,,,,,,,11144.0,,,,,
ReSale,61,,,,,,,,,,,25.0,,,,,
ReSale,62,,,,,,,,,,,-5170.0,,,,,
ReSale,63,,,,,,,,,,,61.0,,,,,
ReSale,64,,,,,,,,,,,4846.0,,,,,
ReSale,65,,,,,,,,,,,10172.0,,,,,
ReSale,66,,,,,,,,,,,0.0,,,,,
ReSale,67,,,,,,,,,,,-713.0,,,,,
ReSale,68,,,,,,,,,,,-6967.0,,,,,
ReSale,69,,,,,,,,,,,0.0,,,,,
ReSale,70,,,,,,,,,,,0.0,,,,,
ReSale,71,,,,,,,,,,,24867.0,,,,,
ReSale,72,,,,,,,,,,,-16899.0,,,,,
ReSale,73,,,,,,,,,,,47670.0,,,,,
ReSale,74,,,,,,,,,,,-9784.0,,,,,
ReSale,75,,,,,,,,,,,0.0,,,,,
ReSale,76,,,,,,,,,,,0.0,,,,,
ReSale,77,,,,,,,,,,,7191.0,,,,,
ReSale,78,,,,,,,,,,,0.0,,,,,
ReSale,79,,,,,,,,,,,-61786.0,,,,,
ReSale,80,,,,,,,,,,,2145.0,,,,,
ReSale,81,,,,,,,,,,,-1962.0,,,,,
ReSale,82,,,,,,,,,,,-8832.0,,,,,
ReSale,83,,,,,,,,,,,0.0,,,,,
ReSale,84,,,,,,,,,,,0.0,,,,,
ReSale,85,,,,,,,,,,,11249.0,,,,,
ReSale,86,,,,,,,,,,,0.0,,,,,
ReSale,87,,,,,,,,,,,41098.0,,,,,
ReSale,88,,,,,,,,,,,0.0,,,,,
ReSale,89,,,,,,,,,,,-8509.0,,,,,
ReSale,90,,,,,,,,,,,173.0,,,,,
ReSale,91,,,,,,,,,,,-7017.0,,,,,
ReSale,92,,,,,,,,,,,359699.0,,,,,
ReSale,93,,,,,,,,,,,0.0,,,,,
ReSale,94,,,,,,,,,,,13987.0,,,,,
L_Bdate,1,,,,,,,,,,,2026-01-08 00:00:00,,,,,
L_Bdate,2,,,,,,,,,,,2025-07-17 00:00:00,,,,,
L_Bdate,3,,,,,,,,,,,2025-10-11 00:00:00,,,,,
L_Bdate,4,,,,,,,,,,,2026-02-17 00:00:00,,,,,
L_Bdate,5,,,,,,,,,,,2025-03-18 00:00:00,,,,,
L_Bdate,6,,,,,,,,,,,2026-04-09 00:00:00,,,,,
L_Bdate,7,,,,,,,,,,,2026-03-13 00:00:00,,,,,
L_Bdate,8,,,,,,,,,,,2025-06-20 00:00:00,,,,,
L_Bdate,9,,,,,,,,,,,2026-01-26 00:00:00,,,,,
L_Bdate,10,,,,,,,,,,,2011-01-01 00:00:00,,,,,
L_Bdate,11,,,,,,,,,,,2025-11-04 00:00:00,,,,,
L_Bdate,12,,,,,,,,,,,2025-09-26 00:00:00,,,,,
L_Bdate,13,,,,,,,,,,,2025-01-27 00:00:00,,,,,
L_Bdate,14,,,,,,,,,,,2025-05-13 00:00:00,,,,,
L_Bdate,15,,,,,,,,,,,2025-09-10 00:00:00,,,,,
L_Bdate,16,,,,,,,,,,,2026-01-13 00:00:00,,,,,
L_Bdate,17,,,,,,,,,,,2026-01-14 00:00:00,,,,,
L_Bdate,18,,,,,,,,,,,2025-07-21 00:00:00,,,,,
L_Bdate,19,,,,,,,,,,,2025-12-12 00:00:00,,,,,
L_Bdate,20,,,,,,,,,,,2026-04-02 00:00:00,,,,,
L_Bdate,21,,,,,,,,,,,2024-08-07 00:00:00,,,,,
L_Bdate,22,,,,,,,,,,,2026-01-09 00:00:00,,,,,
L_Bdate,23,,,,,,,,,,,2025-12-03 00:00:00,,,,,
L_Bdate,24,,,,,,,,,,,2026-03-20 00:00:00,,,,,
L_Bdate,25,,,,,,,,,,,2026-01-08 00:00:00,,,,,
L_Bdate,26,,,,,,,,,,,2024-12-17 00:00:00,,,,,
L_Bdate,27,,,,,,,,,,,2025-01-27 00:00:00,,,,,
L_Bdate,28,,,,,,,,,,,2025-01-29 00:00:00,,,,,
L_Bdate,29,,,,,,,,,,,2026-01-02 00:00:00,,,,,
L_Bdate,30,,,,,,,,,,,2026-01-09 00:00:00,,,,,
L_Bdate,31,,,,,,,,,,,2025-12-29 00:00:00,,,,,
L_Bdate,32,,,,,,,,,,,2026-01-30 00:00:00,,,,,
L_Bdate,33,,,,,,,,,,,2026-03-25 00:00:00,,,,,
L_Bdate,34,,,,,,,,,,,2025-10-21 00:00:00,,,,,
L_Bdate,35,,,,,,,,,,,2025-09-24 00:00:00,,,,,
L_Bdate,36,,,,,,,,,,,2025-11-12 00:00:00,,,,,
L_Bdate,37,,,,,,,,,,,2025-01-22 00:00:00,,,,,
L_Bdate,38,,,,,,,,,,,2026-02-12 00:00:00,,,,,
L_Bdate,39,,,,,,,,,,,2026-01-21 00:00:00,,,,,
L_Bdate,40,,,,,,,,,,,2026-01-21 00:00:00,,,,,
L_Bdate,41,,,,,,,,,,,2025-10-29 00:00:00,,,,,
L_Bdate,42,,,,,,,,,,,2025-01-07 00:00:00,,,,,
L_Bdate,43,,,,,,,,,,,2026-03-02 00:00:00,,,,,
L_Bdate,44,,,,,,,,,,,2025-10-22 00:00:00,,,,,
L_Bdate,45,,,,,,,,,,,2025-07-18 00:00:00,,,,,
L_Bdate,46,,,,,,,,,,,2025-08-05 00:00:00,,,,,
L_Bdate,47,,,,,,,,,,,2025-10-29 00:00:00,,,,,
L_Bdate,48,,,,,,,,,,,2026-03-13 00:00:00,,,,,
L_Bdate,49,,,,,,,,,,,2025-09-25 00:00:00,,,,,
L_Bdate,50,,,,,,,,,,,2025-02-06 00:00:00,,,,,
L_Bdate,51,,,,,,,,,,,2025-09-26 00:00:00,,,,,
L_Bdate,52,,,,,,,,,,,2026-04-08 00:00:00,,,,,
L_Bdate,53,,,,,,,,,,,2025-07-24 00:00:00,,,,,
L_Bdate,54,,,,,,,,,,,2024-09-13 00:00:00,,,,,
L_Bdate,55,,,,,,,,,,,2026-01-13 00:00:00,,,,,
L_Bdate,56,,,,,,,,,,,2025-01-21 00:00:00,,,,,
L_Bdate,57,,,,,,,,,,,2025-05-30 00:00:00,,,,,
L_Bdate,58,,,,,,,,,,,,,,,,
L_Bdate,59,,,,,,,,,,,2026-03-20 00:00:00,,,,,
L_Bdate,60,,,,,,,,,,,2025-08-15 00:00:00,,,,,
L_Bdate,61,,,,,,,,,,,2025-05-02 00:00:00,,,,,
L_Bdate,62,,,,,,,,,,,2026-01-21 00:00:00,,,,,
L_Bdate,63,,,,,,,,,,,2025-07-18 00:00:00,,,,,
L_Bdate,64,,,,,,,,,,,2026-01-23 00:00:00,,,,,
L_Bdate,65,,,,,,,,,,,2025-06-11 00:00:00,,,,,
L_Bdate,66,,,,,,,,,,,2025-08-06 00:00:00,,,,,
L_Bdate,67,,,,,,,,,,,2025-05-13 00:00:00,,,,,
L_Bdate,68,,,,,,,,,,,2025-10-06 00:00:00,,,,,
L_Bdate,69,,,,,,,,,,,2024-07-30 00:00:00,,,,,
L_Bdate,70,,,,,,,,,,,2024-10-11 00:00:00,,,,,
L_Bdate,71,,,,,,,,,,,2025-01-22 00:00:00,,,,,
L_Bdate,72,,,,,,,,,,,2025-06-26 00:00:00,,,,,
L_Bdate,73,,,,,,,,,,,2025-09-19 00:00:00,,,,,
L_Bdate,74,,,,,,,,,,,2025-09-02 00:00:00,,,,,
L_Bdate,75,,,,,,,,,,,2025-02-18 00:00:00,,,,,
L_Bdate,76,,,,,,,,,,,2025-01-17 00:00:00,,,,,
L_Bdate,77,,,,,,,,,,,2025-10-22 00:00:00,,,,,
L_Bdate,78,,,,,,,,,,,2024-10-01 00:00:00,,,,,
L_Bdate,79,,,,,,,,,,,2025-01-22 00:00:00,,,,,
L_Bdate,80,,,,,,,,,,,2025-12-05 00:00:00,,,,,
L_Bdate,81,,,,,,,,,,,2026-03-03 00:00:00,,,,,
L_Bdate,82,,,,,,,,,,,2026-02-27 00:00:00,,,,,
L_Bdate,83,,,,,,,,,,,2025-01-06 00:00:00,,,,,
L_Bdate,84,,,,,,,,,,,2024-09-12 00:00:00,,,,,
L_Bdate,85,,,,,,,,,,,2025-03-17 00:00:00,,,,,
L_Bdate,86,,,,,,,,,,,2025-11-26 00:00:00,,,,,
L_Bdate,87,,,,,,,,,,,2025-09-22 00:00:00,,,,,
L_Bdate,88,,,,,,,,,,,2024-12-30 00:00:00,,,,,
L_Bdate,89,,,,,,,,,,,2025-09-19 00:00:00,,,,,
L_Bdate,90,,,,,,,,,,,2025-10-08 00:00:00,,,,,
L_Bdate,91,,,,,,,,,,,2026-03-26 00:00:00,,,,,
L_Bdate,92,,,,,,,,,,,2022-05-25 00:00:00,,,,,
L_Bdate,93,,,,,,,,,,,2025-01-14 00:00:00,,,,,
L_Bdate,94,,,,,,,,,,,2025-11-13 00:00:00,,,,,
L_Bn,1,,,,,,,,,,,500.0,,,,,
L_Bn,2,,,,,,,,,,,190.0,,,,,
L_Bn,3,,,,,,,,,,,10000.0,,,,,
L_Bn,4,,,,,,,,,,,500.0,,,,,
L_Bn,5,,,,,,,,,,,15000.0,,,,,
L_Bn,6,,,,,,,,,,,400.0,,,,,
L_Bn,7,,,,,,,,,,,300.0,,,,,
L_Bn,8,,,,,,,,,,,4000.0,,,,,
L_Bn,9,,,,,,,,,,,5000.0,,,,,
L_Bn,10,,,,,,,,,,,12500.0,,,,,
L_Bn,11,,,,,,,,,,,100.0,,,,,
L_Bn,12,,,,,,,,,,,1000.0,,,,,
L_Bn,13,,,,,,,,,,,2000.0,,,,,
L_Bn,14,,,,,,,,,,,20000.0,,,,,
L_Bn,15,,,,,,,,,,,800.0,,,,,
L_Bn,16,,,,,,,,,,,4000.0,,,,,
L_Bn,17,,,,,,,,,,,300.0,,,,,
L_Bn,18,,,,,,,,,,,4000.0,,,,,
L_Bn,19,,,,,,,,,,,5000.0,,,,,
L_Bn,20,,,,,,,,,,,25000.0,,,,,
L_Bn,21,,,,,,,,,,,990.0,,,,,
L_Bn,22,,,,,,,,,,,2800.0,,,,,
L_Bn,23,,,,,,,,,,,4000.0,,,,,
L_Bn,24,,,,,,,,,,,20000.0,,,,,
L_Bn,25,,,,,,,,,,,2000.0,,,,,
L_Bn,26,,,,,,,,,,,3000.0,,,,,
L_Bn,27,,,,,,,,,,,2000.0,,,,,
L_Bn,28,,,,,,,,,,,3000.0,,,,,
L_Bn,29,,,,,,,,,,,140.0,,,,,
L_Bn,30,,,,,,,,,,,499.0,,,,,
L_Bn,31,,,,,,,,,,,1000.0,,,,,
L_Bn,32,,,,,,,,,,,5000.0,,,,,
L_Bn,33,,,,,,,,,,,25000.0,,,,,
L_Bn,34,,,,,,,,,,,1500.0,,,,,
L_Bn,35,,,,,,,,,,,4000.0,,,,,
L_Bn,36,,,,,,,,,,,2500.0,,,,,
L_Bn,37,,,,,,,,,,,6006.0,,,,,
L_Bn,38,,,,,,,,,,,1199.0,,,,,
L_Bn,39,,,,,,,,,,,1950.0,,,,,
L_Bn,40,,,,,,,,,,,200.0,,,,,
L_Bn,41,,,,,,,,,,,2632.0,,,,,
L_Bn,42,,,,,,,,,,,3000.0,,,,,
L_Bn,43,,,,,,,,,,,9.0,,,,,
L_Bn,44,,,,,,,,,,,800.0,,,,,
L_Bn,45,,,,,,,,,,,350.0,,,,,
L_Bn,46,,,,,,,,,,,7235.0,,,,,
L_Bn,47,,,,,,,,,,,1500.0,,,,,
L_Bn,48,,,,,,,,,,,1500.0,,,,,
L_Bn,49,,,,,,,,,,,5000.0,,,,,
L_Bn,50,,,,,,,,,,,6500.0,,,,,
L_Bn,51,,,,,,,,,,,300.0,,,,,
L_Bn,52,,,,,,,,,,,1700.0,,,,,
L_Bn,53,,,,,,,,,,,20000.0,,,,,
L_Bn,54,,,,,,,,,,,10000.0,,,,,
L_Bn,55,,,,,,,,,,,4000.0,,,,,
L_Bn,56,,,,,,,,,,,6000.0,,,,,
L_Bn,57,,,,,,,,,,,8000.0,,,,,
L_Bn,58,,,,,,,,,,,,,,,,
L_Bn,59,,,,,,,,,,,1500.0,,,,,
L_Bn,60,,,,,,,,,,,3000.0,,,,,
L_Bn,61,,,,,,,,,,,3000.0,,,,,
L_Bn,62,,,,,,,,,,,100.0,,,,,
L_Bn,63,,,,,,,,,,,39.0,,,,,
L_Bn,64,,,,,,,,,,,500.0,,,,,
L_Bn,65,,,,,,,,,,,500.0,,,,,
L_Bn,66,,,,,,,,,,,70.0,,,,,
L_Bn,67,,,,,,,,,,,21000.0,,,,,
L_Bn,68,,,,,,,,,,,530.0,,,,,
L_Bn,69,,,,,,,,,,,2000.0,,,,,
L_Bn,70,,,,,,,,,,,25000.0,,,,,
L_Bn,71,,,,,,,,,,,3000.0,,,,,
L_Bn,72,,,,,,,,,,,40000.0,,,,,
L_Bn,73,,,,,,,,,,,10010.0,,,,,
L_Bn,74,,,,,,,,,,,10000.0,,,,,
L_Bn,75,,,,,,,,,,,10000.0,,,,,
L_Bn,76,,,,,,,,,,,2000.0,,,,,
L_Bn,77,,,,,,,,,,,300.0,,,,,
L_Bn,78,,,,,,,,,,,100.0,,,,,
L_Bn,79,,,,,,,,,,,9647.0,,,,,
L_Bn,80,,,,,,,,,,,900.0,,,,,
L_Bn,81,,,,,,,,,,,150.0,,,,,
L_Bn,82,,,,,,,,,,,5500.0,,,,,
L_Bn,83,,,,,,,,,,,1000.0,,,,,
L_Bn,84,,,,,,,,,,,4000.0,,,,,
L_Bn,85,,,,,,,,,,,1000.0,,,,,
L_Bn,86,,,,,,,,,,,2000.0,,,,,
L_Bn,87,,,,,,,,,,,13000.0,,,,,
L_Bn,88,,,,,,,,,,,2300.0,,,,,
L_Bn,89,,,,,,,,,,,600.0,,,,,
L_Bn,90,,,,,,,,,,,300.0,,,,,
L_Bn,91,,,,,,,,,,,5000.0,,,,,
L_Bn,92,,,,,,,,,,,77100.0,,,,,
L_Bn,93,,,,,,,,,,,500.0,,,,,
L_Bn,94,,,,,,,,,,,3000.0,,,,,
L_Bp,1,,,,,,,,,,,-259.14,,,,,
L_Bp,2,,,,,,,,,,,-14.25,,,,,
L_Bp,3,,,,,,,,,,,-45.6,,,,,
L_Bp,4,,,,,,,,,,,-201.04,,,,,
L_Bp,5,,,,,,,,,,,-0.93,,,,,
L_Bp,6,,,,,,,,,,,-1226.2,,,,,
L_Bp,7,,,,,,,,,,,-321.96,,,,,
L_Bp,8,,,,,,,,,,,-69.84,,,,,
L_Bp,9,,,,,,,,,,,-2.55,,,,,
L_Bp,10,,,,,,,,,,,-12.7196,,,,,
L_Bp,11,,,,,,,,,,,-100.93,,,,,
L_Bp,12,,,,,,,,,,,-67.2,,,,,
L_Bp,13,,,,,,,,,,,-56.05619,,,,,
L_Bp,14,,,,,,,,,,,-1.91,,,,,
L_Bp,15,,,,,,,,,,,-115.8975,,,,,
L_Bp,16,,,,,,,,,,,-24.38,,,,,
L_Bp,17,,,,,,,,,,,-101.7,,,,,
L_Bp,18,,,,,,,,,,,-14.48,,,,,
L_Bp,19,,,,,,,,,,,-15.08,,,,,
L_Bp,20,,,,,,,,,,,-382.0466,,,,,
L_Bp,21,,,,,,,,,,,-46.676,,,,,
L_Bp,22,,,,,,,,,,,-22.21,,,,,
L_Bp,23,,,,,,,,,,,-25.28,,,,,
L_Bp,24,,,,,,,,,,,-346.0,,,,,
L_Bp,25,,,,,,,,,,,-59.89,,,,,
L_Bp,26,,,,,,,,,,,-7.42,,,,,
L_Bp,27,,,,,,,,,,,-5.0683,,,,,
L_Bp,28,,,,,,,,,,,-41.35,,,,,
L_Bp,29,,,,,,,,,,,-472.39,,,,,
L_Bp,30,,,,,,,,,,,-79.95,,,,,
L_Bp,31,,,,,,,,,,,-99.78,,,,,
L_Bp,32,,,,,,,,,,,-83.49,,,,,
L_Bp,33,,,,,,,,,,,-0.54,,,,,
L_Bp,34,,,,,,,,,,,-35.72,,,,,
L_Bp,35,,,,,,,,,,,-5.19,,,,,
L_Bp,36,,,,,,,,,,,-4.9789,,,,,
L_Bp,37,,,,,,,,,,,-1.1955,,,,,
L_Bp,38,,,,,,,,,,,-34.04,,,,,
L_Bp,39,,,,,,,,,,,-51.72,,,,,
L_Bp,40,,,,,,,,,,,-191.38,,,,,
L_Bp,41,,,,,,,,,,,-15.2,,,,,
L_Bp,42,,,,,,,,,,,-9.25,,,,,
L_Bp,43,,,,,,,,,,,-400.45,,,,,
L_Bp,44,,,,,,,,,,,-286.4025,,,,,
L_Bp,45,,,,,,,,,,,-37.2407,,,,,
L_Bp,46,,,,,,,,,,,-9.3,,,,,
L_Bp,47,,,,,,,,,,,-28.0,,,,,
L_Bp,48,,,,,,,,,,,-67.6,,,,,
L_Bp,49,,,,,,,,,,,-9.46,,,,,
L_Bp,50,,,,,,,,,,,-10.0599,,,,,
L_Bp,51,,,,,,,,,,,-117.49,,,,,
L_Bp,52,,,,,,,,,,,-5.8,,,,,
L_Bp,53,,,,,,,,,,,-0.9582865,,,,,
L_Bp,54,,,,,,,,,,,-2.45,,,,,
L_Bp,55,,,,,,,,,,,-24.36,,,,,
L_Bp,56,,,,,,,,,,,-11.06,,,,,
L_Bp,57,,,,,,,,,,,-12.96,,,,,
L_Bp,58,,,,,,,,,,,,,,,,
L_Bp,59,,,,,,,,,,,-64.0,,,,,
L_Bp,60,,,,,,,,,,,-14.35,,,,,
L_Bp,61,,,,,,,,,,,-33.095,,,,,
L_Bp,62,,,,,,,,,,,-191.33,,,,,
L_Bp,63,,,,,,,,,,,-37.425,,,,,
L_Bp,64,,,,,,,,,,,-250.77,,,,,
L_Bp,65,,,,,,,,,,,-213.25,,,,,
L_Bp,66,,,,,,,,,,,-595.11,,,,,
L_Bp,67,,,,,,,,,,,-1.929,,,,,
L_Bp,68,,,,,,,,,,,-112.98,,,,,
L_Bp,69,,,,,,,,,,,-44.62,,,,,
L_Bp,70,,,,,,,,,,,-198.16,,,,,
L_Bp,71,,,,,,,,,,,-38.8126,,,,,
L_Bp,72,,,,,,,,,,,-1.012,,,,,
L_Bp,73,,,,,,,,,,,-14.87,,,,,
L_Bp,74,,,,,,,,,,,-480.9,,,,,
L_Bp,75,,,,,,,,,,,-9.235,,,,,
L_Bp,76,,,,,,,,,,,-28.94,,,,,
L_Bp,77,,,,,,,,,,,-183.16,,,,,
L_Bp,78,,,,,,,,,,,-561.6015,,,,,
L_Bp,79,,,,,,,,,,,-6.44,,,,,
L_Bp,80,,,,,,,,,,,-37.81,,,,,
L_Bp,81,,,,,,,,,,,-517.04,,,,,
L_Bp,82,,,,,,,,,,,-10.14,,,,,
L_Bp,83,,,,,,,,,,,-98.036,,,,,
L_Bp,84,,,,,,,,,,,-9.78,,,,,
L_Bp,85,,,,,,,,,,,-47.24,,,,,
L_Bp,86,,,,,,,,,,,-25.73,,,,,
L_Bp,87,,,,,,,,,,,-3.38,,,,,
L_Bp,88,,,,,,,,,,,-36.7891,,,,,
L_Bp,89,,,,,,,,,,,-76.94,,,,,
L_Bp,90,,,,,,,,,,,-201.24,,,,,
L_Bp,91,,,,,,,,,,,-19.77,,,,,
L_Bp,92,,,,,,,,,,,-5.34,,,,,
L_Bp,93,,,,,,,,,,,-723.74,,,,,
L_Bp,94,,,,,,,,,,,-15.15,,,,,
L_Bpm%,1,,,,,,,,,,,0.005182540596568094,,,,,
L_Bpm%,2,,,,,,,,,,,0.47339246119733924,,,,,
L_Bpm%,3,,,,,,,,,,,0.44727272727272727,,,,,
L_Bpm%,4,,,,,,,,,,,0.13956772950995083,,,,,
L_Bpm%,5,,,,,,,,,,,-0.8979591836734695,,,,,
L_Bpm%,6,,,,,,,,,,,0.006964690638159953,,,,,
L_Bpm%,7,,,,,,,,,,,0.09284043842100827,,,,,
L_Bpm%,8,,,,,,,,,,,0.6592007026789636,,,,,
L_Bpm%,9,,,,,,,,,,,0.034090909090909206,,,,,
L_Bpm%,10,,,,,,,,,,,-4.7816363636363635,,,,,
L_Bpm%,11,,,,,,,,,,,0.19210758024493715,,,,,
L_Bpm%,12,,,,,,,,,,,0.19201635205001802,,,,,
L_Bpm%,13,,,,,,,,,,,0.2888075361583354,,,,,
L_Bpm%,14,,,,,,,,,,,-0.007915567282321848,,,,,
L_Bpm%,15,,,,,,,,,,,-0.16129759519038073,,,,,
L_Bpm%,16,,,,,,,,,,,-0.4404726735598226,,,,,
L_Bpm%,17,,,,,,,,,,,0.32483569010157337,,,,,
L_Bpm%,18,,,,,,,,,,,-0.17199514366653176,,,,,
L_Bpm%,19,,,,,,,,,,,0.23934426229508193,,,,,
L_Bpm%,20,,,,,,,,,,,0.0019681295715778453,,,,,
L_Bpm%,21,,,,,,,,,,,0.39156618653457603,,,,,
L_Bpm%,22,,,,,,,,,,,0.10515713134568894,,,,,
L_Bpm%,23,,,,,,,,,,,-0.37668137014649034,,,,,
L_Bpm%,24,,,,,,,,,,,0.10732714138286899,,,,,
L_Bpm%,25,,,,,,,,,,,0.14844305417318354,,,,,
L_Bpm%,26,,,,,,,,,,,-0.358974358974359,,,,,
L_Bpm%,27,,,,,,,,,,,0.322872411489646,,,,,
L_Bpm%,28,,,,,,,,,,,0.1936427457098284,,,,,
L_Bpm%,29,,,,,,,,,,,-0.2662234969308709,,,,,
L_Bpm%,30,,,,,,,,,,,0.15378916172734972,,,,,
L_Bpm%,31,,,,,,,,,,,0.1615126050420168,,,,,
L_Bpm%,32,,,,,,,,,,,0.1821921833676169,,,,,
L_Bpm%,33,,,,,,,,,,,-1.4545454545454548,,,,,
L_Bpm%,34,,,,,,,,,,,0.371900826446281,,,,,
L_Bpm%,35,,,,,,,,,,,0.19409937888198756,,,,,
L_Bpm%,36,,,,,,,,,,,0.1811019736842105,,,,,
L_Bpm%,37,,,,,,,,,,,-0.4713846153846154,,,,,
L_Bpm%,38,,,,,,,,,,,-0.11569977056702711,,,,,
L_Bpm%,39,,,,,,,,,,,0.12219959266802448,,,,,
L_Bpm%,40,,,,,,,,,,,-0.3718996415770609,,,,,
L_Bpm%,41,,,,,,,,,,,0.2660550458715597,,,,,
L_Bpm%,42,,,,,,,,,,,-0.11044417767106841,,,,,
L_Bpm%,43,,,,,,,,,,,-0.15879331548867828,,,,,
L_Bpm%,44,,,,,,,,,,,0.21636614862646394,,,,,
L_Bpm%,45,,,,,,,,,,,0.04511025641025649,,,,,
L_Bpm%,46,,,,,,,,,,,0.12839737582005617,,,,,
L_Bpm%,47,,,,,,,,,,,0.22484912241847074,,,,,
L_Bpm%,48,,,,,,,,,,,0.047887323943662054,,,,,
L_Bpm%,49,,,,,,,,,,,0.30492285084496684,,,,,
L_Bpm%,50,,,,,,,,,,,,,,,,
L_Bpm%,51,,,,,,,,,,,0.2421955624355005,,,,,
L_Bpm%,52,,,,,,,,,,,0.0034364261168385673,,,,,
L_Bpm%,53,,,,,,,,,,,-0.9556867346938777,,,,,
L_Bpm%,54,,,,,,,,,,,-0.29287598944591037,,,,,
L_Bpm%,55,,,,,,,,,,,-0.4392909896602658,,,,,
L_Bpm%,56,,,,,,,,,,,0.44211853720050437,,,,,
L_Bpm%,57,,,,,,,,,,,0.46950470732705685,,,,,
L_Bpm%,58,,,,,,,,,,,,,,,,
L_Bpm%,59,,,,,,,,,,,0.09719283396811963,,,,,
L_Bpm%,60,,,,,,,,,,,0.20608575380359612,,,,,
L_Bpm%,61,,,,,,,,,,,0.438306177868296,,,,,
L_Bpm%,62,,,,,,,,,,,-0.37154121863799294,,,,,
L_Bpm%,63,,,,,,,,,,,0.040384615384615456,,,,,
L_Bpm%,64,,,,,,,,,,,0.03731429229528964,,,,,
L_Bpm%,65,,,,,,,,,,,0.0873100791782581,,,,,
L_Bpm%,66,,,,,,,,,,,0.5180515063168124,,,,,
L_Bpm%,67,,,,,,,,,,,-0.01794195250659632,,,,,
L_Bpm%,68,,,,,,,,,,,-0.1320641282565131,,,,,
L_Bpm%,69,,,,,,,,,,,0.4183666818744705,,,,,
L_Bpm%,70,,,,,,,,,,,0.48875128998968015,,,,,
L_Bpm%,71,,,,,,,,,,,0.24312402496099839,,,,,
L_Bpm%,72,,,,,,,,,,,-0.7199184228416042,,,,,
L_Bpm%,73,,,,,,,,,,,0.39132214490380685,,,,,
L_Bpm%,74,,,,,,,,,,,-0.25626959247648895,,,,,
L_Bpm%,75,,,,,,,,,,,0.2458146182115149,,,,,
L_Bpm%,76,,,,,,,,,,,0.5917618846099592,,,,,
L_Bpm%,77,,,,,,,,,,,0.11600183402109122,,,,,
L_Bpm%,78,,,,,,,,,,,0.3786068038832545,,,,,
L_Bpm%,79,,,,,,,,,,,-356.7777777777778,,,,,
L_Bpm%,80,,,,,,,,,,,0.05945273631840797,,,,,
L_Bpm%,81,,,,,,,,,,,-0.026015518028297494,,,,,
L_Bpm%,82,,,,,,,,,,,-0.18874560375146557,,,,,
L_Bpm%,83,,,,,,,,,,,0.36803970863147034,,,,,
L_Bpm%,84,,,,,,,,,,,0.4589211618257262,,,,,
L_Bpm%,85,,,,,,,,,,,0.1927546138072454,,,,,
L_Bpm%,86,,,,,,,,,,,0.05421797463701518,,,,,
L_Bpm%,87,,,,,,,,,,,0.48396946564885496,,,,,
L_Bpm%,88,,,,,,,,,,,0.14304449103191247,,,,,
L_Bpm%,89,,,,,,,,,,,-0.2267219387755102,,,,,
L_Bpm%,90,,,,,,,,,,,0.0028738479833514225,,,,,
L_Bpm%,91,,,,,,,,,,,-0.0766214670805424,,,,,
L_Bpm%,92,,,,,,,,,,,0.4669594729486924,,,,,
L_Bpm%,93,,,,,,,,,,,0.41388079041140263,,,,,
L_Bpm%,94,,,,,,,,,,,0.2358133669609079,,,,,
ReverseS1,1,,,,,,,,,,,2394.0,,,,,
ReverseS1,2,,,,,,,,,,,39312.0,,,,,
ReverseS1,3,,,,,,,,,,,3670.0,,,,,
ReverseS1,4,,,,,,,,,,,47819.99999999999,,,,,
ReverseS1,5,,,,,,,,,,,-10650.0,,,,,
ReverseS1,6,,,,,,,,,,,20000.0,,,,,
ReverseS1,7,,,,,,,,,,,13565.000000000025,,,,,
ReverseS1,8,,,,,,,,,,,0.0,,,,,
ReverseS1,9,,,,,,,,,,,-1259.9999999999998,,,,,
ReverseS1,10,,,,,,,,,,,0.0,,,,,
ReverseS1,11,,,,,,,,,,,62.18000000000001,,,,,
ReverseS1,12,,,,,,,,,,,12117.5,,,,,
ReverseS1,13,,,,,,,,,,,32.57999999999999,,,,,
ReverseS1,14,,,,,,,,,,,-26475.000000000004,,,,,
ReverseS1,15,,,,,,,,,,,-7584.000000000004,,,,,
ReverseS1,16,,,,,,,,,,,-19430.0,,,,,
ReverseS1,17,,,,,,,,,,,9146.999999999998,,,,,
ReverseS1,18,,,,,,,,,,,-24849.999999999993,,,,,
ReverseS1,19,,,,,,,,,,,43249.99999999999,,,,,
ReverseS1,20,,,,,,,,,,,4344.778865,,,,,
ReverseS1,21,,,,,,,,,,,33.165000000000006,,,,,
ReverseS1,22,,,,,,,,,,,14299.999999999996,,,,,
ReverseS1,23,,,,,,,,,,,-9167.000000000002,,,,,
ReverseS1,24,,,,,,,,,,,8340.000000000004,,,,,
ReverseS1,25,,,,,,,,,,,8350.000000000002,,,,,
ReverseS1,26,,,,,,,,,,,0.0,,,,,
ReverseS1,27,,,,,,,,,,,45.05000000000001,,,,,
ReverseS1,28,,,,,,,,,,,4149.999999999998,,,,,
ReverseS1,29,,,,,,,,,,,-21162.0,,,,,
ReverseS1,30,,,,,,,,,,,32100.000000000007,,,,,
ReverseS1,31,,,,,,,,,,,20620.000000000004,,,,,
ReverseS1,32,,,,,,,,,,,51720.00000000003,,,,,
ReverseS1,33,,,,,,,,,,,-16600.0,,,,,
ReverseS1,34,,,,,,,,,,,29339.999999999996,,,,,
ReverseS1,35,,,,,,,,,,,430.200000000001,,,,,
ReverseS1,36,,,,,,,,,,,2400.0,,,,,
ReverseS1,37,,,,,,,,,,,-112.72499999999994,,,,,
ReverseS1,38,,,,,,,,,,,-24264.67,,,,,
ReverseS1,39,,,,,,,,,,,305.5,,,,,
ReverseS1,40,,,,,,,,,,,-46425.0,,,,,
ReverseS1,41,,,,,,,,,,,15780.000000000005,,,,,
ReverseS1,42,,,,,,,,,,,-3146.000000000001,,,,,
ReverseS1,43,,,,,,,,,,,90.64999999999998,,,,,
ReverseS1,44,,,,,,,,,,,130230.00000000001,,,,,
ReverseS1,45,,,,,,,,,,,-1161.600000000001,,,,,
ReverseS1,46,,,,,,,,,,,0.0,,,,,
ReverseS1,47,,,,,,,,,,,22746.800000000003,,,,,
ReverseS1,48,,,,,,,,,,,2583.900000000005,,,,,
ReverseS1,49,,,,,,,,,,,5.379999999999999,,,,,
ReverseS1,50,,,,,,,,,,,-15720.0,,,,,
ReverseS1,51,,,,,,,,,,,48.94999999999999,,,,,
ReverseS1,52,,,,,,,,,,,-4199.999999999999,,,,,
ReverseS1,53,,,,,,,,,,,-10400.0,,,,,
ReverseS1,54,,,,,,,,,,,-6570.084999999999,,,,,
ReverseS1,55,,,,,,,,,,,-19942.499999999996,,,,,
ReverseS1,56,,,,,,,,,,,91.6,,,,,
ReverseS1,57,,,,,,,,,,,23680.0,,,,,
ReverseS1,58,,,,,,,,,,,0.0,,,,,
ReverseS1,59,,,,,,,,,,,16869.999999999996,,,,,
ReverseS1,60,,,,,,,,,,,29310.0,,,,,
ReverseS1,61,,,,,,,,,,,30.71,,,,,
ReverseS1,62,,,,,,,,,,,-12495.999999999998,,,,,
ReverseS1,63,,,,,,,,,,,9.900000000000013,,,,,
ReverseS1,64,,,,,,,,,,,17890.1,,,,,
ReverseS1,65,,,,,,,,,,,10040.0,,,,,
ReverseS1,66,,,,,,,,,,,0.0,,,,,
ReverseS1,67,,,,,,,,,,,-19907.5,,,,,
ReverseS1,68,,,,,,,,,,,-6167.000000000002,,,,,
ReverseS1,69,,,,,,,,,,,0.0,,,,,
ReverseS1,70,,,,,,,,,,,0.0,,,,,
ReverseS1,71,,,,,,,,,,,-21261.700000000004,,,,,
ReverseS1,72,,,,,,,,,,,-27032.0,,,,,
ReverseS1,73,,,,,,,,,,,47550.0,,,,,
ReverseS1,74,,,,,,,,,,,-14140.000000000002,,,,,
ReverseS1,75,,,,,,,,,,,0.0,,,,,
ReverseS1,76,,,,,,,,,,,0.0,,,,,
ReverseS1,77,,,,,,,,,,,8099.000000000001,,,,,
ReverseS1,78,,,,,,,,,,,0.0,,,,,
ReverseS1,79,,,,,,,,,,,-22233.595999999998,,,,,
ReverseS1,80,,,,,,,,,,,10452.860000000004,,,,,
ReverseS1,81,,,,,,,,,,,-6195.999999999998,,,,,
ReverseS1,82,,,,,,,,,,,-5484.599999999999,,,,,
ReverseS1,83,,,,,,,,,,,0.0,,,,,
ReverseS1,84,,,,,,,,,,,0.0,,,,,
ReverseS1,85,,,,,,,,,,,9387.0,,,,,
ReverseS1,86,,,,,,,,,,,0.0,,,,,
ReverseS1,87,,,,,,,,,,,52650.0,,,,,
ReverseS1,88,,,,,,,,,,,0.0,,,,,
ReverseS1,89,,,,,,,,,,,1547.999999999999,,,,,
ReverseS1,90,,,,,,,,,,,49639.999999999985,,,,,
ReverseS1,91,,,,,,,,,,,0.0,,,,,
ReverseS1,92,,,,,,,,,,,0.0,,,,,
ReverseS1,93,,,,,,,,,,,0.0,,,,,
ReverseS1,94,,,,,,,,,,,25024.999999999996,,,,,
L_B1D,1,,,,,,,,,,,2025-10-13 00:00:00,,,,,
L_B1D,2,,,,,,,,,,,2025-06-18 00:00:00,,,,,
L_B1D,3,,,,,,,,,,,2025-10-10 00:00:00,,,,,
L_B1D,4,,,,,,,,,,,2026-02-09 00:00:00,,,,,
L_B1D,5,,,,,,,,,,,2025-02-28 00:00:00,,,,,
L_B1D,6,,,,,,,,,,,2026-03-31 00:00:00,,,,,
L_B1D,7,,,,,,,,,,,2026-01-22 00:00:00,,,,,
L_B1D,8,,,,,,,,,,,2025-03-06 00:00:00,,,,,
L_B1D,9,,,,,,,,,,,2025-01-07 00:00:00,,,,,
L_B1D,10,,,,,,,,,,,,,,,,
L_B1D,11,,,,,,,,,,,2025-04-17 00:00:00,,,,,
L_B1D,12,,,,,,,,,,,2025-05-02 00:00:00,,,,,
L_B1D,13,,,,,,,,,,,2025-01-06 00:00:00,,,,,
L_B1D,14,,,,,,,,,,,2025-02-26 00:00:00,,,,,
L_B1D,15,,,,,,,,,,,2025-02-18 00:00:00,,,,,
L_B1D,16,,,,,,,,,,,2025-08-14 00:00:00,,,,,
L_B1D,17,,,,,,,,,,,2025-11-10 00:00:00,,,,,
L_B1D,18,,,,,,,,,,,2024-06-20 00:00:00,,,,,
L_B1D,19,,,,,,,,,,,2025-12-09 00:00:00,,,,,
L_B1D,20,,,,,,,,,,,2026-03-12 00:00:00,,,,,
L_B1D,21,,,,,,,,,,,2024-04-05 00:00:00,,,,,
L_B1D,22,,,,,,,,,,,2025-12-02 00:00:00,,,,,
L_B1D,23,,,,,,,,,,,2025-10-16 00:00:00,,,,,
L_B1D,24,,,,,,,,,,,2026-03-12 00:00:00,,,,,
L_B1D,25,,,,,,,,,,,2025-12-04 00:00:00,,,,,
L_B1D,26,,,,,,,,,,,2024-03-19 00:00:00,,,,,
L_B1D,27,,,,,,,,,,,2024-08-02 00:00:00,,,,,
L_B1D,28,,,,,,,,,,,2025-01-07 00:00:00,,,,,
L_B1D,29,,,,,,,,,,,2025-12-03 00:00:00,,,,,
L_B1D,30,,,,,,,,,,,2025-12-04 00:00:00,,,,,
L_B1D,31,,,,,,,,,,,2025-12-16 00:00:00,,,,,
L_B1D,32,,,,,,,,,,,2026-01-09 00:00:00,,,,,
L_B1D,33,,,,,,,,,,,2025-12-08 00:00:00,,,,,
L_B1D,34,,,,,,,,,,,2025-06-27 00:00:00,,,,,
L_B1D,35,,,,,,,,,,,2025-02-12 00:00:00,,,,,
L_B1D,36,,,,,,,,,,,2025-06-25 00:00:00,,,,,
L_B1D,37,,,,,,,,,,,2024-06-25 00:00:00,,,,,
L_B1D,38,,,,,,,,,,,2026-01-12 00:00:00,,,,,
L_B1D,39,,,,,,,,,,,2025-02-17 00:00:00,,,,,
L_B1D,40,,,,,,,,,,,2025-10-02 00:00:00,,,,,
L_B1D,41,,,,,,,,,,,2025-06-25 00:00:00,,,,,
L_B1D,42,,,,,,,,,,,2024-06-06 00:00:00,,,,,
L_B1D,43,,,,,,,,,,,2025-02-12 00:00:00,,,,,
L_B1D,44,,,,,,,,,,,2025-08-01 00:00:00,,,,,
L_B1D,45,,,,,,,,,,,2025-02-06 00:00:00,,,,,
L_B1D,46,,,,,,,,,,,,,,,,
L_B1D,47,,,,,,,,,,,2024-12-03 00:00:00,,,,,
L_B1D,48,,,,,,,,,,,2026-03-11 00:00:00,,,,,
L_B1D,49,,,,,,,,,,,2025-05-23 00:00:00,,,,,
L_B1D,50,,,,,,,,,,,2024-10-12 00:00:00,,,,,
L_B1D,51,,,,,,,,,,,2024-12-30 00:00:00,,,,,
L_B1D,52,,,,,,,,,,,2025-10-09 00:00:00,,,,,
L_B1D,53,,,,,,,,,,,2025-02-28 00:00:00,,,,,
L_B1D,54,,,,,,,,,,,2024-06-25 00:00:00,,,,,
L_B1D,55,,,,,,,,,,,2025-06-26 00:00:00,,,,,
L_B1D,56,,,,,,,,,,,2024-10-04 00:00:00,,,,,
L_B1D,57,,,,,,,,,,,2025-05-05 00:00:00,,,,,
L_B1D,58,,,,,,,,,,,,,,,,
L_B1D,59,,,,,,,,,,,2025-10-17 00:00:00,,,,,
L_B1D,60,,,,,,,,,,,2025-05-30 00:00:00,,,,,
L_B1D,61,,,,,,,,,,,2024-12-20 00:00:00,,,,,
L_B1D,62,,,,,,,,,,,2026-01-06 00:00:00,,,,,
L_B1D,63,,,,,,,,,,,2025-07-17 00:00:00,,,,,
L_B1D,64,,,,,,,,,,,2025-06-11 00:00:00,,,,,
L_B1D,65,,,,,,,,,,,2025-03-10 00:00:00,,,,,
L_B1D,66,,,,,,,,,,,2025-03-26 00:00:00,,,,,
L_B1D,67,,,,,,,,,,,2025-03-17 00:00:00,,,,,
L_B1D,68,,,,,,,,,,,2025-01-10 00:00:00,,,,,
L_B1D,69,,,,,,,,,,,2024-07-08 00:00:00,,,,,
L_B1D,70,,,,,,,,,,,2024-07-23 00:00:00,,,,,
L_B1D,71,,,,,,,,,,,2024-09-05 00:00:00,,,,,
L_B1D,72,,,,,,,,,,,2024-10-07 00:00:00,,,,,
L_B1D,73,,,,,,,,,,,2025-09-18 00:00:00,,,,,
L_B1D,74,,,,,,,,,,,2025-07-10 00:00:00,,,,,
L_B1D,75,,,,,,,,,,,2024-08-01 00:00:00,,,,,
L_B1D,76,,,,,,,,,,,2024-09-06 00:00:00,,,,,
L_B1D,77,,,,,,,,,,,2025-09-23 00:00:00,,,,,
L_B1D,78,,,,,,,,,,,2024-08-08 00:00:00,,,,,
L_B1D,79,,,,,,,,,,,2024-06-12 00:00:00,,,,,
L_B1D,80,,,,,,,,,,,2025-01-31 00:00:00,,,,,
L_B1D,81,,,,,,,,,,,2025-09-24 00:00:00,,,,,
L_B1D,82,,,,,,,,,,,2025-01-06 00:00:00,,,,,
L_B1D,83,,,,,,,,,,,2024-12-30 00:00:00,,,,,
L_B1D,84,,,,,,,,,,,2024-06-21 00:00:00,,,,,
L_B1D,85,,,,,,,,,,,2025-02-12 00:00:00,,,,,
L_B1D,86,,,,,,,,,,,2024-07-08 00:00:00,,,,,
L_B1D,87,,,,,,,,,,,2025-07-28 00:00:00,,,,,
L_B1D,88,,,,,,,,,,,2024-07-31 00:00:00,,,,,
L_B1D,89,,,,,,,,,,,2024-07-30 00:00:00,,,,,
L_B1D,90,,,,,,,,,,,2025-07-25 00:00:00,,,,,
L_B1D,91,,,,,,,,,,,,,,,,
L_B1D,92,,,,,,,,,,,,,,,,
L_B1D,93,,,,,,,,,,,,,,,,
L_B1D,94,,,,,,,,,,,2025-09-02 00:00:00,,,,,
L_B1n,1,,,,,,,,,,,200.0,,,,,
L_B1n,2,,,,,,,,,,,2800.0,,,,,
L_B1n,3,,,,,,,,,,,10000.0,,,,,
L_B1n,4,,,,,,,,,,,2000.0,,,,,
L_B1n,5,,,,,,,,,,,15000.0,,,,,
L_B1n,6,,,,,,,,,,,200.0,,,,,
L_B1n,7,,,,,,,,,,,500.0,,,,,
L_B1n,8,,,,,,,,,,,800.0,,,,,
L_B1n,9,,,,,,,,,,,6000.0,,,,,
L_B1n,10,,,,,,,,,,,0.0,,,,,
L_B1n,11,,,,,,,,,,,500.0,,,,,
L_B1n,12,,,,,,,,,,,1990.0,,,,,
L_B1n,13,,,,,,,,,,,2300.0,,,,,
L_B1n,14,,,,,,,,,,,15000.0,,,,,
L_B1n,15,,,,,,,,,,,800.0,,,,,
L_B1n,16,,,,,,,,,,,2000.0,,,,,
L_B1n,17,,,,,,,,,,,1600.0,,,,,
L_B1n,18,,,,,,,,,,,4000.0,,,,,
L_B1n,19,,,,,,,,,,,10000.0,,,,,
L_B1n,20,,,,,,,,,,,1135.0,,,,,
L_B1n,21,,,,,,,,,,,4000.0,,,,,
L_B1n,22,,,,,,,,,,,5000.0,,,,,
L_B1n,23,,,,,,,,,,,1000.0,,,,,
L_B1n,24,,,,,,,,,,,30000.0,,,,,
L_B1n,25,,,,,,,,,,,2000.0,,,,,
L_B1n,26,,,,,,,,,,,5000.0,,,,,
L_B1n,27,,,,,,,,,,,15000.0,,,,,
L_B1n,28,,,,,,,,,,,1000.0,,,,,
L_B1n,29,,,,,,,,,,,200.0,,,,,
L_B1n,30,,,,,,,,,,,3000.0,,,,,
L_B1n,31,,,,,,,,,,,1000.0,,,,,
L_B1n,32,,,,,,,,,,,4000.0,,,,,
L_B1n,33,,,,,,,,,,,10000.0,,,,,
L_B1n,34,,,,,,,,,,,1000.0,,,,,
L_B1n,35,,,,,,,,,,,2000.0,,,,,
L_B1n,36,,,,,,,,,,,2500.0,,,,,
L_B1n,37,,,,,,,,,,,3006.0,,,,,
L_B1n,38,,,,,,,,,,,2500.0,,,,,
L_B1n,39,,,,,,,,,,,4000.0,,,,,
L_B1n,40,,,,,,,,,,,500.0,,,,,
L_B1n,41,,,,,,,,,,,3000.0,,,,,
L_B1n,42,,,,,,,,,,,4000.0,,,,,
L_B1n,43,,,,,,,,,,,400.0,,,,,
L_B1n,44,,,,,,,,,,,1000.0,,,,,
L_B1n,45,,,,,,,,,,,363.0,,,,,
L_B1n,46,,,,,,,,,,,0.0,,,,,
L_B1n,47,,,,,,,,,,,3000.0,,,,,
L_B1n,48,,,,,,,,,,,891.0,,,,,
L_B1n,49,,,,,,,,,,,5000.0,,,,,
L_B1n,50,,,,,,,,,,,1500.0,,,,,
L_B1n,51,,,,,,,,,,,1800.0,,,,,
L_B1n,52,,,,,,,,,,,5000.0,,,,,
L_B1n,53,,,,,,,,,,,20000.0,,,,,
L_B1n,54,,,,,,,,,,,5000.0,,,,,
L_B1n,55,,,,,,,,,,,1500.0,,,,,
L_B1n,56,,,,,,,,,,,30000.0,,,,,
L_B1n,57,,,,,,,,,,,2000.0,,,,,
L_B1n,58,,,,,,,,,,,0.0,,,,,
L_B1n,59,,,,,,,,,,,1000.0,,,,,
L_B1n,60,,,,,,,,,,,6000.0,,,,,
L_B1n,61,,,,,,,,,,,4000.0,,,,,
L_B1n,62,,,,,,,,,,,200.0,,,,,
L_B1n,63,,,,,,,,,,,9.0,,,,,
L_B1n,64,,,,,,,,,,,290.0,,,,,
L_B1n,65,,,,,,,,,,,250.0,,,,,
L_B1n,66,,,,,,,,,,,50.0,,,,,
L_B1n,67,,,,,,,,,,,25000.0,,,,,
L_B1n,68,,,,,,,,,,,700.0,,,,,
L_B1n,69,,,,,,,,,,,1250.0,,,,,
L_B1n,70,,,,,,,,,,,50000.0,,,,,
L_B1n,71,,,,,,,,,,,1000.0,,,,,
L_B1n,72,,,,,,,,,,,20000.0,,,,,
L_B1n,73,,,,,,,,,,,9990.0,,,,,
L_B1n,74,,,,,,,,,,,10000.0,,,,,
L_B1n,75,,,,,,,,,,,8000.0,,,,,
L_B1n,76,,,,,,,,,,,2000.0,,,,,
L_B1n,77,,,,,,,,,,,200.0,,,,,
L_B1n,78,,,,,,,,,,,200.0,,,,,
L_B1n,79,,,,,,,,,,,518.0,,,,,
L_B1n,80,,,,,,,,,,,1200.0,,,,,
L_B1n,81,,,,,,,,,,,100.0,,,,,
L_B1n,82,,,,,,,,,,,4500.0,,,,,
L_B1n,83,,,,,,,,,,,400.0,,,,,
L_B1n,84,,,,,,,,,,,8300.0,,,,,
L_B1n,85,,,,,,,,,,,900.0,,,,,
L_B1n,86,,,,,,,,,,,2000.0,,,,,
L_B1n,87,,,,,,,,,,,25000.0,,,,,
L_B1n,88,,,,,,,,,,,2300.0,,,,,
L_B1n,89,,,,,,,,,,,2000.0,,,,,
L_B1n,90,,,,,,,,,,,1000.0,,,,,
L_B1n,91,,,,,,,,,,,0.0,,,,,
L_B1n,92,,,,,,,,,,,0.0,,,,,
L_B1n,93,,,,,,,,,,,0.0,,,,,
L_B1n,94,,,,,,,,,,,5000.0,,,,,
L_B1p,1,,,,,,,,,,,-248.52,,,,,
L_B1p,2,,,,,,,,,,,-13.02,,,,,
L_B1p,3,,,,,,,,,,,-45.8,,,,,
L_B1p,4,,,,,,,,,,,-209.74,,,,,
L_B1p,5,,,,,,,,,,,-1.2,,,,,
L_B1p,6,,,,,,,,,,,-1134.8,,,,,
L_B1p,7,,,,,,,,,,,-327.78,,,,,
L_B1p,8,,,,,,,,,,,-77.67,,,,,
L_B1p,9,,,,,,,,,,,-2.85,,,,,
L_B1p,10,,,,,,,,,,,0.0,,,,,
L_B1p,11,,,,,,,,,,,-62.75,,,,,
L_B1p,12,,,,,,,,,,,-58.935,,,,,
L_B1p,13,,,,,,,,,,,-46.24,,,,,
L_B1p,14,,,,,,,,,,,-3.66,,,,,
L_B1p,15,,,,,,,,,,,-109.28,,,,,
L_B1p,16,,,,,,,,,,,-26.64,,,,,
L_B1p,17,,,,,,,,,,,-120.14,,,,,
L_B1p,18,,,,,,,,,,,-18.5675,,,,,
L_B1p,19,,,,,,,,,,,-15.5,,,,,
L_B1p,20,,,,,,,,,,,-0.0001,,,,,
L_B1p,21,,,,,,,,,,,-43.55,,,,,
L_B1p,22,,,,,,,,,,,-21.96,,,,,
L_B1p,23,,,,,,,,,,,-27.53,,,,,
L_B1p,24,,,,,,,,,,,-359.8,,,,,
L_B1p,25,,,,,,,,,,,-61.98,,,,,
L_B1p,26,,,,,,,,,,,-3.92,,,,,
L_B1p,27,,,,,,,,,,,-2.98,,,,,
L_B1p,28,,,,,,,,,,,-47.13,,,,,
L_B1p,29,,,,,,,,,,,-478.88,,,,,
L_B1p,30,,,,,,,,,,,-83.78,,,,,
L_B1p,31,,,,,,,,,,,-98.38,,,,,
L_B1p,32,,,,,,,,,,,-89.16,,,,,
L_B1p,33,,,,,,,,,,,-1.88,,,,,
L_B1p,34,,,,,,,,,,,-27.53,,,,,
L_B1p,35,,,,,,,,,,,-6.2249,,,,,
L_B1p,36,,,,,,,,,,,-5.12,,,,,
L_B1p,37,,,,,,,,,,,-0.85,,,,,
L_B1p,38,,,,,,,,,,,-40.215868,,,,,
L_B1p,39,,,,,,,,,,,-28.37,,,,,
L_B1p,40,,,,,,,,,,,-232.35,,,,,
L_B1p,41,,,,,,,,,,,-15.45,,,,,
L_B1p,42,,,,,,,,,,,-9.1165,,,,,
L_B1p,43,,,,,,,,,,,-336.51,,,,,
L_B1p,44,,,,,,,,,,,-235.25,,,,,
L_B1p,45,,,,,,,,,,,-42.2,,,,,
L_B1p,46,,,,,,,,,,,0.0,,,,,
L_B1p,47,,,,,,,,,,,-24.15,,,,,
L_B1p,48,,,,,,,,,,,-68.1,,,,,
L_B1p,49,,,,,,,,,,,-8.23,,,,,
L_B1p,50,,,,,,,,,,,-10.48,,,,,
L_B1p,51,,,,,,,,,,,-106.09,,,,,
L_B1p,52,,,,,,,,,,,-6.66,,,,,
L_B1p,53,,,,,,,,,,,-1.01,,,,,
L_B1p,54,,,,,,,,,,,-3.209017,,,,,
L_B1p,55,,,,,,,,,,,-30.22,,,,,
L_B1p,56,,,,,,,,,,,-10.665,,,,,
L_B1p,57,,,,,,,,,,,-12.59,,,,,
L_B1p,58,,,,,,,,,,,0.0,,,,,
L_B1p,59,,,,,,,,,,,-54.02,,,,,
L_B1p,60,,,,,,,,,,,-13.19,,,,,
L_B1p,61,,,,,,,,,,,-28.21,,,,,
L_B1p,62,,,,,,,,,,,-201.98,,,,,
L_B1p,63,,,,,,,,,,,-37.9,,,,,
L_B1p,64,,,,,,,,,,,-198.8,,,,,
L_B1p,65,,,,,,,,,,,-193.49,,,,,
L_B1p,66,,,,,,,,,,,-661.5,,,,,
L_B1p,67,,,,,,,,,,,-2.6913,,,,,
L_B1p,68,,,,,,,,,,,-108.61,,,,,
L_B1p,69,,,,,,,,,,,-46.3188,,,,,
L_B1p,70,,,,,,,,,,,-164.36,,,,,
L_B1p,71,,,,,,,,,,,-72.5417,,,,,
L_B1p,72,,,,,,,,,,,-1.94,,,,,
L_B1p,73,,,,,,,,,,,-14.92,,,,,
L_B1p,74,,,,,,,,,,,-524.2,,,,,
L_B1p,75,,,,,,,,,,,-9.61,,,,,
L_B1p,76,,,,,,,,,,,-21.87,,,,,
L_B1p,77,,,,,,,,,,,-166.7,,,,,
L_B1p,78,,,,,,,,,,,-486.0973,,,,,
L_B1p,79,,,,,,,,,,,-42.94,,,,,
L_B1p,80,,,,,,,,,,,-30.6974,,,,,
L_B1p,81,,,,,,,,,,,-565.89,,,,,
L_B1p,82,,,,,,,,,,,-9.7488,,,,,
L_B1p,83,,,,,,,,,,,-97.66,,,,,
L_B1p,84,,,,,,,,,,,-9.596,,,,,
L_B1p,85,,,,,,,,,,,-48.09,,,,,
L_B1p,86,,,,,,,,,,,-27.925,,,,,
L_B1p,87,,,,,,,,,,,-3.04,,,,,
L_B1p,88,,,,,,,,,,,-31.62,,,,,
L_B1p,89,,,,,,,,,,,-60.14,,,,,
L_B1p,90,,,,,,,,,,,-152.18,,,,,
L_B1p,91,,,,,,,,,,,0.0,,,,,
L_B1p,92,,,,,,,,,,,0.0,,,,,
L_B1p,93,,,,,,,,,,,0.0,,,,,
L_B1p,94,,,,,,,,,,,-14.82,,,,,
ReverseB,1,,,,,,,,,,,4775.0000000000055,,,,,
ReverseB,2,,,,,,,,,,,-10200.0,,,,,
ReverseB,3,,,,,,,,,,,-6098.0,,,,,
ReverseB,4,,,,,,,,,,,-2427.0000000000036,,,,,
ReverseB,5,,,,,,,,,,,0.0,,,,,
ReverseB,6,,,,,,,,,,,6120.000000000027,,,,,
ReverseB,7,,,,,,,,,,,-2518.0000000000064,,,,,
ReverseB,8,,,,,,,,,,,-114.93,,,,,
ReverseB,9,,,,,,,,,,,4260.5999999999985,,,,,
ReverseB,10,,,,,,,,,,,0.0,,,,,
ReverseB,11,,,,,,,,,,,-1422.4080000000008,,,,,
ReverseB,12,,,,,,,,,,,-4494.999999999997,,,,,
ReverseB,13,,,,,,,,,,,-1029.6149999999977,,,,,
ReverseB,14,,,,,,,,,,,12549.999999999998,,,,,
ReverseB,15,,,,,,,,,,,15663.999999999998,,,,,
ReverseB,16,,,,,,,,,,,24430.0,,,,,
ReverseB,17,,,,,,,,,,,476.0000000000048,,,,,
ReverseB,18,,,,,,,,,,,5989.999999999998,,,,,
ReverseB,19,,,,,,,,,,,-5574.999999999992,,,,,
ReverseB,20,,,,,,,,,,,12820.0,,,,,
ReverseB,21,,,,,,,,,,,2.204999999999913,,,,,
ReverseB,22,,,,,,,,,,,-1750.000000000007,,,,,
ReverseB,23,,,,,,,,,,,10577.000000000002,,,,,
ReverseB,24,,,,,,,,,,,5934.999999999996,,,,,
ReverseB,25,,,,,,,,,,,-7539.999999999992,,,,,
ReverseB,26,,,,,,,,,,,9000.000000000002,,,,,
ReverseB,27,,,,,,,,,,,-678.1500000000005,,,,,
ReverseB,28,,,,,,,,,,,-9180.000000000007,,,,,
ReverseB,29,,,,,,,,,,,15591.800000000001,,,,,
ReverseB,30,,,,,,,,,,,-765.0000000000006,,,,,
ReverseB,31,,,,,,,,,,,-12799.999999999996,,,,,
ReverseB,32,,,,,,,,,,,21265.999999999993,,,,,
ReverseB,33,,,,,,,,,,,0.0,,,,,
ReverseB,34,,,,,,,,,,,-11419.999999999995,,,,,
ReverseB,35,,,,,,,,,,,2340.0,,,,,
ReverseB,36,,,,,,,,,,,1775.0,,,,,
ReverseB,37,,,,,,,,,,,2186.8650000000002,,,,,
ReverseB,38,,,,,,,,,,,8885.0,,,,,
ReverseB,39,,,,,,,,,,,-10626.600000000008,,,,,
ReverseB,40,,,,,,,,,,,19660.000000000004,,,,,
ReverseB,41,,,,,,,,,,,-7400.000000000002,,,,,
ReverseB,42,,,,,,,,,,,13312.599900000001,,,,,
ReverseB,43,,,,,,,,,,,737.6850000000003,,,,,
ReverseB,44,,,,,,,,,,,-22989.0,,,,,
ReverseB,45,,,,,,,,,,,1854.5694999999992,,,,,
ReverseB,46,,,,,,,,,,,-804.5999999999988,,,,,
ReverseB,47,,,,,,,,,,,-400.800000000001,,,,,
ReverseB,48,,,,,,,,,,,-2250.0,,,,,
ReverseB,49,,,,,,,,,,,-3892.2213999999954,,,,,
ReverseB,50,,,,,,,,,,,45004.399999999994,,,,,
ReverseB,51,,,,,,,,,,,-5648.679999999997,,,,,
ReverseB,52,,,,,,,,,,,34056.0,,,,,
ReverseB,53,,,,,,,,,,,0.0,,,,,
ReverseB,54,,,,,,,,,,,8125.0,,,,,
ReverseB,55,,,,,,,,,,,23084.999999999996,,,,,
ReverseB,56,,,,,,,,,,,-21722.349999999995,,,,,
ReverseB,57,,,,,,,,,,,-21630.000000000004,,,,,
ReverseB,58,,,,,,,,,,,0.0,,,,,
ReverseB,59,,,,,,,,,,,-1234.9999999999995,,,,,
ReverseB,60,,,,,,,,,,,-2816.999999999996,,,,,
ReverseB,61,,,,,,,,,,,-102214.44,,,,,
ReverseB,62,,,,,,,,,,,63990.00000000001,,,,,
ReverseB,63,,,,,,,,,,,3381.8399999999997,,,,,
ReverseB,64,,,,,,,,,,,-73.50000000000136,,,,,
ReverseB,65,,,,,,,,,,,-6000.0,,,,,
ReverseB,66,,,,,,,,,,,-67940.0,,,,,
ReverseB,67,,,,,,,,,,,13915.000000000002,,,,,
ReverseB,68,,,,,,,,,,,7646.1,,,,,
ReverseB,69,,,,,,,,,,,-56163.200000000004,,,,,
ReverseB,70,,,,,,,,,,,-85680.0,,,,,
ReverseB,71,,,,,,,,,,,-19860.000000000015,,,,,
ReverseB,72,,,,,,,,,,,15859.199999999999,,,,,
ReverseB,73,,,,,,,,,,,-38050.0,,,,,
ReverseB,74,,,,,,,,,,,29052.000000000004,,,,,
ReverseB,75,,,,,,,,,,,-674.999999999999,,,,,
ReverseB,76,,,,,,,,,,,-79580.0,,,,,
ReverseB,77,,,,,,,,,,,3022.250000000007,,,,,
ReverseB,78,,,,,,,,,,,-27187.800000000003,,,,,
ReverseB,79,,,,,,,,,,,0.0,,,,,
ReverseB,80,,,,,,,,,,,1640.0000000000005,,,,,
ReverseB,81,,,,,,,,,,,8874.999999999995,,,,,
ReverseB,82,,,,,,,,,,,12325.000000000002,,,,,
ReverseB,83,,,,,,,,,,,-20847.8,,,,,
ReverseB,84,,,,,,,,,,,-12090.0,,,,,
ReverseB,85,,,,,,,,,,,-6660.000000000004,,,,,
ReverseB,86,,,,,,,,,,,-509.999999999998,,,,,
ReverseB,87,,,,,,,,,,,1625.000000000001,,,,,
ReverseB,88,,,,,,,,,,,-35354.99999999999,,,,,
ReverseB,89,,,,,,,,,,,-2920.000000000002,,,,,
ReverseB,90,,,,,,,,,,,2719.999999999999,,,,,
ReverseB,91,,,,,,,,,,,0.0,,,,,
ReverseB,92,,,,,,,,,,,0.0,,,,,
ReverseB,93,,,,,,,,,,,-54400.0,,,,,
ReverseB,94,,,,,,,,,,,-5864.9999999999945,,,,,
L_SDate,1,,,,,,,,,,,2025-11-04 00:00:00,,,,,
L_SDate,2,,,,,,,,,,,2025-09-22 00:00:00,,,,,
L_SDate,3,,,,,,,,,,,2025-06-20 00:00:00,,,,,
L_SDate,4,,,,,,,,,,,2025-09-29 00:00:00,,,,,
L_SDate,5,,,,,,,,,,,00:00:00,,,,,
L_SDate,6,,,,,,,,,,,2026-02-24 00:00:00,,,,,
L_SDate,7,,,,,,,,,,,2025-11-17 00:00:00,,,,,
L_SDate,8,,,,,,,,,,,2026-02-24 00:00:00,,,,,
L_SDate,9,,,,,,,,,,,2025-10-10 00:00:00,,,,,
L_SDate,10,,,,,,,,,,,00:00:00,,,,,
L_SDate,11,,,,,,,,,,,2025-12-17 00:00:00,,,,,
L_SDate,12,,,,,,,,,,,2026-01-14 00:00:00,,,,,
L_SDate,13,,,,,,,,,,,2025-09-25 00:00:00,,,,,
L_SDate,14,,,,,,,,,,,2025-10-07 00:00:00,,,,,
L_SDate,15,,,,,,,,,,,2025-06-25 00:00:00,,,,,
L_SDate,16,,,,,,,,,,,2025-10-08 00:00:00,,,,,
L_SDate,17,,,,,,,,,,,2026-02-23 00:00:00,,,,,
L_SDate,18,,,,,,,,,,,2025-12-17 00:00:00,,,,,
L_SDate,19,,,,,,,,,,,2026-02-17 00:00:00,,,,,
L_SDate,20,,,,,,,,,,,2025-12-19 00:00:00,,,,,
L_SDate,21,,,,,,,,,,,2025-12-09 00:00:00,,,,,
L_SDate,22,,,,,,,,,,,2025-12-19 00:00:00,,,,,
L_SDate,23,,,,,,,,,,,2025-10-15 00:00:00,,,,,
L_SDate,24,,,,,,,,,,,2026-02-09 00:00:00,,,,,
L_SDate,25,,,,,,,,,,,2026-02-05 00:00:00,,,,,
L_SDate,26,,,,,,,,,,,2025-01-10 00:00:00,,,,,
L_SDate,27,,,,,,,,,,,2025-10-09 00:00:00,,,,,
L_SDate,28,,,,,,,,,,,2026-01-26 00:00:00,,,,,
L_SDate,29,,,,,,,,,,,2025-12-31 00:00:00,,,,,
L_SDate,30,,,,,,,,,,,2026-02-17 00:00:00,,,,,
L_SDate,31,,,,,,,,,,,2026-01-06 00:00:00,,,,,
L_SDate,32,,,,,,,,,,,2025-10-20 00:00:00,,,,,
L_SDate,33,,,,,,,,,,,00:00:00,,,,,
L_SDate,34,,,,,,,,,,,2025-11-28 00:00:00,,,,,
L_SDate,35,,,,,,,,,,,2025-12-17 00:00:00,,,,,
L_SDate,36,,,,,,,,,,,2025-12-19 00:00:00,,,,,
L_SDate,37,,,,,,,,,,,2024-08-19 00:00:00,,,,,
L_SDate,38,,,,,,,,,,,2025-11-25 00:00:00,,,,,
L_SDate,39,,,,,,,,,,,2026-01-29 00:00:00,,,,,
L_SDate,40,,,,,,,,,,,2025-10-10 00:00:00,,,,,
L_SDate,41,,,,,,,,,,,2026-01-15 00:00:00,,,,,
L_SDate,42,,,,,,,,,,,2025-02-06 00:00:00,,,,,
L_SDate,43,,,,,,,,,,,2025-10-14 00:00:00,,,,,
L_SDate,44,,,,,,,,,,,2025-11-06 00:00:00,,,,,
L_SDate,45,,,,,,,,,,,2025-02-27 00:00:00,,,,,
L_SDate,46,,,,,,,,,,,2026-04-02 00:00:00,,,,,
L_SDate,47,,,,,,,,,,,2026-01-23 00:00:00,,,,,
L_SDate,48,,,,,,,,,,,2026-04-01 00:00:00,,,,,
L_SDate,49,,,,,,,,,,,2026-01-15 00:00:00,,,,,
L_SDate,50,,,,,,,,,,,2025-05-19 00:00:00,,,,,
L_SDate,51,,,,,,,,,,,2026-02-03 00:00:00,,,,,
L_SDate,52,,,,,,,,,,,2024-12-18 00:00:00,,,,,
L_SDate,53,,,,,,,,,,,00:00:00,,,,,
L_SDate,54,,,,,,,,,,,2024-11-06 00:00:00,,,,,
L_SDate,55,,,,,,,,,,,2025-02-12 00:00:00,,,,,
L_SDate,56,,,,,,,,,,,2025-02-26 00:00:00,,,,,
L_SDate,57,,,,,,,,,,,2026-01-30 00:00:00,,,,,
L_SDate,58,,,,,,,,,,,00:00:00,,,,,
L_SDate,59,,,,,,,,,,,2025-12-29 00:00:00,,,,,
L_SDate,60,,,,,,,,,,,2026-02-11 00:00:00,,,,,
L_SDate,61,,,,,,,,,,,2025-06-03 00:00:00,,,,,
L_SDate,62,,,,,,,,,,,2025-06-03 00:00:00,,,,,
L_SDate,63,,,,,,,,,,,2025-02-14 00:00:00,,,,,
L_SDate,64,,,,,,,,,,,2025-10-07 00:00:00,,,,,
L_SDate,65,,,,,,,,,,,2025-10-21 00:00:00,,,,,
L_SDate,66,,,,,,,,,,,2025-12-03 00:00:00,,,,,
L_SDate,67,,,,,,,,,,,2025-10-06 00:00:00,,,,,
L_SDate,68,,,,,,,,,,,2025-07-07 00:00:00,,,,,
L_SDate,69,,,,,,,,,,,2024-09-03 00:00:00,,,,,
L_SDate,70,,,,,,,,,,,2024-12-20 00:00:00,,,,,
L_SDate,71,,,,,,,,,,,2026-01-28 00:00:00,,,,,
L_SDate,72,,,,,,,,,,,2025-10-16 00:00:00,,,,,
L_SDate,73,,,,,,,,,,,2026-01-27 00:00:00,,,,,
L_SDate,74,,,,,,,,,,,2025-05-16 00:00:00,,,,,
L_SDate,75,,,,,,,,,,,2025-10-20 00:00:00,,,,,
L_SDate,76,,,,,,,,,,,2025-01-30 00:00:00,,,,,
L_SDate,77,,,,,,,,,,,2026-02-12 00:00:00,,,,,
L_SDate,78,,,,,,,,,,,2025-01-22 00:00:00,,,,,
L_SDate,79,,,,,,,,,,,00:00:00,,,,,
L_SDate,80,,,,,,,,,,,2025-12-12 00:00:00,,,,,
L_SDate,81,,,,,,,,,,,2025-09-19 00:00:00,,,,,
L_SDate,82,,,,,,,,,,,2025-11-10 00:00:00,,,,,
L_SDate,83,,,,,,,,,,,2025-01-29 00:00:00,,,,,
L_SDate,84,,,,,,,,,,,2025-04-01 00:00:00,,,,,
L_SDate,85,,,,,,,,,,,2025-02-19 00:00:00,,,,,
L_SDate,86,,,,,,,,,,,2026-02-10 00:00:00,,,,,
L_SDate,87,,,,,,,,,,,2026-03-26 00:00:00,,,,,
L_SDate,88,,,,,,,,,,,2025-01-03 00:00:00,,,,,
L_SDate,89,,,,,,,,,,,2024-07-31 00:00:00,,,,,
L_SDate,90,,,,,,,,,,,2025-10-07 00:00:00,,,,,
L_SDate,91,,,,,,,,,,,00:00:00,,,,,
L_SDate,92,,,,,,,,,,,00:00:00,,,,,
L_SDate,93,,,,,,,,,,,2025-12-03 00:00:00,,,,,
L_SDate,94,,,,,,,,,,,2026-02-09 00:00:00,,,,,
L_Sn,1,,,,,,,,,,,500.0,,,,,
L_Sn,2,,,,,,,,,,,1000.0,,,,,
L_Sn,3,,,,,,,,,,,20000.0,,,,,
L_Sn,4,,,,,,,,,,,200.0,,,,,
L_Sn,5,,,,,,,,,,,0.0,,,,,
L_Sn,6,,,,,,,,,,,200.0,,,,,
L_Sn,7,,,,,,,,,,,200.0,,,,,
L_Sn,8,,,,,,,,,,,1.0,,,,,
L_Sn,9,,,,,,,,,,,6000.0,,,,,
L_Sn,10,,,,,,,,,,,0.0,,,,,
L_Sn,11,,,,,,,,,,,104.0,,,,,
L_Sn,12,,,,,,,,,,,500.0,,,,,
L_Sn,13,,,,,,,,,,,249.0,,,,,
L_Sn,14,,,,,,,,,,,10000.0,,,,,
L_Sn,15,,,,,,,,,,,800.0,,,,,
L_Sn,16,,,,,,,,,,,2000.0,,,,,
L_Sn,17,,,,,,,,,,,700.0,,,,,
L_Sn,18,,,,,,,,,,,2000.0,,,,,
L_Sn,19,,,,,,,,,,,5000.0,,,,,
L_Sn,20,,,,,,,,,,,10000.0,,,,,
L_Sn,21,,,,,,,,,,,9.0,,,,,
L_Sn,22,,,,,,,,,,,5000.0,,,,,
L_Sn,23,,,,,,,,,,,1000.0,,,,,
L_Sn,24,,,,,,,,,,,10000.0,,,,,
L_Sn,25,,,,,,,,,,,2000.0,,,,,
L_Sn,26,,,,,,,,,,,3000.0,,,,,
L_Sn,27,,,,,,,,,,,990.0,,,,,
L_Sn,28,,,,,,,,,,,3000.0,,,,,
L_Sn,29,,,,,,,,,,,140.0,,,,,
L_Sn,30,,,,,,,,,,,500.0,,,,,
L_Sn,31,,,,,,,,,,,1000.0,,,,,
L_Sn,32,,,,,,,,,,,1000.0,,,,,
L_Sn,33,,,,,,,,,,,0.0,,,,,
L_Sn,34,,,,,,,,,,,1000.0,,,,,
L_Sn,35,,,,,,,,,,,2000.0,,,,,
L_Sn,36,,,,,,,,,,,2500.0,,,,,
L_Sn,37,,,,,,,,,,,3006.0,,,,,
L_Sn,38,,,,,,,,,,,500.0,,,,,
L_Sn,39,,,,,,,,,,,1990.0,,,,,
L_Sn,40,,,,,,,,,,,200.0,,,,,
L_Sn,41,,,,,,,,,,,2500.0,,,,,
L_Sn,42,,,,,,,,,,,3000.0,,,,,
L_Sn,43,,,,,,,,,,,9.0,,,,,
L_Sn,44,,,,,,,,,,,300.0,,,,,
L_Sn,45,,,,,,,,,,,350.0,,,,,
L_Sn,46,,,,,,,,,,,2235.0,,,,,
L_Sn,47,,,,,,,,,,,400.0,,,,,
L_Sn,48,,,,,,,,,,,1500.0,,,,,
L_Sn,49,,,,,,,,,,,4999.0,,,,,
L_Sn,50,,,,,,,,,,,4000.0,,,,,
L_Sn,51,,,,,,,,,,,499.0,,,,,
L_Sn,52,,,,,,,,,,,7200.0,,,,,
L_Sn,53,,,,,,,,,,,0.0,,,,,
L_Sn,54,,,,,,,,,,,5000.0,,,,,
L_Sn,55,,,,,,,,,,,1000.0,,,,,
L_Sn,56,,,,,,,,,,,2990.0,,,,,
L_Sn,57,,,,,,,,,,,3000.0,,,,,
L_Sn,58,,,,,,,,,,,0.0,,,,,
L_Sn,59,,,,,,,,,,,500.0,,,,,
L_Sn,60,,,,,,,,,,,1800.0,,,,,
L_Sn,61,,,,,,,,,,,3999.0,,,,,
L_Sn,62,,,,,,,,,,,500.0,,,,,
L_Sn,63,,,,,,,,,,,488.0,,,,,
L_Sn,64,,,,,,,,,,,150.0,,,,,
L_Sn,65,,,,,,,,,,,500.0,,,,,
L_Sn,66,,,,,,,,,,,250.0,,,,,
L_Sn,67,,,,,,,,,,,11000.0,,,,,
L_Sn,68,,,,,,,,,,,330.0,,,,,
L_Sn,69,,,,,,,,,,,2000.0,,,,,
L_Sn,70,,,,,,,,,,,100000.0,,,,,
L_Sn,71,,,,,,,,,,,3000.0,,,,,
L_Sn,72,,,,,,,,,,,12000.0,,,,,
L_Sn,73,,,,,,,,,,,5000.0,,,,,
L_Sn,74,,,,,,,,,,,18000.0,,,,,
L_Sn,75,,,,,,,,,,,3000.0,,,,,
L_Sn,76,,,,,,,,,,,2000.0,,,,,
L_Sn,77,,,,,,,,,,,350.0,,,,,
L_Sn,78,,,,,,,,,,,100.0,,,,,
L_Sn,79,,,,,,,,,,,0.0,,,,,
L_Sn,80,,,,,,,,,,,1000.0,,,,,
L_Sn,81,,,,,,,,,,,100.0,,,,,
L_Sn,82,,,,,,,,,,,1000.0,,,,,
L_Sn,83,,,,,,,,,,,400.0,,,,,
L_Sn,84,,,,,,,,,,,2000.0,,,,,
L_Sn,85,,,,,,,,,,,1000.0,,,,,
L_Sn,86,,,,,,,,,,,2000.0,,,,,
L_Sn,87,,,,,,,,,,,5000.0,,,,,
L_Sn,88,,,,,,,,,,,5000.0,,,,,
L_Sn,89,,,,,,,,,,,2000.0,,,,,
L_Sn,90,,,,,,,,,,,1000.0,,,,,
L_Sn,91,,,,,,,,,,,0.0,,,,,
L_Sn,92,,,,,,,,,,,0.0,,,,,
L_Sn,93,,,,,,,,,,,200.0,,,,,
L_Sn,94,,,,,,,,,,,3000.0,,,,,
L_Sp,1,,,,,,,,,,,270.04,,,,,
L_Sp,2,,,,,,,,,,,16.86,,,,,
L_Sp,3,,,,,,,,,,,52.01,,,,,
L_Sp,4,,,,,,,,,,,221.515,,,,,
L_Sp,5,,,,,,,,,,,0.0,,,,,
L_Sp,6,,,,,,,,,,,1265.4,,,,,
L_Sp,7,,,,,,,,,,,342.32,,,,,
L_Sp,8,,,,,,,,,,,90.0,,,,,
L_Sp,9,,,,,,,,,,,3.3501,,,,,
L_Sp,10,,,,,,,,,,,0.0,,,,,
L_Sp,11,,,,,,,,,,,111.253,,,,,
L_Sp,12,,,,,,,,,,,74.18,,,,,
L_Sp,13,,,,,,,,,,,74.685,,,,,
L_Sp,14,,,,,,,,,,,3.15,,,,,
L_Sp,15,,,,,,,,,,,119.38,,,,,
L_Sp,16,,,,,,,,,,,29.14,,,,,
L_Sp,17,,,,,,,,,,,151.31,,,,,
L_Sp,18,,,,,,,,,,,15.35,,,,,
L_Sp,19,,,,,,,,,,,18.71,,,,,
L_Sp,20,,,,,,,,,,,511.0,,,,,
L_Sp,21,,,,,,,,,,,76.96,,,,,
L_Sp,22,,,,,,,,,,,24.47,,,,,
L_Sp,23,,,,,,,,,,,28.94,,,,,
L_Sp,24,,,,,,,,,,,446.95,,,,,
L_Sp,25,,,,,,,,,,,66.56,,,,,
L_Sp,26,,,,,,,,,,,8.46,,,,,
L_Sp,27,,,,,,,,,,,6.8,,,,,
L_Sp,28,,,,,,,,,,,48.22,,,,,
L_Sp,29,,,,,,,,,,,484.44,,,,,
L_Sp,30,,,,,,,,,,,92.95,,,,,
L_Sp,31,,,,,,,,,,,106.2,,,,,
L_Sp,32,,,,,,,,,,,123.356,,,,,
L_Sp,33,,,,,,,,,,,0.0,,,,,
L_Sp,34,,,,,,,,,,,45.45,,,,,
L_Sp,35,,,,,,,,,,,7.61,,,,,
L_Sp,36,,,,,,,,,,,6.79,,,,,
L_Sp,37,,,,,,,,,,,1.54,,,,,
L_Sp,38,,,,,,,,,,,48.28,,,,,
L_Sp,39,,,,,,,,,,,53.58,,,,,
L_Sp,40,,,,,,,,,,,237.8,,,,,
L_Sp,41,,,,,,,,,,,17.75,,,,,
L_Sp,42,,,,,,,,,,,12.7675333,,,,,
L_Sp,43,,,,,,,,,,,427.54,,,,,
L_Sp,44,,,,,,,,,,,288.85,,,,,
L_Sp,45,,,,,,,,,,,44.29877,,,,,
L_Sp,46,,,,,,,,,,,10.31,,,,,
L_Sp,47,,,,,,,,,,,35.12,,,,,
L_Sp,48,,,,,,,,,,,69.5,,,,,
L_Sp,49,,,,,,,,,,,12.8314,,,,,
L_Sp,50,,,,,,,,,,,11.2511,,,,,
L_Sp,51,,,,,,,,,,,143.72,,,,,
L_Sp,52,,,,,,,,,,,10.55,,,,,
L_Sp,53,,,,,,,,,,,0.0,,,,,
L_Sp,54,,,,,,,,,,,3.52,,,,,
L_Sp,55,,,,,,,,,,,40.01,,,,,
L_Sp,56,,,,,,,,,,,12.56,,,,,
L_Sp,57,,,,,,,,,,,17.22,,,,,
L_Sp,58,,,,,,,,,,,0.0,,,,,
L_Sp,59,,,,,,,,,,,68.42,,,,,
L_Sp,60,,,,,,,,,,,16.51,,,,,
L_Sp,61,,,,,,,,,,,33.36,,,,,
L_Sp,62,,,,,,,,,,,267.48,,,,,
L_Sp,63,,,,,,,,,,,45.93,,,,,
L_Sp,64,,,,,,,,,,,260.0,,,,,
L_Sp,65,,,,,,,,,,,221.65,,,,,
L_Sp,66,,,,,,,,,,,963.04,,,,,
L_Sp,67,,,,,,,,,,,3.16,,,,,
L_Sp,68,,,,,,,,,,,122.97,,,,,
L_Sp,69,,,,,,,,,,,48.6334,,,,,
L_Sp,70,,,,,,,,,,,301.92,,,,,
L_Sp,71,,,,,,,,,,,44.66,,,,,
L_Sp,72,,,,,,,,,,,1.91,,,,,
L_Sp,73,,,,,,,,,,,16.82,,,,,
L_Sp,74,,,,,,,,,,,544.2,,,,,
L_Sp,75,,,,,,,,,,,12.02,,,,,
L_Sp,76,,,,,,,,,,,31.1,,,,,
L_Sp,77,,,,,,,,,,,215.83,,,,,
L_Sp,78,,,,,,,,,,,631.9,,,,,
L_Sp,79,,,,,,,,,,,0.0,,,,,
L_Sp,80,,,,,,,,,,,41.84,,,,,
L_Sp,81,,,,,,,,,,,592.68,,,,,
L_Sp,82,,,,,,,,,,,20.855,,,,,
L_Sp,83,,,,,,,,,,,103.0105,,,,,
L_Sp,84,,,,,,,,,,,12.03,,,,,
L_Sp,85,,,,,,,,,,,51.86,,,,,
L_Sp,86,,,,,,,,,,,26.95,,,,,
L_Sp,87,,,,,,,,,,,6.875,,,,,
L_Sp,88,,,,,,,,,,,35.859,,,,,
L_Sp,89,,,,,,,,,,,61.26,,,,,
L_Sp,90,,,,,,,,,,,204.54,,,,,
L_Sp,91,,,,,,,,,,,0.0,,,,,
L_Sp,92,,,,,,,,,,,0.0,,,,,
L_Sp,93,,,,,,,,,,,962.8,,,,,
L_Sp,94,,,,,,,,,,,17.87,,,,,
ReverseB1,1,,,,,,,,,,,1544.9999999999875,,,,,
ReverseB1,2,,,,,,,,,,,-31066.09999999999,,,,,
ReverseB1,3,,,,,,,,,,,-25992.0,,,,,
ReverseB1,4,,,,,,,,,,,295.0000000000017,,,,,
ReverseB1,5,,,,,,,,,,,0.0,,,,,
ReverseB1,6,,,,,,,,,,,1960.0000000000136,,,,,
ReverseB1,7,,,,,,,,,,,-1411.200000000008,,,,,
ReverseB1,8,,,,,,,,,,,-57489.79,,,,,
ReverseB1,9,,,,,,,,,,,-6800.000000000002,,,,,
ReverseB1,10,,,,,,,,,,,0.0,,,,,
ReverseB1,11,,,,,,,,,,,-2617.725000000001,,,,,
ReverseB1,12,,,,,,,,,,,-13829.999999999998,,,,,
ReverseB1,13,,,,,,,,,,,-12063.749999999995,,,,,
ReverseB1,14,,,,,,,,,,,5925.0,,,,,
ReverseB1,15,,,,,,,,,,,7040.000000000004,,,,,
ReverseB1,16,,,,,,,,,,,10882.499999999998,,,,,
ReverseB1,17,,,,,,,,,,,-31414.711999999996,,,,,
ReverseB1,18,,,,,,,,,,,31860.0,,,,,
ReverseB1,19,,,,,,,,,,,-10175.0,,,,,
ReverseB1,20,,,,,,,,,,,11320.0,,,,,
ReverseB1,21,,,,,,,,,,,-28791.18,,,,,
ReverseB1,22,,,,,,,,,,,-1259.9999999999986,,,,,
ReverseB1,23,,,,,,,,,,,34867.99999999999,,,,,
ReverseB1,24,,,,,,,,,,,4385.699999999995,,,,,
ReverseB1,25,,,,,,,,,,,-13239.999999999995,,,,,
ReverseB1,26,,,,,,,,,,,-1131.1719999999998,,,,,
ReverseB1,27,,,,,,,,,,,-1925.0000000000007,,,,,
ReverseB1,28,,,,,,,,,,,55439.99999999999,,,,,
ReverseB1,29,,,,,,,,,,,22627.499999999996,,,,,
ReverseB1,30,,,,,,,,,,,-5031.389999999999,,,,,
ReverseB1,31,,,,,,,,,,,-14230.000000000004,,,,,
ReverseB1,32,,,,,,,,,,,21442.999999999985,,,,,
ReverseB1,33,,,,,,,,,,,0.0,,,,,
ReverseB1,34,,,,,,,,,,,-36033.99999999999,,,,,
ReverseB1,35,,,,,,,,,,,-1660.0000000000002,,,,,
ReverseB1,36,,,,,,,,,,,7475.000000000001,,,,,
ReverseB1,37,,,,,,,,,,,1735.9649999999997,,,,,
ReverseB1,38,,,,,,,,,,,8128.709999999998,,,,,
ReverseB1,39,,,,,,,,,,,-81792.0,,,,,
ReverseB1,40,,,,,,,,,,,62775.00000000001,,,,,
ReverseB1,41,,,,,,,,,,,-2635.440000000001,,,,,
ReverseB1,42,,,,,,,,,,,8119.999999999997,,,,,
ReverseB1,43,,,,,,,,,,,-4541.549999999993,,,,,
ReverseB1,44,,,,,,,,,,,-34540.00000000002,,,,,
ReverseB1,45,,,,,,,,,,,10924.999999999993,,,,,
ReverseB1,46,,,,,,,,,,,0.0,,,,,
ReverseB1,47,,,,,,,,,,,-837.6000000000005,,,,,
ReverseB1,48,,,,,,,,,,,-273.7000000000011,,,,,
ReverseB1,49,,,,,,,,,,,-17699.999999999996,,,,,
ReverseB1,50,,,,,,,,,,,32295.0,,,,,
ReverseB1,51,,,,,,,,,,,-85805.99999999997,,,,,
ReverseB1,52,,,,,,,,,,,8430.000000000002,,,,,
ReverseB1,53,,,,,,,,,,,0.0,,,,,
ReverseB1,54,,,,,,,,,,,10325.5,,,,,
ReverseB1,55,,,,,,,,,,,23669.999999999996,,,,,
ReverseB1,56,,,,,,,,,,,-24521.069999999996,,,,,
ReverseB1,57,,,,,,,,,,,-15339.999999999996,,,,,
ReverseB1,58,,,,,,,,,,,0.0,,,,,
ReverseB1,59,,,,,,,,,,,-3670.000000000002,,,,,
ReverseB1,60,,,,,,,,,,,-5196.0,,,,,
ReverseB1,61,,,,,,,,,,,-118520.00000000001,,,,,
ReverseB1,62,,,,,,,,,,,62150.00000000001,,,,,
ReverseB1,63,,,,,,,,,,,6125.0,,,,,
ReverseB1,64,,,,,,,,,,,-9084.0,,,,,
ReverseB1,65,,,,,,,,,,,-465.0000000000034,,,,,
ReverseB1,66,,,,,,,,,,,-31028.399999999994,,,,,
ReverseB1,67,,,,,,,,,,,12930.0,,,,,
ReverseB1,68,,,,,,,,,,,15615.999999999996,,,,,
ReverseB1,69,,,,,,,,,,,-112219.2,,,,,
ReverseB1,70,,,,,,,,,,,-43825.0,,,,,
ReverseB1,71,,,,,,,,,,,14563.999999999998,,,,,
ReverseB1,72,,,,,,,,,,,26084.8,,,,,
ReverseB1,73,,,,,,,,,,,-40399.99999999999,,,,,
ReverseB1,74,,,,,,,,,,,13193.999999999998,,,,,
ReverseB1,75,,,,,,,,,,,-1669.9999999999982,,,,,
ReverseB1,76,,,,,,,,,,,-95661.59999999999,,,,,
ReverseB1,77,,,,,,,,,,,-3037.0000000000005,,,,,
ReverseB1,78,,,,,,,,,,,-40874.729999999996,,,,,
ReverseB1,79,,,,,,,,,,,0.0,,,,,
ReverseB1,80,,,,,,,,,,,-7864.170000000007,,,,,
ReverseB1,81,,,,,,,,,,,4273.999999999995,,,,,
ReverseB1,82,,,,,,,,,,,17334.0,,,,,
ReverseB1,83,,,,,,,,,,,-55729.99999999999,,,,,
ReverseB1,84,,,,,,,,,,,-12459.999999999998,,,,,
ReverseB1,85,,,,,,,,,,,8760.39999999999,,,,,
ReverseB1,86,,,,,,,,,,,5421.372000000005,,,,,
ReverseB1,87,,,,,,,,,,,-12825.0,,,,,
ReverseB1,88,,,,,,,,,,,-12584.0,,,,,
ReverseB1,89,,,,,,,,,,,7649.999999999992,,,,,
ReverseB1,90,,,,,,,,,,,-1884.999999999998,,,,,
ReverseB1,91,,,,,,,,,,,0.0,,,,,
ReverseB1,92,,,,,,,,,,,0.0,,,,,
ReverseB1,93,,,,,,,,,,,-121979.99999999997,,,,,
ReverseB1,94,,,,,,,,,,,-7964.999999999993,,,,,
L_S1D,1,,,,,,,,,,,2025-10-21 00:00:00,,,,,
L_S1D,2,,,,,,,,,,,2025-02-24 00:00:00,,,,,
L_S1D,3,,,,,,,,,,,2024-07-31 00:00:00,,,,,
L_S1D,4,,,,,,,,,,,2025-01-22 00:00:00,,,,,
L_S1D,5,,,,,,,,,,,,,,,,
L_S1D,6,,,,,,,,,,,2026-02-20 00:00:00,,,,,
L_S1D,7,,,,,,,,,,,2025-10-09 00:00:00,,,,,
L_S1D,8,,,,,,,,,,,2025-12-12 00:00:00,,,,,
L_S1D,9,,,,,,,,,,,2024-08-23 00:00:00,,,,,
L_S1D,10,,,,,,,,,,,,,,,,
L_S1D,11,,,,,,,,,,,2025-09-10 00:00:00,,,,,
L_S1D,12,,,,,,,,,,,2025-10-15 00:00:00,,,,,
L_S1D,13,,,,,,,,,,,2025-05-19 00:00:00,,,,,
L_S1D,14,,,,,,,,,,,2025-10-06 00:00:00,,,,,
L_S1D,15,,,,,,,,,,,2025-06-20 00:00:00,,,,,
L_S1D,16,,,,,,,,,,,2025-03-21 00:00:00,,,,,
L_S1D,17,,,,,,,,,,,2026-01-15 00:00:00,,,,,
L_S1D,18,,,,,,,,,,,2024-09-04 00:00:00,,,,,
L_S1D,19,,,,,,,,,,,2026-02-06 00:00:00,,,,,
L_S1D,20,,,,,,,,,,,2025-10-25 00:00:00,,,,,
L_S1D,21,,,,,,,,,,,2024-11-07 00:00:00,,,,,
L_S1D,22,,,,,,,,,,,2025-10-28 00:00:00,,,,,
L_S1D,23,,,,,,,,,,,2025-08-19 00:00:00,,,,,
L_S1D,24,,,,,,,,,,,2026-02-02 00:00:00,,,,,
L_S1D,25,,,,,,,,,,,2026-01-26 00:00:00,,,,,
L_S1D,26,,,,,,,,,,,2024-07-25 00:00:00,,,,,
L_S1D,27,,,,,,,,,,,2025-09-16 00:00:00,,,,,
L_S1D,28,,,,,,,,,,,2024-12-02 00:00:00,,,,,
L_S1D,29,,,,,,,,,,,2025-10-07 00:00:00,,,,,
L_S1D,30,,,,,,,,,,,2025-11-03 00:00:00,,,,,
L_S1D,31,,,,,,,,,,,2025-12-22 00:00:00,,,,,
L_S1D,32,,,,,,,,,,,2025-10-09 00:00:00,,,,,
L_S1D,33,,,,,,,,,,,,,,,,
L_S1D,34,,,,,,,,,,,2025-11-12 00:00:00,,,,,
L_S1D,35,,,,,,,,,,,2025-10-15 00:00:00,,,,,
L_S1D,36,,,,,,,,,,,2025-10-08 00:00:00,,,,,
L_S1D,37,,,,,,,,,,,2024-08-13 00:00:00,,,,,
L_S1D,38,,,,,,,,,,,2025-11-21 00:00:00,,,,,
L_S1D,39,,,,,,,,,,,2025-06-03 00:00:00,,,,,
L_S1D,40,,,,,,,,,,,2025-07-17 00:00:00,,,,,
L_S1D,41,,,,,,,,,,,2025-10-15 00:00:00,,,,,
L_S1D,42,,,,,,,,,,,2024-12-16 00:00:00,,,,,
L_S1D,43,,,,,,,,,,,2025-02-24 00:00:00,,,,,
L_S1D,44,,,,,,,,,,,2025-10-17 00:00:00,,,,,
L_S1D,45,,,,,,,,,,,2024-08-19 00:00:00,,,,,
L_S1D,46,,,,,,,,,,,,,,,,
L_S1D,47,,,,,,,,,,,2026-01-08 00:00:00,,,,,
L_S1D,48,,,,,,,,,,,2026-02-20 00:00:00,,,,,
L_S1D,49,,,,,,,,,,,2025-10-16 00:00:00,,,,,
L_S1D,50,,,,,,,,,,,2025-02-18 00:00:00,,,,,
L_S1D,51,,,,,,,,,,,2024-12-31 00:00:00,,,,,
L_S1D,52,,,,,,,,,,,2024-09-03 00:00:00,,,,,
L_S1D,53,,,,,,,,,,,,,,,,
L_S1D,54,,,,,,,,,,,2024-07-24 00:00:00,,,,,
L_S1D,55,,,,,,,,,,,2025-02-06 00:00:00,,,,,
L_S1D,56,,,,,,,,,,,2025-02-21 00:00:00,,,,,
L_S1D,57,,,,,,,,,,,2026-01-27 00:00:00,,,,,
L_S1D,58,,,,,,,,,,,,,,,,
L_S1D,59,,,,,,,,,,,2025-12-18 00:00:00,,,,,
L_S1D,60,,,,,,,,,,,2025-09-19 00:00:00,,,,,
L_S1D,61,,,,,,,,,,,2025-01-29 00:00:00,,,,,
L_S1D,62,,,,,,,,,,,2025-05-19 00:00:00,,,,,
L_S1D,63,,,,,,,,,,,2024-10-04 00:00:00,,,,,
L_S1D,64,,,,,,,,,,,2025-09-11 00:00:00,,,,,
L_S1D,65,,,,,,,,,,,2025-01-22 00:00:00,,,,,
L_S1D,66,,,,,,,,,,,2025-09-05 00:00:00,,,,,
L_S1D,67,,,,,,,,,,,2025-02-18 00:00:00,,,,,
L_S1D,68,,,,,,,,,,,2025-06-25 00:00:00,,,,,
L_S1D,69,,,,,,,,,,,2024-07-19 00:00:00,,,,,
L_S1D,70,,,,,,,,,,,2024-10-18 00:00:00,,,,,
L_S1D,71,,,,,,,,,,,2024-07-18 00:00:00,,,,,
L_S1D,72,,,,,,,,,,,2025-09-25 00:00:00,,,,,
L_S1D,73,,,,,,,,,,,2025-12-03 00:00:00,,,,,
L_S1D,74,,,,,,,,,,,2025-02-05 00:00:00,,,,,
L_S1D,75,,,,,,,,,,,2025-09-10 00:00:00,,,,,
L_S1D,76,,,,,,,,,,,2024-11-10 00:00:00,,,,,
L_S1D,77,,,,,,,,,,,2025-10-15 00:00:00,,,,,
L_S1D,78,,,,,,,,,,,2024-08-21 00:00:00,,,,,
L_S1D,79,,,,,,,,,,,,,,,,
L_S1D,80,,,,,,,,,,,2025-03-28 00:00:00,,,,,
L_S1D,81,,,,,,,,,,,2025-01-28 00:00:00,,,,,
L_S1D,82,,,,,,,,,,,2024-05-31 00:00:00,,,,,
L_S1D,83,,,,,,,,,,,2025-01-08 00:00:00,,,,,
L_S1D,84,,,,,,,,,,,2025-03-21 00:00:00,,,,,
L_S1D,85,,,,,,,,,,,2024-06-26 00:00:00,,,,,
L_S1D,86,,,,,,,,,,,2024-07-19 00:00:00,,,,,
L_S1D,87,,,,,,,,,,,2026-01-23 00:00:00,,,,,
L_S1D,88,,,,,,,,,,,2024-12-20 00:00:00,,,,,
L_S1D,89,,,,,,,,,,,2024-07-19 00:00:00,,,,,
L_S1D,90,,,,,,,,,,,2025-09-09 00:00:00,,,,,
L_S1D,91,,,,,,,,,,,,,,,,
L_S1D,92,,,,,,,,,,,,,,,,
L_S1D,93,,,,,,,,,,,2025-09-29 00:00:00,,,,,
L_S1D,94,,,,,,,,,,,2026-01-15 00:00:00,,,,,
L_S1n,1,,,,,,,,,,,500.0,,,,,
L_S1n,2,,,,,,,,,,,2990.0,,,,,
L_S1n,3,,,,,,,,,,,90000.0,,,,,
L_S1n,4,,,,,,,,,,,500.0,,,,,
L_S1n,5,,,,,,,,,,,0.0,,,,,
L_S1n,6,,,,,,,,,,,100.0,,,,,
L_S1n,7,,,,,,,,,,,160.0,,,,,
L_S1n,8,,,,,,,,,,,499.0,,,,,
L_S1n,9,,,,,,,,,,,10000.0,,,,,
L_S1n,10,,,,,,,,,,,0.0,,,,,
L_S1n,11,,,,,,,,,,,95.0,,,,,
L_S1n,12,,,,,,,,,,,1000.0,,,,,
L_S1n,13,,,,,,,,,,,750.0,,,,,
L_S1n,14,,,,,,,,,,,5000.0,,,,,
L_S1n,15,,,,,,,,,,,400.0,,,,,
L_S1n,16,,,,,,,,,,,500.0,,,,,
L_S1n,17,,,,,,,,,,,700.0,,,,,
L_S1n,18,,,,,,,,,,,4000.0,,,,,
L_S1n,19,,,,,,,,,,,5000.0,,,,,
L_S1n,20,,,,,,,,,,,10000.0,,,,,
L_S1n,21,,,,,,,,,,,990.0,,,,,
L_S1n,22,,,,,,,,,,,1800.0,,,,,
L_S1n,23,,,,,,,,,,,4000.0,,,,,
L_S1n,24,,,,,,,,,,,9900.0,,,,,
L_S1n,25,,,,,,,,,,,2000.0,,,,,
L_S1n,26,,,,,,,,,,,2276.0,,,,,
L_S1n,27,,,,,,,,,,,1000.0,,,,,
L_S1n,28,,,,,,,,,,,1500.0,,,,,
L_S1n,29,,,,,,,,,,,150.0,,,,,
L_S1n,30,,,,,,,,,,,399.0,,,,,
L_S1n,31,,,,,,,,,,,1000.0,,,,,
L_S1n,32,,,,,,,,,,,1000.0,,,,,
L_S1n,33,,,,,,,,,,,0.0,,,,,
L_S1n,34,,,,,,,,,,,2000.0,,,,,
L_S1n,35,,,,,,,,,,,2000.0,,,,,
L_S1n,36,,,,,,,,,,,2500.0,,,,,
L_S1n,37,,,,,,,,,,,3006.0,,,,,
L_S1n,38,,,,,,,,,,,499.0,,,,,
L_S1n,39,,,,,,,,,,,3200.0,,,,,
L_S1n,40,,,,,,,,,,,500.0,,,,,
L_S1n,41,,,,,,,,,,,632.0,,,,,
L_S1n,42,,,,,,,,,,,4000.0,,,,,
L_S1n,43,,,,,,,,,,,390.0,,,,,
L_S1n,44,,,,,,,,,,,500.0,,,,,
L_S1n,45,,,,,,,,,,,2500.0,,,,,
L_S1n,46,,,,,,,,,,,0.0,,,,,
L_S1n,47,,,,,,,,,,,300.0,,,,,
L_S1n,48,,,,,,,,,,,391.0,,,,,
L_S1n,49,,,,,,,,,,,5000.0,,,,,
L_S1n,50,,,,,,,,,,,3000.0,,,,,
L_S1n,51,,,,,,,,,,,1800.0,,,,,
L_S1n,52,,,,,,,,,,,3000.0,,,,,
L_S1n,53,,,,,,,,,,,0.0,,,,,
L_S1n,54,,,,,,,,,,,5000.0,,,,,
L_S1n,55,,,,,,,,,,,1000.0,,,,,
L_S1n,56,,,,,,,,,,,3000.0,,,,,
L_S1n,57,,,,,,,,,,,2000.0,,,,,
L_S1n,58,,,,,,,,,,,0.0,,,,,
L_S1n,59,,,,,,,,,,,1000.0,,,,,
L_S1n,60,,,,,,,,,,,1200.0,,,,,
L_S1n,61,,,,,,,,,,,4000.0,,,,,
L_S1n,62,,,,,,,,,,,500.0,,,,,
L_S1n,63,,,,,,,,,,,490.0,,,,,
L_S1n,64,,,,,,,,,,,300.0,,,,,
L_S1n,65,,,,,,,,,,,500.0,,,,,
L_S1n,66,,,,,,,,,,,54.0,,,,,
L_S1n,67,,,,,,,,,,,5000.0,,,,,
L_S1n,68,,,,,,,,,,,800.0,,,,,
L_S1n,69,,,,,,,,,,,4000.0,,,,,
L_S1n,70,,,,,,,,,,,25000.0,,,,,
L_S1n,71,,,,,,,,,,,200.0,,,,,
L_S1n,72,,,,,,,,,,,28000.0,,,,,
L_S1n,73,,,,,,,,,,,5000.0,,,,,
L_S1n,74,,,,,,,,,,,9000.0,,,,,
L_S1n,75,,,,,,,,,,,2000.0,,,,,
L_S1n,76,,,,,,,,,,,2000.0,,,,,
L_S1n,77,,,,,,,,,,,200.0,,,,,
L_S1n,78,,,,,,,,,,,100.0,,,,,
L_S1n,79,,,,,,,,,,,0.0,,,,,
L_S1n,80,,,,,,,,,,,1200.0,,,,,
L_S1n,81,,,,,,,,,,,100.0,,,,,
L_S1n,82,,,,,,,,,,,2700.0,,,,,
L_S1n,83,,,,,,,,,,,1000.0,,,,,
L_S1n,84,,,,,,,,,,,2000.0,,,,,
L_S1n,85,,,,,,,,,,,2000.0,,,,,
L_S1n,86,,,,,,,,,,,2010.0,,,,,
L_S1n,87,,,,,,,,,,,7500.0,,,,,
L_S1n,88,,,,,,,,,,,1300.0,,,,,
L_S1n,89,,,,,,,,,,,1500.0,,,,,
L_S1n,90,,,,,,,,,,,250.0,,,,,
L_S1n,91,,,,,,,,,,,0.0,,,,,
L_S1n,92,,,,,,,,,,,0.0,,,,,
L_S1n,93,,,,,,,,,,,300.0,,,,,
L_S1n,94,,,,,,,,,,,3000.0,,,,,
L_S1p,1,,,,,,,,,,,263.58,,,,,
L_S1p,2,,,,,,,,,,,16.67,,,,,
L_S1p,3,,,,,,,,,,,53.62,,,,,
L_S1p,4,,,,,,,,,,,234.24,,,,,
L_S1p,5,,,,,,,,,,,0.0,,,,,
L_S1p,6,,,,,,,,,,,1254.4,,,,,
L_S1p,7,,,,,,,,,,,346.09,,,,,
L_S1p,8,,,,,,,,,,,89.72,,,,,
L_S1p,9,,,,,,,,,,,1.96,,,,,
L_S1p,10,,,,,,,,,,,0.0,,,,,
L_S1p,11,,,,,,,,,,,97.375,,,,,
L_S1p,12,,,,,,,,,,,69.34,,,,,
L_S1p,13,,,,,,,,,,,62.735,,,,,
L_S1p,14,,,,,,,,,,,3.08,,,,,
L_S1p,15,,,,,,,,,,,117.4,,,,,
L_S1p,16,,,,,,,,,,,38.69,,,,,
L_S1p,17,,,,,,,,,,,105.75184,,,,,
L_S1p,18,,,,,,,,,,,20.32,,,,,
L_S1p,19,,,,,,,,,,,17.79,,,,,
L_S1p,20,,,,,,,,,,,496.0,,,,,
L_S1p,21,,,,,,,,,,,47.633,,,,,
L_S1p,22,,,,,,,,,,,24.12,,,,,
L_S1p,23,,,,,,,,,,,27.08,,,,,
L_S1p,24,,,,,,,,,,,431.9,,,,,
L_S1p,25,,,,,,,,,,,63.71,,,,,
L_S1p,26,,,,,,,,,,,4.963,,,,,
L_S1p,27,,,,,,,,,,,5.56,,,,,
L_S1p,28,,,,,,,,,,,88.24,,,,,
L_S1p,29,,,,,,,,,,,523.92,,,,,
L_S1p,30,,,,,,,,,,,81.87,,,,,
L_S1p,31,,,,,,,,,,,104.77,,,,,
L_S1p,32,,,,,,,,,,,123.53299999999999,,,,,
L_S1p,33,,,,,,,,,,,0.0,,,,,
L_S1p,34,,,,,,,,,,,38.853,,,,,
L_S1p,35,,,,,,,,,,,5.61,,,,,
L_S1p,36,,,,,,,,,,,9.07,,,,,
L_S1p,37,,,,,,,,,,,1.39,,,,,
L_S1p,38,,,,,,,,,,,46.8,,,,,
L_S1p,39,,,,,,,,,,,33.36,,,,,
L_S1p,40,,,,,,,,,,,265.05,,,,,
L_S1p,41,,,,,,,,,,,16.54,,,,,
L_S1p,42,,,,,,,,,,,10.36,,,,,
L_S1p,43,,,,,,,,,,,333.93,,,,,
L_S1p,44,,,,,,,,,,,296.4,,,,,
L_S1p,45,,,,,,,,,,,43.37,,,,,
L_S1p,46,,,,,,,,,,,0.0,,,,,
L_S1p,47,,,,,,,,,,,33.33,,,,,
L_S1p,48,,,,,,,,,,,70.3,,,,,
L_S1p,49,,,,,,,,,,,10.07,,,,,
L_S1p,50,,,,,,,,,,,10.765,,,,,
L_S1p,51,,,,,,,,,,,107.37,,,,,
L_S1p,52,,,,,,,,,,,8.63,,,,,
L_S1p,53,,,,,,,,,,,0.0,,,,,
L_S1p,54,,,,,,,,,,,3.9601,,,,,
L_S1p,55,,,,,,,,,,,40.595,,,,,
L_S1p,56,,,,,,,,,,,11.65131,,,,,
L_S1p,57,,,,,,,,,,,16.76,,,,,
L_S1p,58,,,,,,,,,,,0.0,,,,,
L_S1p,59,,,,,,,,,,,67.22,,,,,
L_S1p,60,,,,,,,,,,,13.745,,,,,
L_S1p,61,,,,,,,,,,,29.29,,,,,
L_S1p,62,,,,,,,,,,,263.8,,,,,
L_S1p,63,,,,,,,,,,,51.5,,,,,
L_S1p,64,,,,,,,,,,,230.21,,,,,
L_S1p,65,,,,,,,,,,,232.72,,,,,
L_S1p,66,,,,,,,,,,,660.2,,,,,
L_S1p,67,,,,,,,,,,,4.481,,,,,
L_S1p,68,,,,,,,,,,,119.32,,,,,
L_S1p,69,,,,,,,,,,,48.6602,,,,,
L_S1p,70,,,,,,,,,,,212.3,,,,,
L_S1p,71,,,,,,,,,,,124.1,,,,,
L_S1p,72,,,,,,,,,,,1.52,,,,,
L_S1p,73,,,,,,,,,,,16.35,,,,,
L_S1p,74,,,,,,,,,,,529.4,,,,,
L_S1p,75,,,,,,,,,,,11.41,,,,,
L_S1p,76,,,,,,,,,,,23.0592,,,,,
L_S1p,77,,,,,,,,,,,192.01,,,,,
L_S1p,78,,,,,,,,,,,495.0307,,,,,
L_S1p,79,,,,,,,,,,,0.0,,,,,
L_S1p,80,,,,,,,,,,,33.646525,,,,,
L_S1p,81,,,,,,,,,,,546.67,,,,,
L_S1p,82,,,,,,,,,,,14.95,,,,,
L_S1p,83,,,,,,,,,,,99.4,,,,,
L_S1p,84,,,,,,,,,,,11.845,,,,,
L_S1p,85,,,,,,,,,,,62.9002,,,,,
L_S1p,86,,,,,,,,,,,29.9022,,,,,
L_S1p,87,,,,,,,,,,,4.84,,,,,
L_S1p,88,,,,,,,,,,,33.25,,,,,
L_S1p,89,,,,,,,,,,,67.82,,,,,
L_S1p,90,,,,,,,,,,,194.28,,,,,
L_S1p,91,,,,,,,,,,,0.0,,,,,
L_S1p,92,,,,,,,,,,,0.0,,,,,
L_S1p,93,,,,,,,,,,,828.2,,,,,
L_S1p,94,,,,,,,,,,,17.17,,,,,
Saldo_SinceOpen,1,,,,,,,,,,,14900.000000000091,,,,,
Saldo_SinceOpen,2,,,,,,,,,,,5549.999999999997,,,,,
Saldo_SinceOpen,3,,,,,,,,,,,3280.000000000047,,,,,
Saldo_SinceOpen,4,,,,,,,,,,,122061.00000000009,,,,,
Saldo_SinceOpen,5,,,,,,,,,,,0.0,,,,,
Saldo_SinceOpen,6,,,,,,,,,,,58379.999999999905,,,,,
Saldo_SinceOpen,7,,,,,,,,,,,2610.0000000000136,,,,,
Saldo_SinceOpen,8,,,,,,,,,,,0.0,,,,,
Saldo_SinceOpen,9,,,,,,,,,,,1500.0000000000014,,,,,
Saldo_SinceOpen,10,,,,,,,,,,,625.0000000000033,,,,,
Saldo_SinceOpen,11,,,,,,,,,,,2.1200000000000045,,,,,
Saldo_SinceOpen,12,,,,,,,,,,,-339.9999999999963,,,,,
Saldo_SinceOpen,13,,,,,,,,,,,0.05999999999998806,,,,,
Saldo_SinceOpen,14,,,,,,,,,,,-1274.9999999999916,,,,,
Saldo_SinceOpen,15,,,,,,,,,,,1140.0000000000005,,,,,
Saldo_SinceOpen,16,,,,,,,,,,,-5359.999999999985,,,,,
Saldo_SinceOpen,17,,,,,,,,,,,825.0,,,,,
Saldo_SinceOpen,18,,,,,,,,,,,-1100.0000000000014,,,,,
Saldo_SinceOpen,19,,,,,,,,,,,249.9999999999858,,,,,
Saldo_SinceOpen,20,,,,,,,,,,,-1513.6199999999858,,,,,
Saldo_SinceOpen,21,,,,,,,,,,,1.125,,,,,
Saldo_SinceOpen,22,,,,,,,,,,,-1559.9999999999882,,,,,
Saldo_SinceOpen,23,,,,,,,,,,,-4202.999999999989,,,,,
Saldo_SinceOpen,24,,,,,,,,,,,3600.0000000000514,,,,,
Saldo_SinceOpen,25,,,,,,,,,,,149.99999999999147,,,,,
Saldo_SinceOpen,26,,,,,,,,,,,0.0,,,,,
Saldo_SinceOpen,27,,,,,,,,,,,4.550000000000001,,,,,
Saldo_SinceOpen,28,,,,,,,,,,,-3150.0000000000127,,,,,
Saldo_SinceOpen,29,,,,,,,,,,,5699.999999999932,,,,,
Saldo_SinceOpen,30,,,,,,,,,,,1440.0000000000118,,,,,
Saldo_SinceOpen,31,,,,,,,,,,,17510.00000000002,,,,,
Saldo_SinceOpen,32,,,,,,,,,,,110700.00000000036,,,,,
Saldo_SinceOpen,33,,,,,,,,,,,750.0000000000007,,,,,
Saldo_SinceOpen,34,,,,,,,,,,,-609.9999999999994,,,,,
Saldo_SinceOpen,35,,,,,,,,,,,0.0,,,,,
Saldo_SinceOpen,36,,,,,,,,,,,-4950.000000000015,,,,,
Saldo_SinceOpen,37,,,,,,,,,,,124.99999999999956,,,,,
Saldo_SinceOpen,38,,,,,,,,,,,4477.000000000003,,,,,
Saldo_SinceOpen,39,,,,,,,,,,,0.0,,,,,
Saldo_SinceOpen,40,,,,,,,,,,,-30399.999999999978,,,,,
Saldo_SinceOpen,41,,,,,,,,,,,22725.000000000036,,,,,
Saldo_SinceOpen,42,,,,,,,,,,,1439.9999999999977,,,,,
Saldo_SinceOpen,43,,,,,,,,,,,24.250000000000114,,,,,
Saldo_SinceOpen,44,,,,,,,,,,,9810.000000000031,,,,,
Saldo_SinceOpen,45,,,,,,,,,,,-1800.0000000000043,,,,,
Saldo_SinceOpen,46,,,,,,,,,,,750.0000000000018,,,,,
Saldo_SinceOpen,47,,,,,,,,,,,1276.7999999999943,,,,,
Saldo_SinceOpen,48,,,,,,,,,,,1199.9999999999886,,,,,
Saldo_SinceOpen,49,,,,,,,,,,,0.14999999999999858,,,,,
Saldo_SinceOpen,50,,,,,,,,,,,0.0,,,,,
Saldo_SinceOpen,51,,,,,,,,,,,-1.8200000000000216,,,,,
Saldo_SinceOpen,52,,,,,,,,,,,819.0000000000033,,,,,
Saldo_SinceOpen,53,,,,,,,,,,,0.0,,,,,
Saldo_SinceOpen,54,,,,,,,,,,,-149.99999999999903,,,,,
Saldo_SinceOpen,55,,,,,,,,,,,-10719.99999999997,,,,,
Saldo_SinceOpen,56,,,,,,,,,,,0.2499999999999858,,,,,
Saldo_SinceOpen,57,,,,,,,,,,,11475.00000000002,,,,,
Saldo_SinceOpen,58,,,,,,,,,,,0.0,,,,,
Saldo_SinceOpen,59,,,,,,,,,,,1259.999999999991,,,,,
Saldo_SinceOpen,60,,,,,,,,,,,-1349.9999999999873,,,,,
Saldo_SinceOpen,61,,,,,,,,,,,0.0,,,,,
Saldo_SinceOpen,62,,,,,,,,,,,-9119.999999999993,,,,,
Saldo_SinceOpen,63,,,,,,,,,,,-336.0000000000008,,,,,
Saldo_SinceOpen,64,,,,,,,,,,,1266.5000000000077,,,,,
Saldo_SinceOpen,65,,,,,,,,,,,12627.00000000001,,,,,
Saldo_SinceOpen,66,,,,,,,,,,,0.0,,,,,
Saldo_SinceOpen,67,,,,,,,,,,,-1649.9999999999893,,,,,
Saldo_SinceOpen,68,,,,,,,,,,,1368.0000000000007,,,,,
Saldo_SinceOpen,69,,,,,,,,,,,0.0,,,,,
Saldo_SinceOpen,70,,,,,,,,,,,0.0,,,,,
Saldo_SinceOpen,71,,,,,,,,,,,-700.0000000000028,,,,,
Saldo_SinceOpen,72,,,,,,,,,,,480.00000000000045,,,,,
Saldo_SinceOpen,73,,,,,,,,,,,2125.0000000000036,,,,,
Saldo_SinceOpen,74,,,,,,,,,,,-239.99999999999775,,,,,
Saldo_SinceOpen,75,,,,,,,,,,,0.0,,,,,
Saldo_SinceOpen,76,,,,,,,,,,,0.0,,,,,
Saldo_SinceOpen,77,,,,,,,,,,,3066.2499999999936,,,,,
Saldo_SinceOpen,78,,,,,,,,,,,0.0,,,,,
Saldo_SinceOpen,79,,,,,,,,,,,-20.17340000000004,,,,,
Saldo_SinceOpen,80,,,,,,,,,,,275.0,,,,,
Saldo_SinceOpen,81,,,,,,,,,,,-185.49999999999045,,,,,
Saldo_SinceOpen,82,,,,,,,,,,,1199.9999999999923,,,,,
Saldo_SinceOpen,83,,,,,,,,,,,0.0,,,,,
Saldo_SinceOpen,84,,,,,,,,,,,0.0,,,,,
Saldo_SinceOpen,85,,,,,,,,,,,-6319.999999999993,,,,,
Saldo_SinceOpen,86,,,,,,,,,,,0.0,,,,,
Saldo_SinceOpen,87,,,,,,,,,,,-1949.9999999999984,,,,,
Saldo_SinceOpen,88,,,,,,,,,,,0.0,,,,,
Saldo_SinceOpen,89,,,,,,,,,,,29.999999999998295,,,,,
Saldo_SinceOpen,90,,,,,,,,,,,4574.9999999999745,,,,,
Saldo_SinceOpen,91,,,,,,,,,,,-2334.9999999999936,,,,,
Saldo_SinceOpen,92,,,,,,,,,,,-18812.399999999983,,,,,
Saldo_SinceOpen,93,,,,,,,,,,,0.0,,,,,
Saldo_SinceOpen,94,,,,,,,,,,,299.99999999998295,,,,,
Since_1,1,,,,,,,,,,,15858.659999999683,,,,,
Since_1,2,,,,,,,,,,,4288.820000000007,,,,,
Since_1,3,,,,,,,,,,,5725.076000000001,,,,,
Since_1,4,,,,,,,,,,,179332.52000000002,,,,,
Since_1,5,,,,,,,,,,,65608.97200000007,,,,,
Since_1,6,,,,,,,,,,,551641.9920000001,,,,,
Since_1,7,,,,,,,,,,,4268.872000000032,,,,,
Since_1,8,,,,,,,,,,,0.0,,,,,
Since_1,9,,,,,,,,,,,997.3999999999942,,,,,
Since_1,10,,,,,,,,,,,623.3750000000036,,,,,
Since_1,11,,,,,,,,,,,1.4362560000000144,,,,,
Since_1,12,,,,,,,,,,,-264.31099999999424,,,,,
Since_1,13,,,,,,,,,,,0.029921999999984905,,,,,
Since_1,14,,,,,,,,,,,-2119.475000000006,,,,,
Since_1,15,,,,,,,,,,,618.3879999999917,,,,,
Since_1,16,,,,,,,,,,,-1875.1119999999937,,,,,
Since_1,17,,,,,,,,,,,655.2918000000063,,,,,
Since_1,18,,,,,,,,,,,-1336.5160000000033,,,,,
Since_1,19,,,,,,,,,,,1496.1000000000058,,,,,
Since_1,20,,,,,,,,,,,251.61409800004913,,,,,
Since_1,21,,,,,,,,,,,-0.024934999999999263,,,,,
Since_1,22,,,,,,,,,,,-1915.0080000000307,,,,,
Since_1,23,,,,,,,,,,,-4730.6681999999855,,,,,
Since_1,24,,,,,,,,,,,2543.3699999999953,,,,,
Since_1,25,,,,,,,,,,,-628.3620000000083,,,,,
Since_1,26,,,,,,,,,,,0.0,,,,,
Since_1,27,,,,,,,,,,,3.9397300000000115,,,,,
Since_1,28,,,,,,,,,,,-7360.8120000000345,,,,,
Since_1,29,,,,,,,,,,,-12567.240000000224,,,,,
Since_1,30,,,,,,,,,,,927.5819999999949,,,,,
Since_1,31,,,,,,,,,,,14412.429999999935,,,,,
Since_1,32,,,,,,,,,,,121184.09999999963,,,,,
Since_1,33,,,,,,,,,,,-1466.1779999999999,,,,,
Since_1,34,,,,,,,,,,,-498.6999999999971,,,,,
Since_1,35,,,,,,,,,,,-99.73999999999978,,,,,
Since_1,36,,,,,,,,,,,-6283.619999999995,,,,,
Since_1,37,,,,,,,,,,,124.67500000000018,,,,,
Since_1,38,,,,,,,,,,,2878.4964000000036,,,,,
Since_1,39,,,,,,,,,,,3.5906400000000076,,,,,
Since_1,40,,,,,,,,,,,-16995.695999999996,,,,,
Since_1,41,,,,,,,,,,,-1346.4899999999907,,,,,
Since_1,42,,,,,,,,,,,638.3359999999811,,,,,
Since_1,43,,,,,,,,,,,23.189550000000054,,,,,
Since_1,44,,,,,,,,,,,-1885.0860000001267,,,,,
Since_1,45,,,,,,,,,,,-2543.37000000001,,,,,
Since_1,46,,,,,,,,,,,748.0500000000029,,,,,
Since_1,47,,,,,,,,,,,1273.4803200000024,,,,,
Since_1,48,,,,,,,,,,,1396.359999999986,,,,,
Since_1,49,,,,,,,,,,,0.03989599999999882,,,,,
Since_1,50,,,,,,,,,,,0.0,,,,,
Since_1,51,,,,,,,,,,,-1.176932000000022,,,,,
Since_1,52,,,,,,,,,,,233.39160000000265,,,,,
Since_1,53,,,,,,,,,,,13095.861999999994,,,,,
Since_1,54,,,,,,,,,,,-249.34999999999854,,,,,
Since_1,55,,,,,,,,,,,-3750.2239999999874,,,,,
Since_1,56,,,,,,,,,,,1.4960999999999842,,,,,
Since_1,57,,,,,,,,,,,12657.006000000052,,,,,
Since_1,58,,,,,,,,,,,0.0,,,,,
Since_1,59,,,,,,,,,,,2294.0200000000186,,,,,
Since_1,60,,,,,,,,,,,807.8939999999711,,,,,
Since_1,61,,,,,,,,,,,0.3590639999999965,,,,,
Since_1,62,,,,,,,,,,,-5098.708800000022,,,,,
Since_1,63,,,,,,,,,,,-474.7623999999996,,,,,
Since_1,64,,,,,,,,,,,1347.9861000000383,,,,,
Since_1,65,,,,,,,,,,,18551.639999999956,,,,,
Since_1,66,,,,,,,,,,,0.0,,,,,
Since_1,67,,,,,,,,,,,-2742.850000000006,,,,,
Since_1,68,,,,,,,,,,,742.0655999999872,,,,,
Since_1,69,,,,,,,,,,,0.0,,,,,
Since_1,70,,,,,,,,,,,0.0,,,,,
Since_1,71,,,,,,,,,,,-1635.7360000000044,,,,,
Since_1,72,,,,,,,,,,,-562.5335999999952,,,,,
Since_1,73,,,,,,,,,,,2343.8899999999994,,,,,
Since_1,74,,,,,,,,,,,39.896000000007916,,,,,
Since_1,75,,,,,,,,,,,0.0,,,,,
Since_1,76,,,,,,,,,,,0.0,,,,,
Since_1,77,,,,,,,,,,,2339.6510500000004,,,,,
Since_1,78,,,,,,,,,,,0.0,,,,,
Since_1,79,,,,,,,,,,,0.0,,,,,
Since_1,80,,,,,,,,,,,-219.42799999999988,,,,,
Since_1,81,,,,,,,,,,,-1113.5971000000136,,,,,
Since_1,82,,,,,,,,,,,1097.1399999999994,,,,,
Since_1,83,,,,,,,,,,,0.0,,,,,
Since_1,84,,,,,,,,,,,0.0,,,,,
Since_1,85,,,,,,,,,,,-4947.103999999992,,,,,
Since_1,86,,,,,,,,,,,0.0,,,,,
Since_1,87,,,,,,,,,,,-2244.1500000000087,,,,,
Since_1,88,,,,,,,,,,,0.0,,,,,
Since_1,89,,,,,,,,,,,-65.82839999999851,,,,,
Since_1,90,,,,,,,,,,,3710.3280000000377,,,,,
Since_1,91,,,,,,,,,,,-2628.1489999999903,,,,,
Since_1,92,,,,,,,,,,,-15226.108919999911,,,,,
Since_1,93,,,,,,,,,,,0.0,,,,,
Since_1,94,,,,,,,,,,,1795.320000000007,,,,,
since_2,1,,,,,,,,,,,53859.60000000009,,,,,
since_2,2,,,,,,,,,,,3441.0299999999843,,,,,
since_2,3,,,,,,,,,,,-19628.831999999937,,,,,
since_2,4,,,,,,,,,,,108178.00400000019,,,,,
since_2,5,,,,,,,,,,,5046.844000000041,,,,,
since_2,6,,,,,,,,,,,146158.99600000004,,,,,
since_2,7,,,,,,,,,,,0.0,,,,,
since_2,8,,,,,,,,,,,4987.0,,,,,
since_2,9,,,,,,,,,,,0.0,,,,,
since_2,10,,,,,,,,,,,4987.0,,,,,
since_2,11,,,,,,,,,,,-124.67499999999927,,,,,
since_2,12,,,,,,,,,,,6.343463999999997,,,,,
since_2,13,,,,,,,,,,,1506.0740000000005,,,,,
since_2,14,,,,,,,,,,,0.5685180000000116,,,,,
since_2,15,,,,,,,,,,,8477.899999999994,,,,,
since_2,16,,,,,,,,,,,3381.1860000000015,,,,,
since_2,17,,,,,,,,,,,-1915.0080000000016,,,,,
since_2,18,,,,,,,,,,,-400.35635999999795,,,,,
since_2,19,,,,,,,,,,,-119.68800000000192,,,,,
since_2,20,,,,,,,,,,,448.8299999999872,,,,,
since_2,21,,,,,,,,,,,31954.990445999952,,,,,
since_2,22,,,,,,,,,,,3.959678000000011,,,,,
since_2,23,,,,,,,,,,,3889.8600000000442,,,,,
since_2,24,,,,,,,,,,,2333.9159999999974,,,,,
since_2,25,,,,,,,,,,,38449.77000000002,,,,,
since_2,26,,,,,,,,,,,-1715.5279999999912,,,,,
since_2,27,,,,,,,,,,,0.0,,,,,
since_2,28,,,,,,,,,,,2.643110000000007,,,,,
since_2,29,,,,,,,,,,,17863.43400000001,,,,,
since_2,30,,,,,,,,,,,20346.959999999963,,,,,
since_2,31,,,,,,,,,,,1526.0219999999972,,,,,
since_2,32,,,,,,,,,,,59514.85800000001,,,,,
since_2,33,,,,,,,,,,,25583.31000000052,,,,,
since_2,34,,,,,,,,,,,-1451.2170000000006,,,,,
since_2,35,,,,,,,,,,,1176.9320000000007,,,,,
since_2,36,,,,,,,,,,,219.42799999999988,,,,,
since_2,37,,,,,,,,,,,11669.580000000016,,,,,
since_2,38,,,,,,,,,,,79.79200000000037,,,,,
since_2,39,,,,,,,,,,,3690.3800000000047,,,,,
since_2,40,,,,,,,,,,,-1.196879999999851,,,,,
since_2,41,,,,,,,,,,,-5824.815999999992,,,,,
since_2,42,,,,,,,,,,,897.6599999999744,,,,,
since_2,43,,,,,,,,,,,4149.184000000023,,,,,
since_2,44,,,,,,,,,,,-33.91159999999991,,,,,
since_2,45,,,,,,,,,,,92997.57600000012,,,,,
since_2,46,,,,,,,,,,,2992.199999999997,,,,,
since_2,47,,,,,,,,,,,648.3099999999977,,,,,
since_2,48,,,,,,,,,,,4188.461611999992,,,,,
since_2,49,,,,,,,,,,,4188.461611999992,,,,,
since_2,50,,,,,,,,,,,3191.680000000022,,,,,
since_2,51,,,,,,,,,,,0.40893400000000035,,,,,
since_2,52,,,,,,,,,,,0.0,,,,,
since_2,53,,,,,,,,,,,-7.580239999999975,,,,,
since_2,54,,,,,,,,,,,9535.144,,,,,
since_2,55,,,,,,,,,,,1007.3739999999816,,,,,
since_2,56,,,,,,,,,,,997.3999999999978,,,,,
since_2,57,,,,,,,,,,,-3830.0160000000033,,,,,
since_2,58,,,,,,,,,,,0.44883000000001516,,,,,
since_2,59,,,,,,,,,,,-24910.06500000006,,,,,
since_2,60,,,,,,,,,,,0.0,,,,,
since_2,61,,,,,,,,,,,10233.323999999993,,,,,
since_2,62,,,,,,,,,,,538.5960000000196,,,,,
since_2,63,,,,,,,,,,,-0.11968799999999646,,,,,
since_2,64,,,,,,,,,,,-1747.4447999999975,,,,,
since_2,65,,,,,,,,,,,558.5440000000017,,,,,
since_2,66,,,,,,,,,,,4578.0659999999625,,,,,
since_2,67,,,,,,,,,,,11190.828000000038,,,,,
since_2,68,,,,,,,,,,,0.0,,,,,
since_2,69,,,,,,,,,,,10971.400000000023,,,,,
since_2,70,,,,,,,,,,,4057.4232000000047,,,,,
since_2,71,,,,,,,,,,,0.0,,,,,
since_2,72,,,,,,,,,,,0.0,,,,,
since_2,73,,,,,,,,,,,3969.652000000002,,,,,
since_2,74,,,,,,,,,,,2046.6647999999986,,,,,
since_2,75,,,,,,,,,,,-4612.97500000002,,,,,
since_2,76,,,,,,,,,,,5066.792000000001,,,,,
since_2,77,,,,,,,,,,,0.0,,,,,
since_2,78,,,,,,,,,,,0.0,,,,,
since_2,79,,,,,,,,,,,6489.583099999989,,,,,
since_2,80,,,,,,,,,,,0.0,,,,,
since_2,81,,,,,,,,,,,-19.34706650000004,,,,,
since_2,82,,,,,,,,,,,2764.792800000003,,,,,
since_2,83,,,,,,,,,,,3110.391900000017,,,,,
since_2,84,,,,,,,,,,,4388.560000000012,,,,,
since_2,85,,,,,,,,,,,0.0,,,,,
since_2,86,,,,,,,,,,,0.0,,,,,
since_2,87,,,,,,,,,,,-12607.135999999999,,,,,
since_2,88,,,,,,,,,,,0.0,,,,,
since_2,89,,,,,,,,,,,74.80500000000757,,,,,
since_2,90,,,,,,,,,,,0.0,,,,,
since_2,91,,,,,,,,,,,1705.5539999999964,,,,,
since_2,92,,,,,,,,,,,7091.5139999999665,,,,,
since_2,93,,,,,,,,,,,1296.6199999999953,,,,,
since_2,94,,,,,,,,,,,538.5959999999905,,,,,
Gravity,1,,,,,,,,,,,1.1337095473914545,,,,,
Gravity,2,,,,,,,,,,,1.2195121951219512,,,,,
Gravity,3,,,,,,,,,,,1.3606060606060606,,,,,
Gravity,4,,,,,,,,,,,1.2038091161994435,,,,,
Gravity,5,,,,,,,,,,,3.2040816326530615,,,,,
Gravity,6,,,,,,,,,,,1.1433349530288306,,,,,
Gravity,7,,,,,,,,,,,1.328646699163168,,,,,
Gravity,8,,,,,,,,,,,1.024203386522227,,,,,
Gravity,9,,,,,,,,,,,1.2083333333333333,,,,,
Gravity,10,,,,,,,,,,,0,,,,,
Gravity,11,,,,,,,,,,,1.0555511086208276,,,,,
Gravity,12,,,,,,,,,,,1.0705783335337262,,,,,
Gravity,13,,,,,,,,,,,1.2232935803095661,,,,,
Gravity,14,,,,,,,,,,,1.9788918205804749,,,,,
Gravity,15,,,,,,,,,,,1.289879759519038,,,,,
Gravity,16,,,,,,,,,,,1.3737075332348596,,,,,
Gravity,17,,,,,,,,,,,1.0071698864767975,,,,,
Gravity,18,,,,,,,,,,,1.1833265884257385,,,,,
Gravity,19,,,,,,,,,,,0.9730138713745271,,,,,
Gravity,20,,,,,,,,,,,1.3605799373040752,,,,,
Gravity,21,,,,,,,,,,,1.2367855047904581,,,,,
Gravity,22,,,,,,,,,,,1.064867042707494,,,,,
Gravity,23,,,,,,,,,,,1.058105973969395,,,,,
Gravity,24,,,,,,,,,,,1.2761609907120741,,,,,
Gravity,25,,,,,,,,,,,1.0651215697426417,,,,,
Gravity,26,,,,,,,,,,,1.5567765567765568,,,,,
Gravity,27,,,,,,,,,,,1.0247160988643953,,,,,
Gravity,28,,,,,,,,,,,0.8804602184087363,,,,,
Gravity,29,,,,,,,,,,,1.5742622028037632,,,,,
Gravity,30,,,,,,,,,,,1.003281117696867,,,,,
Gravity,31,,,,,,,,,,,1.1749579831932773,,,,,
Gravity,32,,,,,,,,,,,1.1156822411597611,,,,,
Gravity,33,,,,,,,,,,,32.95454545454545,,,,,
Gravity,34,,,,,,,,,,,1.2857394056620364,,,,,
Gravity,35,,,,,,,,,,,1.8478260869565217,,,,,
Gravity,36,,,,,,,,,,,1.3486842105263157,,,,,
Gravity,37,,,,,,,,,,,0,,,,,
Gravity,38,,,,,,,,,,,1.6781383153064569,,,,,
Gravity,39,,,,,,,,,,,1.0168024439918533,,,,,
Gravity,40,,,,,,,,,,,1.6660931899641576,,,,,
Gravity,41,,,,,,,,,,,0,,,,,
Gravity,42,,,,,,,,,,,1.4801920768307324,,,,,
Gravity,43,,,,,,,,,,,1.2042248426535485,,,,,
Gravity,44,,,,,,,,,,,1.1783134508044215,,,,,
Gravity,45,,,,,,,,,,,0.8717948717948718,,,,,
Gravity,46,,,,,,,,,,,0.7553889409559513,,,,,
Gravity,47,,,,,,,,,,,1.0104645368473506,,,,,
Gravity,48,,,,,,,,,,,0.9735211267605635,,,,,
Gravity,49,,,,,,,,,,,1.1550330639235857,,,,,
Gravity,50,,,,,,,,,,,NONE,,,,,
Gravity,51,,,,,,,,,,,1.033862229102167,,,,,
Gravity,52,,,,,,,,,,,1.958762886597938,,,,,
Gravity,53,,,,,,,,,,,3.2040816326530615,,,,,
Gravity,54,,,,,,,,,,,1.9788918205804749,,,,,
Gravity,55,,,,,,,,,,,1.3737075332348596,,,,,
Gravity,56,,,,,,,,,,,0.9730138713745271,,,,,
Gravity,57,,,,,,,,,,,0.9357347523536635,,,,,
Gravity,58,,,,,,,,,,,NONE,,,,,
Gravity,59,,,,,,,,,,,1.1297785301170828,,,,,
Gravity,60,,,,,,,,,,,0.9947441217150761,,,,,
Gravity,61,,,,,,,,,,,1.0168024439918533,,,,,
Gravity,62,,,,,,,,,,,1.6660931899641576,,,,,
Gravity,63,,,,,,,,,,,0.8717948717948718,,,,,
Gravity,64,,,,,,,,,,,1.1337095473914545,,,,,
Gravity,65,,,,,,,,,,,1.2038091161994435,,,,,
Gravity,66,,,,,,,,,,,1.1433349530288306,,,,,
Gravity,67,,,,,,,,,,,1.9788918205804749,,,,,
Gravity,68,,,,,,,,,,,1.289879759519038,,,,,
Gravity,69,,,,,,,,,,,1.2367855047904581,,,,,
Gravity,70,,,,,,,,,,,1.2761609907120741,,,,,
Gravity,71,,,,,,,,,,,0.8804602184087363,,,,,
Gravity,72,,,,,,,,,,,3.823929299796057,,,,,
Gravity,73,,,,,,,,,,,0.9357347523536635,,,,,
Gravity,74,,,,,,,,,,,1.3605799373040752,,,,,
Gravity,75,,,,,,,,,,,1.1506737443854635,,,,,
Gravity,76,,,,,,,,,,,1.1297785301170828,,,,,
Gravity,77,,,,,,,,,,,1.1844397789521948,,,,,
Gravity,78,,,,,,,,,,,1.0358738539774148,,,,,
Gravity,79,,,,,,,,,,,117.22222222222223,,,,,
Gravity,80,,,,,,,,,,,1.1149253731343283,,,,,
Gravity,81,,,,,,,,,,,1.3039707895937929,,,,,
Gravity,82,,,,,,,,,,,1.6154747948417352,,,,,
Gravity,83,,,,,,,,,,,0.9879455940179204,,,,,
Gravity,84,,,,,,,,,,,0.9947441217150761,,,,,
Gravity,85,,,,,,,,,,,1.049213943950786,,,,,
Gravity,86,,,,,,,,,,,1.05054217974637,,,,,
Gravity,87,,,,,,,,,,,0.8610687022900763,,,,,
Gravity,88,,,,,,,,,,,1.0549732122059166,,,,,
Gravity,89,,,,,,,,,,,1.371173469387755,,,,,
Gravity,90,,,,,,,,,,,1.2951144584283025,,,,,
Gravity,91,,,,,,,,,,,1.058105973969395,,,,,
Gravity,92,,,,,,,,,,,0,,,,,
Gravity,93,,,,,,,,,,,1.1433349530288306,,,,,
Gravity,94,,,,,,,,,,,0.9730138713745271,,,,,
Refill1,1,,,,,,,,,,,Buy,,,,,
Refill1,2,,,,,,,,,,,Buy,,,,,
Refill1,3,,,,,,,,,,,Buy,,,,,
Refill1,4,,,,,,,,,,,Buy,,,,,
Refill1,5,,,,,,,,,,,S_more,,,,,
Refill1,6,,,,,,,,,,,Buy,,,,,
Refill1,7,,,,,,,,,,,Buy,,,,,
Refill1,8,,,,,,,,,,,Buy,,,,,
Refill1,9,,,,,,,,,,,Buy,,,,,
Refill1,10,,,,,,,,,,,S_more,,,,,
Refill1,11,,,,,,,,,,,Buy,,,,,
Refill1,12,,,,,,,,,,,Buy,,,,,
Refill1,13,,,,,,,,,,,Buy,,,,,
Refill1,14,,,,,,,,,,,Refill,,,,,
Refill1,15,,,,,,,,,,,Refill,,,,,
Refill1,16,,,,,,,,,,,Refill,,,,,
Refill1,17,,,,,,,,,,,Buy,,,,,
Refill1,18,,,,,,,,,,,Refill,,,,,
Refill1,19,,,,,,,,,,,Buy,,,,,
Refill1,20,,,,,,,,,,,Buy,,,,,
Refill1,21,,,,,,,,,,,Buy,,,,,
Refill1,22,,,,,,,,,,,Buy,,,,,
Refill1,23,,,,,,,,,,,Refill,,,,,
Refill1,24,,,,,,,,,,,Buy,,,,,
Refill1,25,,,,,,,,,,,Buy,,,,,
Refill1,26,,,,,,,,,,,Refill,,,,,
Refill1,27,,,,,,,,,,,Buy,,,,,
Refill1,28,,,,,,,,,,,S_more,,,,,
Refill1,29,,,,,,,,,,,Buy,,,,,
Refill1,30,,,,,,,,,,,Buy,,,,,
Refill1,31,,,,,,,,,,,Buy,,,,,
Refill1,32,,,,,,,,,,,Refill,,,,,
Refill1,33,,,,,,,,,,,S_more,,,,,
Refill1,34,,,,,,,,,,,Buy,,,,,
Refill1,35,,,,,,,,,,,Buy,,,,,
Refill1,36,,,,,,,,,,,Buy,,,,,
Refill1,37,,,,,,,,,,,Refill,,,,,
Refill1,38,,,,,,,,,,,Buy,,,,,
Refill1,39,,,,,,,,,,,Buy,,,,,
Refill1,40,,,,,,,,,,,Refill,,,,,
Refill1,41,,,,,,,,,,,Buy,,,,,
Refill1,42,,,,,,,,,,,Refill,,,,,
Refill1,43,,,,,,,,,,,Buy,,,,,
Refill1,44,,,,,,,,,,,Buy,,,,,
Refill1,45,,,,,,,,,,,Refill,,,,,
Refill1,46,,,,,,,,,,,Buy,,,,,
Refill1,47,,,,,,,,,,,Buy,,,,,
Refill1,48,,,,,,,,,,,Buy,,,,,
Refill1,49,,,,,,,,,,,Buy,,,,,
Refill1,50,,,,,,,,,,,Refill,,,,,
Refill1,51,,,,,,,,,,,Buy,,,,,
Refill1,52,,,,,,,,,,,Refill,,,,,
Refill1,53,,,,,,,,,,,S_more,,,,,
Refill1,54,,,,,,,,,,,Refill,,,,,
Refill1,55,,,,,,,,,,,Refill,,,,,
Refill1,56,,,,,,,,,,,Buy,,,,,
Refill1,57,,,,,,,,,,,Buy,,,,,
Refill1,58,,,,,,,,,,,,,,,,
Refill1,59,,,,,,,,,,,Buy,,,,,
Refill1,60,,,,,,,,,,,Buy,,,,,
Refill1,61,,,,,,,,,,,Buy,,,,,
Refill1,62,,,,,,,,,,,Refill,,,,,
Refill1,63,,,,,,,,,,,Refill,,,,,
Refill1,64,,,,,,,,,,,Buy,,,,,
Refill1,65,,,,,,,,,,,Buy,,,,,
Refill1,66,,,,,,,,,,,Buy,,,,,
Refill1,67,,,,,,,,,,,Refill,,,,,
Refill1,68,,,,,,,,,,,Refill,,,,,
Refill1,69,,,,,,,,,,,Buy,,,,,
Refill1,70,,,,,,,,,,,Buy,,,,,
Refill1,71,,,,,,,,,,,S_more,,,,,
Refill1,72,,,,,,,,,,,Refill,,,,,
Refill1,73,,,,,,,,,,,Buy,,,,,
Refill1,74,,,,,,,,,,,Refill,,,,,
Refill1,75,,,,,,,,,,,Buy,,,,,
Refill1,76,,,,,,,,,,,S_more,,,,,
Refill1,77,,,,,,,,,,,Buy,,,,,
Refill1,78,,,,,,,,,,,Buy,,,,,
Refill1,79,,,,,,,,,,,S_more,,,,,
Refill1,80,,,,,,,,,,,Buy,,,,,
Refill1,81,,,,,,,,,,,Refill,,,,,
Refill1,82,,,,,,,,,,,Refill,,,,,
Refill1,83,,,,,,,,,,,S_more,,,,,
Refill1,84,,,,,,,,,,,S_more,,,,,
Refill1,85,,,,,,,,,,,S_more,,,,,
Refill1,86,,,,,,,,,,,Buy,,,,,
Refill1,87,,,,,,,,,,,Buy,,,,,
Refill1,88,,,,,,,,,,,Buy,,,,,
Refill1,89,,,,,,,,,,,S_more,,,,,
Refill1,90,,,,,,,,,,,Buy,,,,,
Refill1,91,,,,,,,,,,,S_more,,,,,
Refill1,92,,,,,,,,,,,S_more,,,,,
Refill1,93,,,,,,,,,,,Buy,,,,,
Refill1,94,,,,,,,,,,,Buy,,,,,
Refill2,1,,,,,,,,,,,,,,,,
Refill2,2,,,,,,,,,,,,,,,,
Refill2,3,,,,,,,,,,,,,,,,
Refill2,4,,,,,,,,,,,,,,,,
Refill2,5,,,,,,,,,,,S_more,,,,,
Refill2,6,,,,,,,,,,,,,,,,
Refill2,7,,,,,,,,,,,,,,,,
Refill2,8,,,,,,,,,,,,,,,,
Refill2,9,,,,,,,,,,,,,,,,
Refill2,10,,,,,,,,,,,S_more,,,,,
Refill2,11,,,,,,,,,,,,,,,,
Refill2,12,,,,,,,,,,,,,,,,
Refill2,13,,,,,,,,,,,,,,,,
Refill2,14,,,,,,,,,,,,,,,,
Refill2,15,,,,,,,,,,,,,,,,
Refill2,16,,,,,,,,,,,,,,,,
Refill2,17,,,,,,,,,,,,,,,,
Refill2,18,,,,,,,,,,,,,,,,
Refill2,19,,,,,,,,,,,,,,,,
Refill2,20,,,,,,,,,,,,,,,,
Refill2,21,,,,,,,,,,,,,,,,
Refill2,22,,,,,,,,,,,,,,,,
Refill2,23,,,,,,,,,,,,,,,,
Refill2,24,,,,,,,,,,,,,,,,
Refill2,25,,,,,,,,,,,,,,,,
Refill2,26,,,,,,,,,,,,,,,,
Refill2,27,,,,,,,,,,,,,,,,
Refill2,28,,,,,,,,,,,S_more,,,,,
Refill2,29,,,,,,,,,,,,,,,,
Refill2,30,,,,,,,,,,,,,,,,
Refill2,31,,,,,,,,,,,,,,,,
Refill2,32,,,,,,,,,,,,,,,,
Refill2,33,,,,,,,,,,,S_more,,,,,
Refill2,34,,,,,,,,,,,,,,,,
Refill2,35,,,,,,,,,,,,,,,,
Refill2,36,,,,,,,,,,,,,,,,
Refill2,37,,,,,,,,,,,,,,,,
Refill2,38,,,,,,,,,,,,,,,,
Refill2,39,,,,,,,,,,,,,,,,
Refill2,40,,,,,,,,,,,,,,,,
Refill2,41,,,,,,,,,,,,,,,,
Refill2,42,,,,,,,,,,,,,,,,
Refill2,43,,,,,,,,,,,,,,,,
Refill2,44,,,,,,,,,,,,,,,,
Refill2,45,,,,,,,,,,,,,,,,
Refill2,46,,,,,,,,,,,,,,,,
Refill2,47,,,,,,,,,,,,,,,,
Refill2,48,,,,,,,,,,,,,,,,
Refill2,49,,,,,,,,,,,,,,,,
Refill2,50,,,,,,,,,,,,,,,,
Refill2,51,,,,,,,,,,,,,,,,
Refill2,52,,,,,,,,,,,,,,,,
Refill2,53,,,,,,,,,,,S_more,,,,,
Refill2,54,,,,,,,,,,,,,,,,
Refill2,55,,,,,,,,,,,,,,,,
Refill2,56,,,,,,,,,,,,,,,,
Refill2,57,,,,,,,,,,,,,,,,
Refill2,58,,,,,,,,,,,S_more,,,,,
Refill2,59,,,,,,,,,,,,,,,,
Refill2,60,,,,,,,,,,,,,,,,
Refill2,61,,,,,,,,,,,,,,,,
Refill2,62,,,,,,,,,,,,,,,,
Refill2,63,,,,,,,,,,,,,,,,
Refill2,64,,,,,,,,,,,,,,,,
Refill2,65,,,,,,,,,,,,,,,,
Refill2,66,,,,,,,,,,,,,,,,
Refill2,67,,,,,,,,,,,,,,,,
Refill2,68,,,,,,,,,,,,,,,,
Refill2,69,,,,,,,,,,,,,,,,
Refill2,70,,,,,,,,,,,,,,,,
Refill2,71,,,,,,,,,,,S_more,,,,,
Refill2,72,,,,,,,,,,,,,,,,
Refill2,73,,,,,,,,,,,,,,,,
Refill2,74,,,,,,,,,,,,,,,,
Refill2,75,,,,,,,,,,,,,,,,
Refill2,76,,,,,,,,,,,S_more,,,,,
Refill2,77,,,,,,,,,,,,,,,,
Refill2,78,,,,,,,,,,,,,,,,
Refill2,79,,,,,,,,,,,S_more,,,,,
Refill2,80,,,,,,,,,,,,,,,,
Refill2,81,,,,,,,,,,,,,,,,
Refill2,82,,,,,,,,,,,,,,,,
Refill2,83,,,,,,,,,,,S_more,,,,,
Refill2,84,,,,,,,,,,,S_more,,,,,
Refill2,85,,,,,,,,,,,S_more,,,,,
Refill2,86,,,,,,,,,,,,,,,,
Refill2,87,,,,,,,,,,,,,,,,
Refill2,88,,,,,,,,,,,,,,,,
Refill2,89,,,,,,,,,,,S_more,,,,,
Refill2,90,,,,,,,,,,,,,,,,
Refill2,91,,,,,,,,,,,S_more,,,,,
Refill2,92,,,,,,,,,,,S_more,,,,,
Refill2,93,,,,,,,,,,,,,,,,
Refill2,94,,,,,,,,,,,,,,,,
Resale2,1,,,,,,,,,,,Sell,,,,,
Resale2,2,,,,,,,,,,,Sell,,,,,
Resale2,3,,,,,,,,,,,Resell,,,,,
Resale2,4,,,,,,,,,,,Resell,,,,,
Resale2,5,,,,,,,,,,,B_more,,,,,
Resale2,6,,,,,,,,,,,Sell,,,,,
Resale2,7,,,,,,,,,,,Resell,,,,,
Resale2,8,,,,,,,,,,,Resell,,,,,
Resale2,9,,,,,,,,,,,Sell,,,,,
Resale2,10,,,,,,,,,,,B_more,,,,,
Resale2,11,,,,,,,,,,,Sell,,,,,
Resale2,12,,,,,,,,,,,Resell,,,,,
Resale2,13,,,,,,,,,,,Resell,,,,,
Resale2,14,,,,,,,,,,,B_more,,,,,
Resale2,15,,,,,,,,,,,Sell,,,,,
Resale2,16,,,,,,,,,,,B_more,,,,,
Resale2,17,,,,,,,,,,,Resell,,,,,
Resale2,18,,,,,,,,,,,B_more,,,,,
Resale2,19,,,,,,,,,,,Resell,,,,,
Resale2,20,,,,,,,,,,,Sell,,,,,
Resale2,21,,,,,,,,,,,Resell,,,,,
Resale2,22,,,,,,,,,,,Sell,,,,,
Resale2,23,,,,,,,,,,,B_more,,,,,
Resale2,24,,,,,,,,,,,Sell,,,,,
Resale2,25,,,,,,,,,,,Resell,,,,,
Resale2,26,,,,,,,,,,,B_more,,,,,
Resale2,27,,,,,,,,,,,Resell,,,,,
Resale2,28,,,,,,,,,,,Resell,,,,,
Resale2,29,,,,,,,,,,,Sell,,,,,
Resale2,30,,,,,,,,,,,Resell,,,,,
Resale2,31,,,,,,,,,,,Sell,,,,,
Resale2,32,,,,,,,,,,,Resell,,,,,
Resale2,33,,,,,,,,,,,B_more,,,,,
Resale2,34,,,,,,,,,,,Resell,,,,,
Resale2,35,,,,,,,,,,,Resell,,,,,
Resale2,36,,,,,,,,,,,Resell,,,,,
Resale2,37,,,,,,,,,,,Sell,,,,,
Resale2,38,,,,,,,,,,,Sell,,,,,
Resale2,39,,,,,,,,,,,Sell,,,,,
Resale2,40,,,,,,,,,,,B_more,,,,,
Resale2,41,,,,,,,,,,,Resell,,,,,
Resale2,42,,,,,,,,,,,B_more,,,,,
Resale2,43,,,,,,,,,,,Sell,,,,,
Resale2,44,,,,,,,,,,,Sell,,,,,
Resale2,45,,,,,,,,,,,Resell,,,,,
Resale2,46,,,,,,,,,,,Resell,,,,,
Resale2,47,,,,,,,,,,,Sell,,,,,
Resale2,48,,,,,,,,,,,Sell,,,,,
Resale2,49,,,,,,,,,,,Resell,,,,,
Resale2,50,,,,,,,,,,,B_more,,,,,
Resale2,51,,,,,,,,,,,Sell,,,,,
Resale2,52,,,,,,,,,,,Resell,,,,,
Resale2,53,,,,,,,,,,,B_more,,,,,
Resale2,54,,,,,,,,,,,B_more,,,,,
Resale2,55,,,,,,,,,,,B_more,,,,,
Resale2,56,,,,,,,,,,,Resell,,,,,
Resale2,57,,,,,,,,,,,Resell,,,,,
Resale2,58,,,,,,,,,,,,,,,,
Resale2,59,,,,,,,,,,,Sell,,,,,
Resale2,60,,,,,,,,,,,Sell,,,,,
Resale2,61,,,,,,,,,,,Resell,,,,,
Resale2,62,,,,,,,,,,,B_more,,,,,
Resale2,63,,,,,,,,,,,Resell,,,,,
Resale2,64,,,,,,,,,,,Sell,,,,,
Resale2,65,,,,,,,,,,,Sell,,,,,
Resale2,66,,,,,,,,,,,Resell,,,,,
Resale2,67,,,,,,,,,,,B_more,,,,,
Resale2,68,,,,,,,,,,,Sell,,,,,
Resale2,69,,,,,,,,,,,Sell,,,,,
Resale2,70,,,,,,,,,,,Sell,,,,,
Resale2,71,,,,,,,,,,,Resell,,,,,
Resale2,72,,,,,,,,,,,B_more,,,,,
Resale2,73,,,,,,,,,,,Resell,,,,,
Resale2,74,,,,,,,,,,,Sell,,,,,
Resale2,75,,,,,,,,,,,Resell,,,,,
Resale2,76,,,,,,,,,,,Resell,,,,,
Resale2,77,,,,,,,,,,,Sell,,,,,
Resale2,78,,,,,,,,,,,Sell,,,,,
Resale2,79,,,,,,,,,,,B_more,,,,,
Resale2,80,,,,,,,,,,,Sell,,,,,
Resale2,81,,,,,,,,,,,B_more,,,,,
Resale2,82,,,,,,,,,,,Sell,,,,,
Resale2,83,,,,,,,,,,,Resell,,,,,
Resale2,84,,,,,,,,,,,Resell,,,,,
Resale2,85,,,,,,,,,,,Resell,,,,,
Resale2,86,,,,,,,,,,,Resell,,,,,
Resale2,87,,,,,,,,,,,Sell,,,,,
Resale2,88,,,,,,,,,,,Sell,,,,,
Resale2,89,,,,,,,,,,,B_more,,,,,
Resale2,90,,,,,,,,,,,Sell,,,,,
Resale2,91,,,,,,,,,,,B_more,,,,,
Resale2,92,,,,,,,,,,,Resell,,,,,
Resale2,93,,,,,,,,,,,Resell,,,,,
Resale2,94,,,,,,,,,,,Sell,,,,,
Extran,1,,,,,,,,,,,5000.0,,,,,
Extran,2,,,,,,,,,,,-4000.0,,,,,
Extran,3,,,,,,,,,,,420000.0,,,,,
Extran,4,,,,,,,,,,,6500.0,,,,,
Extran,5,,,,,,,,,,,81950.0,,,,,
Extran,6,,,,,,,,,,,1600.0,,,,,
Extran,7,,,,,,,,,,,810.0,,,,,
Extran,8,,,,,,,,,,,-5000.0,,,,,
Extran,9,,,,,,,,,,,15000.0,,,,,
Extran,10,,,,,,,,,,,0.0,,,,,
Extran,11,,,,,,,,,,,-99.0,,,,,
Extran,12,,,,,,,,,,,-4500.0,,,,,
Extran,13,,,,,,,,,,,-1999.0,,,,,
Extran,14,,,,,,,,,,,45000.0,,,,,
Extran,15,,,,,,,,,,,650.0,,,,,
Extran,16,,,,,,,,,,,7750.0,,,,,
Extran,17,,,,,,,,,,,-700.0,,,,,
Extran,18,,,,,,,,,,,2111.0,,,,,
Extran,19,,,,,,,,,,,-330000.0,,,,,
Extran,20,,,,,,,,,,,106135.0,,,,,
Extran,21,,,,,,,,,,,-999.0,,,,,
Extran,22,,,,,,,,,,,0.0,,,,,
Extran,23,,,,,,,,,,,8000.0,,,,,
Extran,24,,,,,,,,,,,-350000.0,,,,,
Extran,25,,,,,,,,,,,-4000.0,,,,,
Extran,26,,,,,,,,,,,-2276.0,,,,,
Extran,27,,,,,,,,,,,-1990.0,,,,,
Extran,28,,,,,,,,,,,8800.0,,,,,
Extran,29,,,,,,,,,,,0.0,,,,,
Extran,30,,,,,,,,,,,-1200.0,,,,,
Extran,31,,,,,,,,,,,2000.0,,,,,
Extran,32,,,,,,,,,,,5000.0,,,,,
Extran,33,,,,,,,,,,,48333.0,,,,,
Extran,34,,,,,,,,,,,-2000.0,,,,,
Extran,35,,,,,,,,,,,-4000.0,,,,,
Extran,36,,,,,,,,,,,0.0,,,,,
Extran,37,,,,,,,,,,,7000.0,,,,,
Extran,38,,,,,,,,,,,1000.0,,,,,
Extran,39,,,,,,,,,,,-29990.0,,,,,
Extran,40,,,,,,,,,,,2500.0,,,,,
Extran,41,,,,,,,,,,,10000.0,,,,,
Extran,42,,,,,,,,,,,0.0,,,,,
Extran,43,,,,,,,,,,,-490.0,,,,,
Extran,44,,,,,,,,,,,2500.0,,,,,
Extran,45,,,,,,,,,,,2300.0,,,,,
Extran,46,,,,,,,,,,,-2235.0,,,,,
Extran,47,,,,,,,,,,,-8100.0,,,,,
Extran,48,,,,,,,,,,,-18000.0,,,,,
Extran,49,,,,,,,,,,,-4999.0,,,,,
Extran,50,,,,,,,,,,,2250.0,,,,,
Extran,51,,,,,,,,,,,-199.0,,,,,
Extran,52,,,,,,,,,,,10900.0,,,,,
Extran,53,,,,,,,,,,,109969.0,,,,,
Extran,54,,,,,,,,,,,0.0,,,,,
Extran,55,,,,,,,,,,,14000.0,,,,,
Extran,56,,,,,,,,,,,-19990.0,,,,,
Extran,57,,,,,,,,,,,17000.0,,,,,
Extran,58,,,,,,,,,,,0.0,,,,,
Extran,59,,,,,,,,,,,-8000.0,,,,,
Extran,60,,,,,,,,,,,10700.0,,,,,
Extran,61,,,,,,,,,,,-9999.0,,,,,
Extran,62,,,,,,,,,,,200.0,,,,,
Extran,63,,,,,,,,,,,515.0,,,,,
Extran,64,,,,,,,,,,,350.0,,,,,
Extran,65,,,,,,,,,,,-500.0,,,,,
Extran,66,,,,,,,,,,,-160.0,,,,,
Extran,67,,,,,,,,,,,109150.0,,,,,
Extran,68,,,,,,,,,,,-590.0,,,,,
Extran,69,,,,,,,,,,,-3900.0,,,,,
Extran,70,,,,,,,,,,,-200000.0,,,,,
Extran,71,,,,,,,,,,,1500.0,,,,,
Extran,72,,,,,,,,,,,90000.0,,,,,
Extran,73,,,,,,,,,,,-2300.0,,,,,
Extran,74,,,,,,,,,,,10000.0,,,,,
Extran,75,,,,,,,,,,,-12000.0,,,,,
Extran,76,,,,,,,,,,,-5000.0,,,,,
Extran,77,,,,,,,,,,,0.0,,,,,
Extran,78,,,,,,,,,,,-310.0,,,,,
Extran,79,,,,,,,,,,,10165.0,,,,,
Extran,80,,,,,,,,,,,-1000.0,,,,,
Extran,81,,,,,,,,,,,20.0,,,,,
Extran,82,,,,,,,,,,,7400.0,,,,,
Extran,83,,,,,,,,,,,-200.0,,,,,
Extran,84,,,,,,,,,,,-7700.0,,,,,
Extran,85,,,,,,,,,,,2900.0,,,,,
Extran,86,,,,,,,,,,,-1300.0,,,,,
Extran,87,,,,,,,,,,,8000.0,,,,,
Extran,88,,,,,,,,,,,-2700.0,,,,,
Extran,89,,,,,,,,,,,150.0,,,,,
Extran,90,,,,,,,,,,,-500.0,,,,,
Extran,91,,,,,,,,,,,0.0,,,,,
Extran,92,,,,,,,,,,,0.0,,,,,
Extran,93,,,,,,,,,,,-500.0,,,,,
Extran,94,,,,,,,,,,,-38000.0,,,,,
Repulse,1,,,,,,,,,,,-0.549258147590725,,,,,
Repulse,2,,,,,,,,,,,-0.2347024390243904,,,,,
Repulse,3,,,,,,,,,,,-2.8432864277519068,,,,,
Repulse,4,,,,,,,,,,,-1.6431566722399862,,,,,
Repulse,5,,,,,,,,,,,-1.6374782269595738,,,,,
Repulse,6,,,,,,,,,,,-3.180383309160716,,,,,
Repulse,7,,,,,,,,,,,-9.481925690847868,,,,,
Repulse,8,,,,,,,,,,,-0.0028369242644490683,,,,,
Repulse,9,,,,,,,,,,,-0.019755747126436764,,,,,
Repulse,10,,,,,,,,,,,,,,,,
Repulse,11,,,,,,,,,,,-0.020289234664215457,,,,,
Repulse,12,,,,,,,,,,,-0.027312562676754856,,,,,
Repulse,13,,,,,,,,,,,-0.717355522056537,,,,,
Repulse,14,,,,,,,,,,,-0.8982376605101143,,,,,
Repulse,15,,,,,,,,,,,-1.8846685803051755,,,,,
Repulse,16,,,,,,,,,,,-0.6430281046997345,,,,,
Repulse,17,,,,,,,,,,,-5.512461661417729e-05,,,,,
Repulse,18,,,,,,,,,,,-0.06433014002095987,,,,,
Repulse,19,,,,,,,,,,,0.0004004201485653698,,,,,
Repulse,20,,,,,,,,,,,-13.190235302155472,,,,,
Repulse,21,,,,,,,,,,,-0.8234765591898355,,,,,
Repulse,22,,,,,,,,,,,-0.006361780605451945,,,,,
Repulse,23,,,,,,,,,,,-0.003404684106970795,,,,,
Repulse,24,,,,,,,,,,,-6.396837220201794,,,,,
Repulse,25,,,,,,,,,,,-0.018235430457209326,,,,,
Repulse,26,,,,,,,,,,,-0.6053536737772033,,,,,
Repulse,27,,,,,,,,,,,-0.00011028793789229845,,,,,
Repulse,28,,,,,,,,,,,0.0994891344158751,,,,,
Repulse,29,,,,,,,,,,,-44.8790811165756,,,,,
Repulse,30,,,,,,,,,,,-3.326462819589952e-06,,,,,
Repulse,31,,,,,,,,,,,-0.5424077876838043,,,,,
Repulse,32,,,,,,,,,,,-0.14165854114330947,,,,,
Repulse,33,,,,,,,,,,,-217.8237786833856,,,,,
Repulse,34,,,,,,,,,,,-1.0319073004325976,,,,,
Repulse,35,,,,,,,,,,,-2.123953964194373,,,,,
Repulse,36,,,,,,,,,,,-0.19111296534017955,,,,,
Repulse,37,,,,,,,,,,,,,,,,
Repulse,38,,,,,,,,,,,-5.669820415565594,,,,,
Repulse,39,,,,,,,,,,,-0.00027488024297137747,,,,,
Repulse,40,,,,,,,,,,,-24.74456929838115,,,,,
Repulse,41,,,,,,,,,,,,,,,,
Repulse,42,,,,,,,,,,,-0.623120294346449,,,,,
Repulse,43,,,,,,,,,,,-2.444333415053707,,,,,
Repulse,44,,,,,,,,,,,-1.7585515155466982,,,,,
Repulse,45,,,,,,,,,,,0.0942684766214178,,,,,
Repulse,46,,,,,,,,,,,0.20673883316550412,,,,,
Repulse,47,,,,,,,,,,,-4.0964791312242494e-05,,,,,
Repulse,48,,,,,,,,,,,0.0013539775691184042,,,,,
Repulse,49,,,,,,,,,,,-0.043907296685381465,,,,,
Repulse,50,,,,,,,,,,,,,,,,
Repulse,51,,,,,,,,,,,-0.005822744336068894,,,,,
Repulse,52,,,,,,,,,,,-2.6186337493217584,,,,,
Repulse,53,,,,,,,,,,,-1.6374782269595738,,,,,
Repulse,54,,,,,,,,,,,-0.8982376605101143,,,,,
Repulse,55,,,,,,,,,,,-0.6430281046997345,,,,,
Repulse,56,,,,,,,,,,,0.0004004201485653698,,,,,
Repulse,57,,,,,,,,,,,0.006929457958156381,,,,,
Repulse,58,,,,,,,,,,,,,,,,
Repulse,59,,,,,,,,,,,-0.13715138955062928,,,,,
Repulse,60,,,,,,,,,,,2.638170273717283e-06,,,,,
Repulse,61,,,,,,,,,,,-0.00027488024297137747,,,,,
Repulse,62,,,,,,,,,,,-24.74456929838115,,,,,
Repulse,63,,,,,,,,,,,0.0942684766214178,,,,,
Repulse,64,,,,,,,,,,,-0.549258147590725,,,,,
Repulse,65,,,,,,,,,,,-1.6431566722399862,,,,,
Repulse,66,,,,,,,,,,,-3.180383309160716,,,,,
Repulse,67,,,,,,,,,,,-0.8982376605101143,,,,,
Repulse,68,,,,,,,,,,,-1.8846685803051755,,,,,
Repulse,69,,,,,,,,,,,-0.8234765591898355,,,,,
Repulse,70,,,,,,,,,,,-6.396837220201794,,,,,
Repulse,71,,,,,,,,,,,0.0994891344158751,,,,,
Repulse,72,,,,,,,,,,,-3.46516778676335,,,,,
Repulse,73,,,,,,,,,,,0.006929457958156381,,,,,
Repulse,74,,,,,,,,,,,-13.190235302155472,,,,,
Repulse,75,,,,,,,,,,,-0.03640150409735471,,,,,
Repulse,76,,,,,,,,,,,-0.13715138955062928,,,,,
Repulse,77,,,,,,,,,,,-1.0975645349571341,,,,,
Repulse,78,,,,,,,,,,,-0.04027995736007967,,,,,
Repulse,79,,,,,,,,,,,-241.06273533438662,,,,,
Repulse,80,,,,,,,,,,,-0.05473032428220335,,,,,
Repulse,81,,,,,,,,,,,-10.854202147807072,,,,,
Repulse,82,,,,,,,,,,,-1.2310612505678755,,,,,
Repulse,83,,,,,,,,,,,0.00027504275269955815,,,,,
Repulse,84,,,,,,,,,,,2.638170273717283e-06,,,,,
Repulse,85,,,,,,,,,,,-0.006648210695527654,,,,,
Repulse,86,,,,,,,,,,,-0.003343467760076315,,,,,
Repulse,87,,,,,,,,,,,0.020398760218721248,,,,,
Repulse,88,,,,,,,,,,,-0.006760406330361513,,,,,
Repulse,89,,,,,,,,,,,-2.339076506881823,,,,,
Repulse,90,,,,,,,,,,,-4.005230473242124,,,,,
Repulse,91,,,,,,,,,,,-0.003404684106970795,,,,,
Repulse,92,,,,,,,,,,,,,,,,
Repulse,93,,,,,,,,,,,-3.180383309160716,,,,,
Repulse,94,,,,,,,,,,,0.0004004201485653698,,,,,
Ori_Sold,1,,,,,,,,,,,0.0,,,,,
Ori_Sold,2,,,,,,,,,,,4000.0,,,,,
Ori_Sold,3,,,,,,,,,,,0.0,,,,,
Ori_Sold,4,,,,,,,,,,,0.0,,,,,
Ori_Sold,5,,,,,,,,,,,0.0,,,,,
Ori_Sold,6,,,,,,,,,,,0.0,,,,,
Ori_Sold,7,,,,,,,,,,,0.0,,,,,
Ori_Sold,8,,,,,,,,,,,5000.0,,,,,
Ori_Sold,9,,,,,,,,,,,0.0,,,,,
Ori_Sold,10,,,,,,,,,,,0.0,,,,,
Ori_Sold,11,,,,,,,,,,,99.0,,,,,
Ori_Sold,12,,,,,,,,,,,4500.0,,,,,
Ori_Sold,13,,,,,,,,,,,1999.0,,,,,
Ori_Sold,14,,,,,,,,,,,0.0,,,,,
Ori_Sold,15,,,,,,,,,,,0.0,,,,,
Ori_Sold,16,,,,,,,,,,,0.0,,,,,
Ori_Sold,17,,,,,,,,,,,700.0,,,,,
Ori_Sold,18,,,,,,,,,,,0.0,,,,,
Ori_Sold,19,,,,,,,,,,,330000.0,,,,,
Ori_Sold,20,,,,,,,,,,,0.0,,,,,
Ori_Sold,21,,,,,,,,,,,999.0,,,,,
Ori_Sold,22,,,,,,,,,,,0.0,,,,,
Ori_Sold,23,,,,,,,,,,,0.0,,,,,
Ori_Sold,24,,,,,,,,,,,350000.0,,,,,
Ori_Sold,25,,,,,,,,,,,4000.0,,,,,
Ori_Sold,26,,,,,,,,,,,2276.0,,,,,
Ori_Sold,27,,,,,,,,,,,1990.0,,,,,
Ori_Sold,28,,,,,,,,,,,0.0,,,,,
Ori_Sold,29,,,,,,,,,,,0.0,,,,,
Ori_Sold,30,,,,,,,,,,,1200.0,,,,,
Ori_Sold,31,,,,,,,,,,,0.0,,,,,
Ori_Sold,32,,,,,,,,,,,0.0,,,,,
Ori_Sold,33,,,,,,,,,,,0.0,,,,,
Ori_Sold,34,,,,,,,,,,,2000.0,,,,,
Ori_Sold,35,,,,,,,,,,,4000.0,,,,,
Ori_Sold,36,,,,,,,,,,,0.0,,,,,
Ori_Sold,37,,,,,,,,,,,0.0,,,,,
Ori_Sold,38,,,,,,,,,,,0.0,,,,,
Ori_Sold,39,,,,,,,,,,,29990.0,,,,,
Ori_Sold,40,,,,,,,,,,,0.0,,,,,
Ori_Sold,41,,,,,,,,,,,0.0,,,,,
Ori_Sold,42,,,,,,,,,,,0.0,,,,,
Ori_Sold,43,,,,,,,,,,,490.0,,,,,
Ori_Sold,44,,,,,,,,,,,0.0,,,,,
Ori_Sold,45,,,,,,,,,,,0.0,,,,,
Ori_Sold,46,,,,,,,,,,,2235.0,,,,,
Ori_Sold,47,,,,,,,,,,,8100.0,,,,,
Ori_Sold,48,,,,,,,,,,,18000.0,,,,,
Ori_Sold,49,,,,,,,,,,,4999.0,,,,,
Ori_Sold,50,,,,,,,,,,,0.0,,,,,
Ori_Sold,51,,,,,,,,,,,199.0,,,,,
Ori_Sold,52,,,,,,,,,,,0.0,,,,,
Ori_Sold,53,,,,,,,,,,,0.0,,,,,
Ori_Sold,54,,,,,,,,,,,0.0,,,,,
Ori_Sold,55,,,,,,,,,,,0.0,,,,,
Ori_Sold,56,,,,,,,,,,,19990.0,,,,,
Ori_Sold,57,,,,,,,,,,,0.0,,,,,
Ori_Sold,58,,,,,,,,,,,0.0,,,,,
Ori_Sold,59,,,,,,,,,,,8000.0,,,,,
Ori_Sold,60,,,,,,,,,,,0.0,,,,,
Ori_Sold,61,,,,,,,,,,,9999.0,,,,,
Ori_Sold,62,,,,,,,,,,,0.0,,,,,
Ori_Sold,63,,,,,,,,,,,0.0,,,,,
Ori_Sold,64,,,,,,,,,,,0.0,,,,,
Ori_Sold,65,,,,,,,,,,,500.0,,,,,
Ori_Sold,66,,,,,,,,,,,160.0,,,,,
Ori_Sold,67,,,,,,,,,,,0.0,,,,,
Ori_Sold,68,,,,,,,,,,,590.0,,,,,
Ori_Sold,69,,,,,,,,,,,3900.0,,,,,
Ori_Sold,70,,,,,,,,,,,200000.0,,,,,
Ori_Sold,71,,,,,,,,,,,0.0,,,,,
Ori_Sold,72,,,,,,,,,,,0.0,,,,,
Ori_Sold,73,,,,,,,,,,,2300.0,,,,,
Ori_Sold,74,,,,,,,,,,,0.0,,,,,
Ori_Sold,75,,,,,,,,,,,12000.0,,,,,
Ori_Sold,76,,,,,,,,,,,5000.0,,,,,
Ori_Sold,77,,,,,,,,,,,0.0,,,,,
Ori_Sold,78,,,,,,,,,,,310.0,,,,,
Ori_Sold,79,,,,,,,,,,,0.0,,,,,
Ori_Sold,80,,,,,,,,,,,1000.0,,,,,
Ori_Sold,81,,,,,,,,,,,0.0,,,,,
Ori_Sold,82,,,,,,,,,,,0.0,,,,,
Ori_Sold,83,,,,,,,,,,,200.0,,,,,
Ori_Sold,84,,,,,,,,,,,7700.0,,,,,
Ori_Sold,85,,,,,,,,,,,0.0,,,,,
Ori_Sold,86,,,,,,,,,,,1300.0,,,,,
Ori_Sold,87,,,,,,,,,,,0.0,,,,,
Ori_Sold,88,,,,,,,,,,,2700.0,,,,,
Ori_Sold,89,,,,,,,,,,,0.0,,,,,
Ori_Sold,90,,,,,,,,,,,500.0,,,,,
Ori_Sold,91,,,,,,,,,,,0.0,,,,,
Ori_Sold,92,,,,,,,,,,,0.0,,,,,
Ori_Sold,93,,,,,,,,,,,500.0,,,,,
Ori_Sold,94,,,,,,,,,,,38000.0,,,,,
V/VA,1,,,,,,,,,,,0.679599393599428,,,,,
V/VA,2,,,,,,,,,,,1.0751985887878506,,,,,
V/VA,3,,,,,,,,,,,0.4904126569695373,,,,,
V/VA,4,,,,,,,,,,,1.4736697941140666,,,,,
V/VA,5,,,,,,,,,,,0.7200949367088607,,,,,
V/VA,6,,,,,,,,,,,1.0570119776217475,,,,,
V/VA,7,,,,,,,,,,,0.7065812093872145,,,,,
V/VA,8,,,,,,,,,,,0.6369601577365869,,,,,
V/VA,9,,,,,,,,,,,0.954991765968346,,,,,
V/VA,10,,,,,,,,,,,1.3486146456862254,,,,,
V/VA,11,,,,,,,,,,,0.5715826938692341,,,,,
V/VA,12,,,,,,,,,,,0.7191855099862774,,,,,
V/VA,13,,,,,,,,,,,0.6772160886406583,,,,,
V/VA,14,,,,,,,,,,,0.41820334734194264,,,,,
V/VA,15,,,,,,,,,,,0.8117272675243127,,,,,
V/VA,16,,,,,,,,,,,1.3133908573944866,,,,,
V/VA,17,,,,,,,,,,,0.6279004383260957,,,,,
V/VA,18,,,,,,,,,,,1.5100301272100025,,,,,
V/VA,19,,,,,,,,,,,0.8333816785233921,,,,,
V/VA,20,,,,,,,,,,,0.8150967183863868,,,,,
V/VA,21,,,,,,,,,,,0.8047534503463286,,,,,
V/VA,22,,,,,,,,,,,0.6439655323148372,,,,,
V/VA,23,,,,,,,,,,,1.0299931252482153,,,,,
V/VA,24,,,,,,,,,,,1.050197591422635,,,,,
V/VA,25,,,,,,,,,,,0.5322893860431452,,,,,
V/VA,26,,,,,,,,,,,0.5328567654351095,,,,,
V/VA,27,,,,,,,,,,,1.8247415185776548,,,,,
V/VA,28,,,,,,,,,,,0.5639908886795483,,,,,
V/VA,29,,,,,,,,,,,0.9482986941102592,,,,,
V/VA,30,,,,,,,,,,,0.7874622735155384,,,,,
V/VA,31,,,,,,,,,,,0.5813597431374257,,,,,
V/VA,32,,,,,,,,,,,0.8944711426016638,,,,,
V/VA,33,,,,,,,,,,,0.3554492118004994,,,,,
V/VA,34,,,,,,,,,,,0.5060239227409914,,,,,
V/VA,35,,,,,,,,,,,0.09161058475668274,,,,,
V/VA,36,,,,,,,,,,,0.6934207868993373,,,,,
V/VA,37,,,,,,,,,,,0.8316341680688905,,,,,
V/VA,38,,,,,,,,,,,0.9656937466385066,,,,,
V/VA,39,,,,,,,,,,,0.8002095951423244,,,,,
V/VA,40,,,,,,,,,,,1.347669454770756,,,,,
V/VA,41,,,,,,,,,,,0.09564570662525598,,,,,
V/VA,42,,,,,,,,,,,0.38500452327139933,,,,,
V/VA,43,,,,,,,,,,,0.945052411153522,,,,,
V/VA,44,,,,,,,,,,,0.6676883875929474,,,,,
V/VA,45,,,,,,,,,,,0.3181964573268921,,,,,
V/VA,46,,,,,,,,,,,1.2675347321762203,,,,,
V/VA,47,,,,,,,,,,,0.018503081481893686,,,,,
V/VA,48,,,,,,,,,,,1.1585148874364561,,,,,
V/VA,49,,,,,,,,,,,0.5676991660098594,,,,,
V/VA,50,,,,,,,,,,,,,,,,
V/VA,51,,,,,,,,,,,1.0242790151285894,,,,,
V/VA,52,,,,,,,,,,,0.7178933267358995,,,,,
V/VA,53,,,,,,,,,,,0.7200949367088607,,,,,
V/VA,54,,,,,,,,,,,0.41820334734194264,,,,,
V/VA,55,,,,,,,,,,,1.3133908573944866,,,,,
V/VA,56,,,,,,,,,,,0.8333816785233921,,,,,
V/VA,57,,,,,,,,,,,0.9744811997722278,,,,,
V/VA,58,,,,,,,,,,,,,,,,
V/VA,59,,,,,,,,,,,1.0193111818543574,,,,,
V/VA,60,,,,,,,,,,,0.8382154818967211,,,,,
V/VA,61,,,,,,,,,,,0.8002095951423244,,,,,
V/VA,62,,,,,,,,,,,1.347669454770756,,,,,
V/VA,63,,,,,,,,,,,0.3181964573268921,,,,,
V/VA,64,,,,,,,,,,,0.679599393599428,,,,,
V/VA,65,,,,,,,,,,,1.4736697941140666,,,,,
V/VA,66,,,,,,,,,,,1.0570119776217475,,,,,
V/VA,67,,,,,,,,,,,0.41820334734194264,,,,,
V/VA,68,,,,,,,,,,,0.8117272675243127,,,,,
V/VA,69,,,,,,,,,,,0.8047534503463286,,,,,
V/VA,70,,,,,,,,,,,1.050197591422635,,,,,
V/VA,71,,,,,,,,,,,0.5639908886795483,,,,,
V/VA,72,,,,,,,,,,,0.43068375302446454,,,,,
V/VA,73,,,,,,,,,,,0.9744811997722278,,,,,
V/VA,74,,,,,,,,,,,0.8150967183863868,,,,,
V/VA,75,,,,,,,,,,,0.6315614054127878,,,,,
V/VA,76,,,,,,,,,,,1.0193111818543574,,,,,
V/VA,77,,,,,,,,,,,0.42919988566828177,,,,,
V/VA,78,,,,,,,,,,,0.7972108181509562,,,,,
V/VA,79,,,,,,,,,,,0.003453261912951298,,,,,
V/VA,80,,,,,,,,,,,0.5654547142214044,,,,,
V/VA,81,,,,,,,,,,,0.9068930863948593,,,,,
V/VA,82,,,,,,,,,,,0.56469614631591,,,,,
V/VA,83,,,,,,,,,,,0.401744873458534,,,,,
V/VA,84,,,,,,,,,,,0.8382154818967211,,,,,
V/VA,85,,,,,,,,,,,0.7027313077183762,,,,,
V/VA,86,,,,,,,,,,,0.6411122429153496,,,,,
V/VA,87,,,,,,,,,,,0.5635021838564177,,,,,
V/VA,88,,,,,,,,,,,1.0303132179979035,,,,,
V/VA,89,,,,,,,,,,,0.8179415711129895,,,,,
V/VA,90,,,,,,,,,,,0.7215805160810961,,,,,
V/VA,91,,,,,,,,,,,1.0299931252482153,,,,,
V/VA,92,,,,,,,,,,,,,,,,
V/VA,93,,,,,,,,,,,1.0570119776217475,,,,,
V/VA,94,,,,,,,,,,,0.8333816785233921,,,,,
TimeEX,1,,,,,,,,,,,Closed,,,,,
TimeEX,2,,,,,,,,,,,Closed,,,,,
TimeEX,3,,,,,,,,,,,Closed,,,,,
TimeEX,4,,,,,,,,,,,Closed,,,,,
TimeEX,5,,,,,,,,,,,Closed,,,,,
TimeEX,6,,,,,,,,,,,Closed,,,,,
TimeEX,7,,,,,,,,,,,Closed,,,,,
TimeEX,8,,,,,,,,,,,Closed,,,,,
TimeEX,9,,,,,,,,,,,Closed,,,,,
TimeEX,10,,,,,,,,,,,Closed,,,,,
TimeEX,11,,,,,,,,,,,Closed,,,,,
TimeEX,12,,,,,,,,,,,Closed,,,,,
TimeEX,13,,,,,,,,,,,Closed,,,,,
TimeEX,14,,,,,,,,,,,Closed,,,,,
TimeEX,15,,,,,,,,,,,Closed,,,,,
TimeEX,16,,,,,,,,,,,Closed,,,,,
TimeEX,17,,,,,,,,,,,Closed,,,,,
TimeEX,18,,,,,,,,,,,Closed,,,,,
TimeEX,19,,,,,,,,,,,Closed,,,,,
TimeEX,20,,,,,,,,,,,Closed,,,,,
TimeEX,21,,,,,,,,,,,Closed,,,,,
TimeEX,22,,,,,,,,,,,Closed,,,,,
TimeEX,23,,,,,,,,,,,Closed,,,,,
TimeEX,24,,,,,,,,,,,Closed,,,,,
TimeEX,25,,,,,,,,,,,Closed,,,,,
TimeEX,26,,,,,,,,,,,Closed,,,,,
TimeEX,27,,,,,,,,,,,Closed,,,,,
TimeEX,28,,,,,,,,,,,Closed,,,,,
TimeEX,29,,,,,,,,,,,Closed,,,,,
TimeEX,30,,,,,,,,,,,Closed,,,,,
TimeEX,31,,,,,,,,,,,Closed,,,,,
TimeEX,32,,,,,,,,,,,Closed,,,,,
TimeEX,33,,,,,,,,,,,Closed,,,,,
TimeEX,34,,,,,,,,,,,Closed,,,,,
TimeEX,35,,,,,,,,,,,Closed,,,,,
TimeEX,36,,,,,,,,,,,Closed,,,,,
TimeEX,37,,,,,,,,,,,Closed,,,,,
TimeEX,38,,,,,,,,,,,Closed,,,,,
TimeEX,39,,,,,,,,,,,Closed,,,,,
TimeEX,40,,,,,,,,,,,Closed,,,,,
TimeEX,41,,,,,,,,,,,Closed,,,,,
TimeEX,42,,,,,,,,,,,Closed,,,,,
TimeEX,43,,,,,,,,,,,Closed,,,,,
TimeEX,44,,,,,,,,,,,Closed,,,,,
TimeEX,45,,,,,,,,,,,Closed,,,,,
TimeEX,46,,,,,,,,,,,Closed,,,,,
TimeEX,47,,,,,,,,,,,Closed,,,,,
TimeEX,48,,,,,,,,,,,Closed,,,,,
TimeEX,49,,,,,,,,,,,Closed,,,,,
TimeEX,50,,,,,,,,,,,Timing,,,,,
TimeEX,51,,,,,,,,,,,Closed,,,,,
TimeEX,52,,,,,,,,,,,Closed,,,,,
TimeEX,53,,,,,,,,,,,Closed,,,,,
TimeEX,54,,,,,,,,,,,Closed,,,,,
TimeEX,55,,,,,,,,,,,Closed,,,,,
TimeEX,56,,,,,,,,,,,Closed,,,,,
TimeEX,57,,,,,,,,,,,Closed,,,,,
TimeEX,58,,,,,,,,,,,Timing,,,,,
TimeEX,59,,,,,,,,,,,Closed,,,,,
TimeEX,60,,,,,,,,,,,Closed,,,,,
TimeEX,61,,,,,,,,,,,Closed,,,,,
TimeEX,62,,,,,,,,,,,Closed,,,,,
TimeEX,63,,,,,,,,,,,Closed,,,,,
TimeEX,64,,,,,,,,,,,Closed,,,,,
TimeEX,65,,,,,,,,,,,Closed,,,,,
TimeEX,66,,,,,,,,,,,Closed,,,,,
TimeEX,67,,,,,,,,,,,Closed,,,,,
TimeEX,68,,,,,,,,,,,Closed,,,,,
TimeEX,69,,,,,,,,,,,Closed,,,,,
TimeEX,70,,,,,,,,,,,Closed,,,,,
TimeEX,71,,,,,,,,,,,Closed,,,,,
TimeEX,72,,,,,,,,,,,Closed,,,,,
TimeEX,73,,,,,,,,,,,Closed,,,,,
TimeEX,74,,,,,,,,,,,Closed,,,,,
TimeEX,75,,,,,,,,,,,Closed,,,,,
TimeEX,76,,,,,,,,,,,Closed,,,,,
TimeEX,77,,,,,,,,,,,Closed,,,,,
TimeEX,78,,,,,,,,,,,Closed,,,,,
TimeEX,79,,,,,,,,,,,Closed,,,,,
TimeEX,80,,,,,,,,,,,Closed,,,,,
TimeEX,81,,,,,,,,,,,Closed,,,,,
TimeEX,82,,,,,,,,,,,Closed,,,,,
TimeEX,83,,,,,,,,,,,Closed,,,,,
TimeEX,84,,,,,,,,,,,Closed,,,,,
TimeEX,85,,,,,,,,,,,Closed,,,,,
TimeEX,86,,,,,,,,,,,Closed,,,,,
TimeEX,87,,,,,,,,,,,Closed,,,,,
TimeEX,88,,,,,,,,,,,Closed,,,,,
TimeEX,89,,,,,,,,,,,Closed,,,,,
TimeEX,90,,,,,,,,,,,Closed,,,,,
TimeEX,91,,,,,,,,,,,Closed,,,,,
TimeEX,92,,,,,,,,,,,Closed,,,,,
TimeEX,93,,,,,,,,,,,Closed,,,,,
TimeEX,94,,,,,,,,,,,Closed,,,,,
Agio_or_Dvol,1,,,,,,,,,,,0.679599393599428,,,,,
Agio_or_Dvol,2,,,,,,,,,,,1.0751985887878506,,,,,
Agio_or_Dvol,3,,,,,,,,,,,0.4904126569695373,,,,,
Agio_or_Dvol,4,,,,,,,,,,,1.4736697941140666,,,,,
Agio_or_Dvol,5,,,,,,,,,,,0.7200949367088607,,,,,
Agio_or_Dvol,6,,,,,,,,,,,1.0570119776217475,,,,,
Agio_or_Dvol,7,,,,,,,,,,,0.7065812093872145,,,,,
Agio_or_Dvol,8,,,,,,,,,,,0.6369601577365869,,,,,
Agio_or_Dvol,9,,,,,,,,,,,0.954991765968346,,,,,
Agio_or_Dvol,10,,,,,,,,,,,1.3486146456862254,,,,,
Agio_or_Dvol,11,,,,,,,,,,,0.5715826938692341,,,,,
Agio_or_Dvol,12,,,,,,,,,,,0.7191855099862774,,,,,
Agio_or_Dvol,13,,,,,,,,,,,0.6772160886406583,,,,,
Agio_or_Dvol,14,,,,,,,,,,,0.41820334734194264,,,,,
Agio_or_Dvol,15,,,,,,,,,,,0.8117272675243127,,,,,
Agio_or_Dvol,16,,,,,,,,,,,1.3133908573944866,,,,,
Agio_or_Dvol,17,,,,,,,,,,,0.6279004383260957,,,,,
Agio_or_Dvol,18,,,,,,,,,,,1.5100301272100025,,,,,
Agio_or_Dvol,19,,,,,,,,,,,0.8333816785233921,,,,,
Agio_or_Dvol,20,,,,,,,,,,,0.8150967183863868,,,,,
Agio_or_Dvol,21,,,,,,,,,,,0.8047534503463286,,,,,
Agio_or_Dvol,22,,,,,,,,,,,0.6439655323148372,,,,,
Agio_or_Dvol,23,,,,,,,,,,,1.0299931252482153,,,,,
Agio_or_Dvol,24,,,,,,,,,,,1.050197591422635,,,,,
Agio_or_Dvol,25,,,,,,,,,,,0.5322893860431452,,,,,
Agio_or_Dvol,26,,,,,,,,,,,0.5328567654351095,,,,,
Agio_or_Dvol,27,,,,,,,,,,,1.8247415185776548,,,,,
Agio_or_Dvol,28,,,,,,,,,,,0.5639908886795483,,,,,
Agio_or_Dvol,29,,,,,,,,,,,0.9482986941102592,,,,,
Agio_or_Dvol,30,,,,,,,,,,,0.7874622735155384,,,,,
Agio_or_Dvol,31,,,,,,,,,,,0.5813597431374257,,,,,
Agio_or_Dvol,32,,,,,,,,,,,0.8944711426016638,,,,,
Agio_or_Dvol,33,,,,,,,,,,,0.3554492118004994,,,,,
Agio_or_Dvol,34,,,,,,,,,,,0.5060239227409914,,,,,
Agio_or_Dvol,35,,,,,,,,,,,0.09161058475668274,,,,,
Agio_or_Dvol,36,,,,,,,,,,,0.6934207868993373,,,,,
Agio_or_Dvol,37,,,,,,,,,,,0.8316341680688905,,,,,
Agio_or_Dvol,38,,,,,,,,,,,0.9656937466385066,,,,,
Agio_or_Dvol,39,,,,,,,,,,,0.8002095951423244,,,,,
Agio_or_Dvol,40,,,,,,,,,,,1.347669454770756,,,,,
Agio_or_Dvol,41,,,,,,,,,,,0.09564570662525598,,,,,
Agio_or_Dvol,42,,,,,,,,,,,0.38500452327139933,,,,,
Agio_or_Dvol,43,,,,,,,,,,,0.945052411153522,,,,,
Agio_or_Dvol,44,,,,,,,,,,,0.6676883875929474,,,,,
Agio_or_Dvol,45,,,,,,,,,,,0.3181964573268921,,,,,
Agio_or_Dvol,46,,,,,,,,,,,1.2675347321762203,,,,,
Agio_or_Dvol,47,,,,,,,,,,,0.018503081481893686,,,,,
Agio_or_Dvol,48,,,,,,,,,,,1.1585148874364561,,,,,
Agio_or_Dvol,49,,,,,,,,,,,0.5676991660098594,,,,,
Agio_or_Dvol,50,,,,,,,,,,,,,,,,
Agio_or_Dvol,51,,,,,,,,,,,1.0242790151285894,,,,,
Agio_or_Dvol,52,,,,,,,,,,,0.7178933267358995,,,,,
Agio_or_Dvol,53,,,,,,,,,,,0.7200949367088607,,,,,
Agio_or_Dvol,54,,,,,,,,,,,0.41820334734194264,,,,,
Agio_or_Dvol,55,,,,,,,,,,,1.3133908573944866,,,,,
Agio_or_Dvol,56,,,,,,,,,,,0.8333816785233921,,,,,
Agio_or_Dvol,57,,,,,,,,,,,0.9744811997722278,,,,,
Agio_or_Dvol,58,,,,,,,,,,,,,,,,
Agio_or_Dvol,59,,,,,,,,,,,1.0193111818543574,,,,,
Agio_or_Dvol,60,,,,,,,,,,,0.8382154818967211,,,,,
Agio_or_Dvol,61,,,,,,,,,,,0.8002095951423244,,,,,
Agio_or_Dvol,62,,,,,,,,,,,1.347669454770756,,,,,
Agio_or_Dvol,63,,,,,,,,,,,0.3181964573268921,,,,,
Agio_or_Dvol,64,,,,,,,,,,,0.679599393599428,,,,,
Agio_or_Dvol,65,,,,,,,,,,,1.4736697941140666,,,,,
Agio_or_Dvol,66,,,,,,,,,,,1.0570119776217475,,,,,
Agio_or_Dvol,67,,,,,,,,,,,0.41820334734194264,,,,,
Agio_or_Dvol,68,,,,,,,,,,,0.8117272675243127,,,,,
Agio_or_Dvol,69,,,,,,,,,,,0.8047534503463286,,,,,
Agio_or_Dvol,70,,,,,,,,,,,1.050197591422635,,,,,
Agio_or_Dvol,71,,,,,,,,,,,0.5639908886795483,,,,,
Agio_or_Dvol,72,,,,,,,,,,,0.43068375302446454,,,,,
Agio_or_Dvol,73,,,,,,,,,,,0.9744811997722278,,,,,
Agio_or_Dvol,74,,,,,,,,,,,0.8150967183863868,,,,,
Agio_or_Dvol,75,,,,,,,,,,,0.6315614054127878,,,,,
Agio_or_Dvol,76,,,,,,,,,,,1.0193111818543574,,,,,
Agio_or_Dvol,77,,,,,,,,,,,0.42919988566828177,,,,,
Agio_or_Dvol,78,,,,,,,,,,,0.7972108181509562,,,,,
Agio_or_Dvol,79,,,,,,,,,,,0.003453261912951298,,,,,
Agio_or_Dvol,80,,,,,,,,,,,0.5654547142214044,,,,,
Agio_or_Dvol,81,,,,,,,,,,,0.9068930863948593,,,,,
Agio_or_Dvol,82,,,,,,,,,,,0.56469614631591,,,,,
Agio_or_Dvol,83,,,,,,,,,,,0.401744873458534,,,,,
Agio_or_Dvol,84,,,,,,,,,,,0.8382154818967211,,,,,
Agio_or_Dvol,85,,,,,,,,,,,0.7027313077183762,,,,,
Agio_or_Dvol,86,,,,,,,,,,,0.6411122429153496,,,,,
Agio_or_Dvol,87,,,,,,,,,,,0.5635021838564177,,,,,
Agio_or_Dvol,88,,,,,,,,,,,1.0303132179979035,,,,,
Agio_or_Dvol,89,,,,,,,,,,,0.8179415711129895,,,,,
Agio_or_Dvol,90,,,,,,,,,,,0.7215805160810961,,,,,
Agio_or_Dvol,91,,,,,,,,,,,1.0299931252482153,,,,,
Agio_or_Dvol,92,,,,,,,,,,,,,,,,
Agio_or_Dvol,93,,,,,,,,,,,1.0570119776217475,,,,,
Agio_or_Dvol,94,,,,,,,,,,,0.8333816785233921,,,,,
NoT_C,1,,,,,,,,,,,5000,,,,,
NoT_C,2,,,,,,,,,,,9000,,,,,
NoT_C,3,,,,,,,,,,,400000,,,,,
NoT_C,4,,,,,,,,,,,8000,,,,,
NoT_C,5,,,,,,,,,,,2448050,,,,,
NoT_C,6,,,,,,,,,,,500,,,,,
NoT_C,7,,,,,,,,,,,190,,,,,
NoT_C,8,,,,,,,,,,,5000,,,,,
NoT_C,9,,,,,,,,,,,10000,,,,,
NoT_C,10,,,,,,,,,,,12500,,,,,
NoT_C,11,,,,,,,,,,,100,,,,,
NoT_C,12,,,,,,,,,,,5000,,,,,
NoT_C,13,,,,,,,,,,,2000,,,,,
NoT_C,14,,,,,,,,,,,40000,,,,,
NoT_C,15,,,,,,,,,,,350,,,,,
NoT_C,16,,,,,,,,,,,250,,,,,
NoT_C,17,,,,,,,,,,,1000,,,,,
NoT_C,18,,,,,,,,,,,1889,,,,,
NoT_C,19,,,,,,,,,,,340000,,,,,
NoT_C,20,,,,,,,,,,,20000,,,,,
NoT_C,21,,,,,,,,,,,1000,,,,,
NoT_C,22,,,,,,,,,,,12000,,,,,
NoT_C,23,,,,,,,,,,,1000,,,,,
NoT_C,24,,,,,,,,,,,500000,,,,,
NoT_C,25,,,,,,,,,,,5000,,,,,
NoT_C,26,,,,,,,,,,,2276,,,,,
NoT_C,27,,,,,,,,,,,2000,,,,,
NoT_C,28,,,,,,,,,,,200,,,,,
NoT_C,29,,,,,,,,,,,10000,,,,,
NoT_C,30,,,,,,,,,,,4200,,,,,
NoT_C,31,,,,,,,,,,,15000,,,,,
NoT_C,32,,,,,,,,,,,40000,,,,,
NoT_C,33,,,,,,,,,,,26667,,,,,
NoT_C,34,,,,,,,,,,,3000,,,,,
NoT_C,35,,,,,,,,,,,6000,,,,,
NoT_C,36,,,,,,,,,,,45000,,,,,
NoT_C,37,,,,,,,,,,,3000,,,,,
NoT_C,38,,,,,,,,,,,2700,,,,,
NoT_C,39,,,,,,,,,,,30000,,,,,
NoT_C,40,,,,,,,,,,,1500,,,,,
NoT_C,41,,,,,,,,,,,12500,,,,,
NoT_C,42,,,,,,,,,,,16000,,,,,
NoT_C,43,,,,,,,,,,,500,,,,,
NoT_C,44,,,,,,,,,,,2000,,,,,
NoT_C,45,,,,,,,,,,,700,,,,,
NoT_C,46,,,,,,,,,,,7235,,,,,
NoT_C,47,,,,,,,,,,,10000,,,,,
NoT_C,48,,,,,,,,,,,20000,,,,,
NoT_C,49,,,,,,,,,,,5000,,,,,
NoT_C,50,,,,,,,,,,,750,,,,,
NoT_C,51,,,,,,,,,,,200,,,,,
NoT_C,52,,,,,,,,,,,800,,,,,
NoT_C,53,,,,,,,,,,,395031,,,,,
NoT_C,54,,,,,,,,,,,10000,,,,,
NoT_C,55,,,,,,,,,,,2000,,,,,
NoT_C,56,,,,,,,,,,,20000,,,,,
NoT_C,57,,,,,,,,,,,10000,,,,,
NoT_C,58,,,,,,,,,,,0,,,,,
NoT_C,59,,,,,,,,,,,10000,,,,,
NoT_C,60,,,,,,,,,,,7300,,,,,
NoT_C,61,,,,,,,,,,,10000,,,,,
NoT_C,62,,,,,,,,,,,1000,,,,,
NoT_C,63,,,,,,,,,,,45,,,,,
NoT_C,64,,,,,,,,,,,500,,,,,
NoT_C,65,,,,,,,,,,,2000,,,,,
NoT_C,66,,,,,,,,,,,160,,,,,
NoT_C,67,,,,,,,,,,,850,,,,,
NoT_C,68,,,,,,,,,,,1790,,,,,
NoT_C,69,,,,,,,,,,,3900,,,,,
NoT_C,70,,,,,,,,,,,200000,,,,,
NoT_C,71,,,,,,,,,,,500,,,,,
NoT_C,72,,,,,,,,,,,30000,,,,,
NoT_C,73,,,,,,,,,,,7300,,,,,
NoT_C,74,,,,,,,,,,,10000,,,,,
NoT_C,75,,,,,,,,,,,12000,,,,,
NoT_C,76,,,,,,,,,,,5000,,,,,
NoT_C,77,,,,,,,,,,,550,,,,,
NoT_C,78,,,,,,,,,,,310,,,,,
NoT_C,79,,,,,,,,,,,5353,,,,,
NoT_C,80,,,,,,,,,,,2100,,,,,
NoT_C,81,,,,,,,,,,,330,,,,,
NoT_C,82,,,,,,,,,,,2600,,,,,
NoT_C,83,,,,,,,,,,,200,,,,,
NoT_C,84,,,,,,,,,,,7700,,,,,
NoT_C,85,,,,,,,,,,,1100,,,,,
NoT_C,86,,,,,,,,,,,1300,,,,,
NoT_C,87,,,,,,,,,,,7000,,,,,
NoT_C,88,,,,,,,,,,,2700,,,,,
NoT_C,89,,,,,,,,,,,450,,,,,
NoT_C,90,,,,,,,,,,,2000,,,,,
NoT_C,91,,,,,,,,,,,5000,,,,,
NoT_C,92,,,,,,,,,,,77100,,,,,
NoT_C,93,,,,,,,,,,,500,,,,,
NoT_C,94,,,,,,,,,,,50000,,,,,
NoT_GL,1,,,,,,,,,,,763753.02,,,,,
NoT_GL,2,,,,,,,,,,,154780.8205896,,,,,
NoT_GL,3,,,,,,,,,,,167813.10060180002,,,,,
NoT_GL,4,,,,,,,,,,,806042.96,,,,,
NoT_GL,5,,,,,,,,,,,-1666591.7682245024,,,,,
NoT_GL,6,,,,,,,,,,,168185.07,,,,,
NoT_GL,7,,,,,,,,,,,46544.981447920014,,,,,
NoT_GL,8,,,,,,,,,,,753396.5700000001,,,,,
NoT_GL,9,,,,,,,,,,,-569.9399999999987,,,,,
NoT_GL,10,,,,,,,,,,,-131913.4,,,,,
NoT_GL,11,,,,,,,,,,,7573.241800000001,,,,,
NoT_GL,12,,,,,,,,,,,216482.99,,,,,
NoT_GL,13,,,,,,,,,,,-59543.212,,,,,
NoT_GL,14,,,,,,,,,,,-339672.42699999997,,,,,
NoT_GL,15,,,,,,,,,,,-24975.339974000002,,,,,
NoT_GL,16,,,,,,,,,,,3980.6,,,,,
NoT_GL,17,,,,,,,,,,,70221.48000000001,,,,,
NoT_GL,18,,,,,,,,,,,-64955.55446799999,,,,,
NoT_GL,19,,,,,,,,,,,3679361.68,,,,,
NoT_GL,20,,,,,,,,,,,-20812.511999999988,,,,,
NoT_GL,21,,,,,,,,,,,39217.76,,,,,
NoT_GL,22,,,,,,,,,,,163571.80800000002,,,,,
NoT_GL,23,,,,,,,,,,,2622.1800000000003,,,,,
NoT_GL,24,,,,,,,,,,,1150959.0,,,,,
NoT_GL,25,,,,,,,,,,,173487.98,,,,,
NoT_GL,26,,,,,,,,,,,-28101.550865999998,,,,,
NoT_GL,27,,,,,,,,,,,-39925.458060000004,,,,,
NoT_GL,28,,,,,,,,,,,-14840.150781999997,,,,,
NoT_GL,29,,,,,,,,,,,2673157.52,,,,,
NoT_GL,30,,,,,,,,,,,92122.99256400001,,,,,
NoT_GL,31,,,,,,,,,,,1497683.51436,,,,,
NoT_GL,32,,,,,,,,,,,2506911.24,,,,,
NoT_GL,33,,,,,,,,,,,-246256.89150599999,,,,,
NoT_GL,34,,,,,,,,,,,83504.11200000001,,,,,
NoT_GL,35,,,,,,,,,,,-52736.96399999999,,,,,
NoT_GL,36,,,,,,,,,,,-22853.289725999988,,,,,
NoT_GL,37,,,,,,,,,,,-7088.05221,,,,,
NoT_GL,38,,,,,,,,,,,-17571.722777999865,,,,,
NoT_GL,39,,,,,,,,,,,750901.3986960001,,,,,
NoT_GL,40,,,,,,,,,,,69314.06007,,,,,
NoT_GL,41,,,,,,,,,,,118339.09420400002,,,,,
NoT_GL,42,,,,,,,,,,,-744203.0595519999,,,,,
NoT_GL,43,,,,,,,,,,,86289.1876,,,,,
NoT_GL,44,,,,,,,,,,,530440.0,,,,,
NoT_GL,45,,,,,,,,,,,-157573.4244,,,,,
NoT_GL,46,,,,,,,,,,,9737.007700000002,,,,,
NoT_GL,47,,,,,,,,,,,169422.62000000002,,,,,
NoT_GL,48,,,,,,,,,,,291036.0156459999,,,,,
NoT_GL,49,,,,,,,,,,,-83787.70426999996,,,,,
NoT_GL,50,,,,,,,,,,,-37104.150618,,,,,
NoT_GL,51,,,,,,,,,,,11054.254800000002,,,,,
NoT_GL,52,,,,,,,,,,,-50854.182197999995,,,,,
NoT_GL,53,,,,,,,,,,,-269822.76430199994,,,,,
NoT_GL,54,,,,,,,,,,,-24462.579999999994,,,,,
NoT_GL,55,,,,,,,,,,,-54378.79999999999,,,,,
NoT_GL,56,,,,,,,,,,,174718.86440000002,,,,,
NoT_GL,57,,,,,,,,,,,87968.59240000002,,,,,
NoT_GL,58,,,,,,,,,,,0.0,,,,,
NoT_GL,59,,,,,,,,,,,465100.76580000005,,,,,
NoT_GL,60,,,,,,,,,,,53048.8956,,,,,
NoT_GL,61,,,,,,,,,,,229467.12,,,,,
NoT_GL,62,,,,,,,,,,,-5435.856,,,,,
NoT_GL,63,,,,,,,,,,,-1797.6343958999996,,,,,
NoT_GL,64,,,,,,,,,,,95731.89863999998,,,,,
NoT_GL,65,,,,,,,,,,,152202.87200000003,,,,,
NoT_GL,66,,,,,,,,,,,97622.41536000001,,,,,
NoT_GL,67,,,,,,,,,,,-40667.3881,,,,,
NoT_GL,68,,,,,,,,,,,-8953.182620000007,,,,,
NoT_GL,69,,,,,,,,,,,145441.79520000002,,,,,
NoT_GL,70,,,,,,,,,,,442336.80000000005,,,,,
NoT_GL,71,,,,,,,,,,,-37699.255,,,,,
NoT_GL,72,,,,,,,,,,,-194097.12,,,,,
NoT_GL,73,,,,,,,,,,,78215.3536,,,,,
NoT_GL,74,,,,,,,,,,,-13153.379999999997,,,,,
NoT_GL,75,,,,,,,,,,,-15360.887999999977,,,,,
NoT_GL,76,,,,,,,,,,,256044.81,,,,,
NoT_GL,77,,,,,,,,,,,9207.607200000013,,,,,
NoT_GL,78,,,,,,,,,,,168685.06780000002,,,,,
NoT_GL,79,,,,,,,,,,,-252578.13602399998,,,,,
NoT_GL,80,,,,,,,,,,,-9630.898199999996,,,,,
NoT_GL,81,,,,,,,,,,,49464.32304,,,,,
NoT_GL,82,,,,,,,,,,,-132402.868,,,,,
NoT_GL,83,,,,,,,,,,,13811.358,,,,,
NoT_GL,84,,,,,,,,,,,42368.4492,,,,,
NoT_GL,85,,,,,,,,,,,-14449.40419999999,,,,,
NoT_GL,86,,,,,,,,,,,-18749.837600000006,,,,,
NoT_GL,87,,,,,,,,,,,25707.766,,,,,
NoT_GL,88,,,,,,,,,,,33861.22380000001,,,,,
NoT_GL,89,,,,,,,,,,,-90384.08129999999,,,,,
NoT_GL,90,,,,,,,,,,,311260.436,,,,,
NoT_GL,91,,,,,,,,,,,57350.625,,,,,
NoT_GL,92,,,,,,,,,,,359603.3436000001,,,,,
NoT_GL,93,,,,,,,,,,,254589.13800000004,,,,,
NoT_GL,94,,,,,,,,,,,539077.4,,,,,
GLStatus,1,,,,,,,,,,,Gainer,,,,,
GLStatus,2,,,,,,,,,,,Free,,,,,
GLStatus,3,,,,,,,,,,,Gainer,,,,,
GLStatus,4,,,,,,,,,,,Gainer,,,,,
GLStatus,5,,,,,,,,,,,Looser,,,,,
GLStatus,6,,,,,,,,,,,Free,,,,,
GLStatus,7,,,,,,,,,,,Gainer,,,,,
GLStatus,8,,,,,,,,,,,Free,,,,,
GLStatus,9,,,,,,,,,,,Gainer,,,,,
GLStatus,10,,,,,,,,,,,Looser,,,,,
GLStatus,11,,,,,,,,,,,Free,,,,,
GLStatus,12,,,,,,,,,,,Free,,,,,
GLStatus,13,,,,,,,,,,,Looser,,,,,
GLStatus,14,,,,,,,,,,,Looser,,,,,
GLStatus,15,,,,,,,,,,,Gainer,,,,,
GLStatus,16,,,,,,,,,,,Looser,,,,,
GLStatus,17,,,,,,,,,,,Free,,,,,
GLStatus,18,,,,,,,,,,,Looser,,,,,
GLStatus,19,,,,,,,,,,,Free,,,,,
GLStatus,20,,,,,,,,,,,Looser,,,,,
GLStatus,21,,,,,,,,,,,Free,,,,,
GLStatus,22,,,,,,,,,,,Free,,,,,
GLStatus,23,,,,,,,,,,,Looser,,,,,
GLStatus,24,,,,,,,,,,,Free,,,,,
GLStatus,25,,,,,,,,,,,Free,,,,,
GLStatus,26,,,,,,,,,,,Looser,,,,,
GLStatus,27,,,,,,,,,,,Free,,,,,
GLStatus,28,,,,,,,,,,,Looser,,,,,
GLStatus,29,,,,,,,,,,,Free,,,,,
GLStatus,30,,,,,,,,,,,Gainer,,,,,
GLStatus,31,,,,,,,,,,,Free,,,,,
GLStatus,32,,,,,,,,,,,Gainer,,,,,
GLStatus,33,,,,,,,,,,,Looser,,,,,
GLStatus,34,,,,,,,,,,,Free,,,,,
GLStatus,35,,,,,,,,,,,Free,,,,,
GLStatus,36,,,,,,,,,,,Gainer,,,,,
GLStatus,37,,,,,,,,,,,Looser,,,,,
GLStatus,38,,,,,,,,,,,Free,,,,,
GLStatus,39,,,,,,,,,,,Free,,,,,
GLStatus,40,,,,,,,,,,,Looser,,,,,
GLStatus,41,,,,,,,,,,,Gainer,,,,,
GLStatus,42,,,,,,,,,,,Looser,,,,,
GLStatus,43,,,,,,,,,,,Free,,,,,
GLStatus,44,,,,,,,,,,,Free,,,,,
GLStatus,45,,,,,,,,,,,Looser,,,,,
GLStatus,46,,,,,,,,,,,Gainer,,,,,
GLStatus,47,,,,,,,,,,,Free,,,,,
GLStatus,48,,,,,,,,,,,Free,,,,,
GLStatus,49,,,,,,,,,,,Looser,,,,,
GLStatus,50,,,,,,,,,,,Looser,,,,,
GLStatus,51,,,,,,,,,,,Free,,,,,
GLStatus,52,,,,,,,,,,,Looser,,,,,
GLStatus,53,,,,,,,,,,,Looser,,,,,
GLStatus,54,,,,,,,,,,,Gainer,,,,,
GLStatus,55,,,,,,,,,,,Looser,,,,,
GLStatus,56,,,,,,,,,,,Free,,,,,
GLStatus,57,,,,,,,,,,,Gainer,,,,,
GLStatus,58,,,,,,,,,,,Looser,,,,,
GLStatus,59,,,,,,,,,,,Free,,,,,
GLStatus,60,,,,,,,,,,,Free,,,,,
GLStatus,61,,,,,,,,,,,Free,,,,,
GLStatus,62,,,,,,,,,,,Looser,,,,,
GLStatus,63,,,,,,,,,,,Gainer,,,,,
GLStatus,64,,,,,,,,,,,Free,,,,,
GLStatus,65,,,,,,,,,,,Gainer,,,,,
GLStatus,66,,,,,,,,,,,Free,,,,,
GLStatus,67,,,,,,,,,,,Looser,,,,,
GLStatus,68,,,,,,,,,,,Gainer,,,,,
GLStatus,69,,,,,,,,,,,Free,,,,,
GLStatus,70,,,,,,,,,,,Free,,,,,
GLStatus,71,,,,,,,,,,,Looser,,,,,
GLStatus,72,,,,,,,,,,,Looser,,,,,
GLStatus,73,,,,,,,,,,,Free,,,,,
GLStatus,74,,,,,,,,,,,Looser,,,,,
GLStatus,75,,,,,,,,,,,Looser,,,,,
GLStatus,76,,,,,,,,,,,Free,,,,,
GLStatus,77,,,,,,,,,,,Free,,,,,
GLStatus,78,,,,,,,,,,,Free,,,,,
GLStatus,79,,,,,,,,,,,Looser,,,,,
GLStatus,80,,,,,,,,,,,Looser,,,,,
GLStatus,81,,,,,,,,,,,Gainer,,,,,
GLStatus,82,,,,,,,,,,,Looser,,,,,
GLStatus,83,,,,,,,,,,,Free,,,,,
GLStatus,84,,,,,,,,,,,Free,,,,,
GLStatus,85,,,,,,,,,,,Looser,,,,,
GLStatus,86,,,,,,,,,,,Free,,,,,
GLStatus,87,,,,,,,,,,,Free,,,,,
GLStatus,88,,,,,,,,,,,Free,,,,,
GLStatus,89,,,,,,,,,,,Looser,,,,,
GLStatus,90,,,,,,,,,,,Free,,,,,
GLStatus,91,,,,,,,,,,,Looser,,,,,
GLStatus,92,,,,,,,,,,,Gainer,,,,,
GLStatus,93,,,,,,,,,,,Free,,,,,
GLStatus,94,,,,,,,,,,,Free,,,,,
AddBuys,1,,,,,,,,,,,-2284275.3241859996,,,,,
AddBuys,2,,,,,,,,,,,-241900.0792200468,,,,,
AddBuys,3,,,,,,,,,,,-463797.4751018982,,,,,
AddBuys,4,,,,,,,,,,,-3547713.3543720003,,,,,
AddBuys,5,,,,,,,,,,,-93961.06774650002,,,,,
AddBuys,6,,,,,,,,,,,-8350794.2601,,,,,
AddBuys,7,,,,,,,,,,,-635036.9142519792,,,,,
AddBuys,8,,,,,,,,,,,-494666.3973599999,,,,,
AddBuys,9,,,,,,,,,,,-87090.14718,,,,,
AddBuys,10,,,,,,,,,,,5.013000000006286,,,,,
AddBuys,11,,,,,,,,,,,-354535.160976,,,,,
AddBuys,12,,,,,,,,,,,-747957.4964099999,,,,,
AddBuys,13,,,,,,,,,,,-875472.7061879998,,,,,
AddBuys,14,,,,,,,,,,,-362058.41069999995,,,,,
AddBuys,15,,,,,,,,,,,-501080.961978,,,,,
AddBuys,16,,,,,,,,,,,-871983.8707391999,,,,,
AddBuys,17,,,,,,,,,,,-841947.93783,,,,,
AddBuys,18,,,,,,,,,,,-274007.63937419996,,,,,
AddBuys,19,,,,,,,,,,,-1128735.1008000001,,,,,
AddBuys,20,,,,,,,,,,,-526840.764915951,,,,,
AddBuys,21,,,,,,,,,,,-220982.30402399998,,,,,
AddBuys,22,,,,,,,,,,,-845225.5194432,,,,,
AddBuys,23,,,,,,,,,,,-797556.0602592,,,,,
AddBuys,24,,,,,,,,,,,-1324010.4801479997,,,,,
AddBuys,25,,,,,,,,,,,-1144313.2088459998,,,,,
AddBuys,26,,,,,,,,,,,-71811.43193664,,,,,
AddBuys,27,,,,,,,,,,,-64987.028099999996,,,,,
AddBuys,28,,,,,,,,,,,-1343207.18214,,,,,
AddBuys,29,,,,,,,,,,,-3174181.6705199997,,,,,
AddBuys,30,,,,,,,,,,,-1496995.2963252,,,,,
AddBuys,31,,,,,,,,,,,-2724202.849553999,,,,,
AddBuys,32,,,,,,,,,,,-5905545.690834,,,,,
AddBuys,33,,,,,,,,,,,-61433.05934375999,,,,,
AddBuys,34,,,,,,,,,,,-374930.89236,,,,,
AddBuys,35,,,,,,,,,,,-255531.338568,,,,,
AddBuys,36,,,,,,,,,,,-73147.94144999998,,,,,
AddBuys,37,,,,,,,,,,,-19179.009109799998,,,,,
AddBuys,38,,,,,,,,,,,-569951.0097480001,,,,,
AddBuys,39,,,,,,,,,,,-1822488.3015120002,,,,,
AddBuys,40,,,,,,,,,,,-2247125.52519,,,,,
AddBuys,41,,,,,,,,,,,-512344.2405599999,,,,,
AddBuys,42,,,,,,,,,,,-84461.63076000009,,,,,
AddBuys,43,,,,,,,,,,,-405766.00574999995,,,,,
AddBuys,44,,,,,,,,,,,-1318305.2831028,,,,,
AddBuys,45,,,,,,,,,,,-393352.07773769984,,,,,
AddBuys,46,,,,,,,,,,,0.0,,,,,
AddBuys,47,,,,,,,,,,,-378837.32274,,,,,
AddBuys,48,,,,,,,,,,,-3140944.878959999,,,,,
AddBuys,49,,,,,,,,,,,-202274.54999999996,,,,,
AddBuys,50,,,,,,,,,,,-150250.362885,,,,,
AddBuys,51,,,,,,,,,,,-659522.01042,,,,,
AddBuys,52,,,,,,,,,,,-218535.81965999995,,,,,
AddBuys,53,,,,,,,,,,,-176696.74724439246,,,,,
AddBuys,54,,,,,,,,,,,-86182.578621,,,,,
AddBuys,55,,,,,,,,,,,-886157.8354799999,,,,,
AddBuys,56,,,,,,,,,,,-513591.876,,,,,
AddBuys,57,,,,,,,,,,,-606865.55868,,,,,
AddBuys,58,,,,,,,,,,,0.0,,,,,
AddBuys,59,,,,,,,,,,,-1196761.7113199998,,,,,
AddBuys,60,,,,,,,,,,,-617226.67773,,,,,
AddBuys,61,,,,,,,,,,,-1558077.9975,,,,,
AddBuys,62,,,,,,,,,,,-1491214.8772098,,,,,
AddBuys,63,,,,,,,,,,,-88429.33002600001,,,,,
AddBuys,64,,,,,,,,,,,-812744.3153160001,,,,,
AddBuys,65,,,,,,,,,,,-1824294.7250334,,,,,
AddBuys,66,,,,,,,,,,,-1667479.3934939997,,,,,
AddBuys,67,,,,,,,,,,,-576569.6134919999,,,,,
AddBuys,68,,,,,,,,,,,-515008.95083999995,,,,,
AddBuys,69,,,,,,,,,,,-888343.8543899999,,,,,
AddBuys,70,,,,,,,,,,,-295085.23199999996,,,,,
AddBuys,71,,,,,,,,,,,-716686.7693615999,,,,,
AddBuys,72,,,,,,,,,,,-478033.21323,,,,,
AddBuys,73,,,,,,,,,,,-856008.0132263999,,,,,
AddBuys,74,,,,,,,,,,,-344184.5481714,,,,,
AddBuys,75,,,,,,,,,,,-483604.1099999999,,,,,
AddBuys,76,,,,,,,,,,,-391093.626492,,,,,
AddBuys,77,,,,,,,,,,,-719989.5182399999,,,,,
AddBuys,78,,,,,,,,,,,-411412.28801400005,,,,,
AddBuys,79,,,,,,,,,,,-84588.96095999997,,,,,
AddBuys,80,,,,,,,,,,,-541944.6821280001,,,,,
AddBuys,81,,,,,,,,,,,-1406761.8166746,,,,,
AddBuys,82,,,,,,,,,,,-46285.750872000004,,,,,
AddBuys,83,,,,,,,,,,,-556229.27084526,,,,,
AddBuys,84,,,,,,,,,,,-162026.97767999998,,,,,
AddBuys,85,,,,,,,,,,,-498582.77954759996,,,,,
AddBuys,86,,,,,,,,,,,-184366.66022999998,,,,,
AddBuys,87,,,,,,,,,,,-233194.734,,,,,
AddBuys,88,,,,,,,,,,,-249918.13207800002,,,,,
AddBuys,89,,,,,,,,,,,-642180.7400400001,,,,,
AddBuys,90,,,,,,,,,,,-1168072.5148451999,,,,,
AddBuys,91,,,,,,,,,,,-64642.634999999995,,,,,
AddBuys,92,,,,,,,,,,,0.0,,,,,
AddBuys,93,,,,,,,,,,,0.0,,,,,
AddBuys,94,,,,,,,,,,,-500575.66060139996,,,,,
AddCash,1,,,,,,,,,,,-1014391.1448469998,,,,,
AddCash,2,,,,,,,,,,,0.0,,,,,
AddCash,3,,,,,,,,,,,-182929.63510189817,,,,,
AddCash,4,,,,,,,,,,,-1436667.3817719994,,,,,
AddCash,5,,,,,,,,,,,-93961.06774649955,,,,,
AddCash,6,,,,,,,,,,,-450142.3925859994,,,,,
AddCash,7,,,,,,,,,,,-241294.08823957917,,,,,
AddCash,8,,,,,,,,,,,0.0,,,,,
AddCash,9,,,,,,,,,,,-17939.921440999988,,,,,
AddCash,10,,,,,,,,,,,0.0,,,,,
AddCash,11,,,,,,,,,,,0.0,,,,,
AddCash,12,,,,,,,,,,,0.0,,,,,
AddCash,13,,,,,,,,,,,0.0,,,,,
AddCash,14,,,,,,,,,,,-99841.9507000001,,,,,
AddCash,15,,,,,,,,,,,-34463.322398799995,,,,,
AddCash,16,,,,,,,,,,,-207112.04373920002,,,,,
AddCash,17,,,,,,,,,,,0.0,,,,,
AddCash,18,,,,,,,,,,,-10217.681134200044,,,,,
AddCash,19,,,,,,,,,,,0.0,,,,,
AddCash,20,,,,,,,,,,,-426402.58491595095,,,,,
AddCash,21,,,,,,,,,,,0.0,,,,,
AddCash,22,,,,,,,,,,,0.0,,,,,
AddCash,23,,,,,,,,,,,-173071.9514592,,,,,
AddCash,24,,,,,,,,,,,0.0,,,,,
AddCash,25,,,,,,,,,,,0.0,,,,,
AddCash,26,,,,,,,,,,,0.0,,,,,
AddCash,27,,,,,,,,,,,0.0,,,,,
AddCash,28,,,,,,,,,,,-648804.3359399998,,,,,
AddCash,29,,,,,,,,,,,0.0,,,,,
AddCash,30,,,,,,,,,,,0.0,,,,,
AddCash,31,,,,,,,,,,,0.0,,,,,
AddCash,32,,,,,,,,,,,-1657106.347441999,,,,,
AddCash,33,,,,,,,,,,,-61433.05934375999,,,,,
AddCash,34,,,,,,,,,,,0.0,,,,,
AddCash,35,,,,,,,,,,,0.0,,,,,
AddCash,36,,,,,,,,,,,0.0,,,,,
AddCash,37,,,,,,,,,,,-5095.741057800002,,,,,
AddCash,38,,,,,,,,,,,0.0,,,,,
AddCash,39,,,,,,,,,,,0.0,,,,,
AddCash,40,,,,,,,,,,,-736833.346045,,,,,
AddCash,41,,,,,,,,,,,-124149.89688800002,,,,,
AddCash,42,,,,,,,,,,,0.0,,,,,
AddCash,43,,,,,,,,,,,0.0,,,,,
AddCash,44,,,,,,,,,,,-189257.95840280014,,,,,
AddCash,45,,,,,,,,,,,-106555.87216840012,,,,,
AddCash,46,,,,,,,,,,,0.0,,,,,
AddCash,47,,,,,,,,,,,0.0,,,,,
AddCash,48,,,,,,,,,,,0.0,,,,,
AddCash,49,,,,,,,,,,,0.0,,,,,
AddCash,50,,,,,,,,,,,-21319.556825000014,,,,,
AddCash,51,,,,,,,,,,,0.0,,,,,
AddCash,52,,,,,,,,,,,-77917.67987999998,,,,,
AddCash,53,,,,,,,,,,,-176696.74724439246,,,,,
AddCash,54,,,,,,,,,,,0.0,,,,,
AddCash,55,,,,,,,,,,,-412520.09973039996,,,,,
AddCash,56,,,,,,,,,,,0.0,,,,,
AddCash,57,,,,,,,,,,,-196406.95498280012,,,,,
AddCash,58,,,,,,,,,,,0.0,,,,,
AddCash,59,,,,,,,,,,,0.0,,,,,
AddCash,60,,,,,,,,,,,-72980.30698999997,,,,,
AddCash,61,,,,,,,,,,,0.0,,,,,
AddCash,62,,,,,,,,,,,-61777.76189380005,,,,,
AddCash,63,,,,,,,,,,,-13800.03201000001,,,,,
AddCash,64,,,,,,,,,,,-62470.013575999954,,,,,
AddCash,65,,,,,,,,,,,0.0,,,,,
AddCash,66,,,,,,,,,,,0.0,,,,,
AddCash,67,,,,,,,,,,,-342016.04249200004,,,,,
AddCash,68,,,,,,,,,,,0.0,,,,,
AddCash,69,,,,,,,,,,,0.0,,,,,
AddCash,70,,,,,,,,,,,0.0,,,,,
AddCash,71,,,,,,,,,,,-104715.82153360001,,,,,
AddCash,72,,,,,,,,,,,-234465.48014600005,,,,,
AddCash,73,,,,,,,,,,,0.0,,,,,
AddCash,74,,,,,,,,,,,-28610.188350599965,,,,,
AddCash,75,,,,,,,,,,,0.0,,,,,
AddCash,76,,,,,,,,,,,0.0,,,,,
AddCash,77,,,,,,,,,,,0.0,,,,,
AddCash,78,,,,,,,,,,,0.0,,,,,
AddCash,79,,,,,,,,,,,-84588.96096000003,,,,,
AddCash,80,,,,,,,,,,,0.0,,,,,
AddCash,81,,,,,,,,,,,-30911.27308259999,,,,,
AddCash,82,,,,,,,,,,,0.0,,,,,
AddCash,83,,,,,,,,,,,0.0,,,,,
AddCash,84,,,,,,,,,,,0.0,,,,,
AddCash,85,,,,,,,,,,,-157882.9083476,,,,,
AddCash,86,,,,,,,,,,,0.0,,,,,
AddCash,87,,,,,,,,,,,0.0,,,,,
AddCash,88,,,,,,,,,,,0.0,,,,,
AddCash,89,,,,,,,,,,,-92444.77943999995,,,,,
AddCash,90,,,,,,,,,,,0.0,,,,,
AddCash,91,,,,,,,,,,,-64642.634999999995,,,,,
AddCash,92,,,,,,,,,,,0.0,,,,,
AddCash,93,,,,,,,,,,,0.0,,,,,
AddCash,94,,,,,,,,,,,0.0,,,,,
AddValue,1,,,,,,,,,,,2059430.2799999998,,,,,
AddValue,2,,,,,,,,,,,46189.0405896,,,,,
AddValue,3,,,,,,,,,,,512554.2006018,,,,,
AddValue,4,,,,,,,,,,,2315959.355,,,,,
AddValue,5,,,,,,,,,,,-1629659.4882245024,,,,,
AddValue,6,,,,,,,,,,,2137123.062,,,,,
AddValue,7,,,,,,,,,,,333099.31544792,,,,,
AddValue,8,,,,,,,,,,,-271253.43,,,,,
AddValue,9,,,,,,,,,,,38858.45999999999,,,,,
AddValue,10,,,,,,,,,,,-131984.9,,,,,
AddValue,11,,,,,,,,,,,-4795.153017999999,,,,,
AddValue,12,,,,,,,,,,,-157890.131,,,,,
AddValue,13,,,,,,,,,,,-217104.596932,,,,,
AddValue,14,,,,,,,,,,,-254816.22199999998,,,,,
AddValue,15,,,,,,,,,,,39635.18002599999,,,,,
AddValue,16,,,,,,,,,,,134797.31,,,,,
AddValue,17,,,,,,,,,,,-35337.01139999999,,,,,
AddValue,18,,,,,,,,,,,-39002.641467999994,,,,,
AddValue,19,,,,,,,,,,,-2863403.77,,,,,
AddValue,20,,,,,,,,,,,384216.87157200003,,,,,
AddValue,21,,,,,,,,,,,-37420.724459,,,,,
AddValue,22,,,,,,,,,,,162797.424,,,,,
AddValue,23,,,,,,,,,,,149096.4858,,,,,
AddValue,24,,,,,,,,,,,-207152.64,,,,,
AddValue,25,,,,,,,,,,,-108014.878,,,,,
AddValue,26,,,,,,,,,,,-40528.510866,,,,,
AddValue,27,,,,,,,,,,,-54820.802670000005,,,,,
AddValue,28,,,,,,,,,,,435223.89721799997,,,,,
AddValue,29,,,,,,,,,,,2663457.6999999997,,,,,
AddValue,30,,,,,,,,,,,-21989.951436000003,,,,,
AddValue,31,,,,,,,,,,,1730423.71436,,,,,
AddValue,32,,,,,,,,,,,3005416.71,,,,,
AddValue,33,,,,,,,,,,,-235666.53150599997,,,,,
AddValue,34,,,,,,,,,,,-30383.749999999993,,,,,
AddValue,35,,,,,,,,,,,-78530.45199999999,,,,,
AddValue,36,,,,,,,,,,,-23564.649725999974,,,,,
AddValue,37,,,,,,,,,,,-1421.6772099999998,,,,,
AddValue,38,,,,,,,,,,,12644.771022000132,,,,,
AddValue,39,,,,,,,,,,,-1016110.9332239999,,,,,
AddValue,40,,,,,,,,,,,416613.26006999996,,,,,
AddValue,41,,,,,,,,,,,324227.559204,,,,,
AddValue,42,,,,,,,,,,,-744549.587552,,,,,
AddValue,43,,,,,,,,,,,-83051.54735,,,,,
AddValue,44,,,,,,,,,,,1439863.8839999998,,,,,
AddValue,45,,,,,,,,,,,-68177.6244,,,,,
AddValue,46,,,,,,,,,,,-14249.152299999994,,,,,
AddValue,47,,,,,,,,,,,-123344.02267999998,,,,,
AddValue,48,,,,,,,,,,,-987333.184354,,,,,
AddValue,49,,,,,,,,,,,-151824.12965599995,,,,,
AddValue,50,,,,,,,,,,,-37104.150618,,,,,
AddValue,51,,,,,,,,,,,-19799.108303999998,,,,,
AddValue,52,,,,,,,,,,,12406.773402000006,,,,,
AddValue,53,,,,,,,,,,,-216581.32430199996,,,,,
AddValue,54,,,,,,,,,,,-24511.849999999995,,,,,
AddValue,55,,,,,,,,,,,181867.12,,,,,
AddValue,56,,,,,,,,,,,-221583.40105,,,,,
AddValue,57,,,,,,,,,,,501563.6064,,,,,
AddValue,58,,,,,,,,,,,0.0,,,,,
AddValue,59,,,,,,,,,,,-102387.86219999997,,,,,
AddValue,60,,,,,,,,,,,245605.48559999996,,,,,
AddValue,61,,,,,,,,,,,-359674.113192,,,,,
AddValue,62,,,,,,,,,,,22028.90399999998,,,,,
AddValue,63,,,,,,,,,,,18230.5816041,,,,,
AddValue,64,,,,,,,,,,,186327.71573999996,,,,,
AddValue,65,,,,,,,,,,,34466.63699999999,,,,,
AddValue,66,,,,,,,,,,,-99945.58463999999,,,,,
AddValue,67,,,,,,,,,,,165629.8919,,,,,
AddValue,68,,,,,,,,,,,-68146.55862000001,,,,,
AddValue,69,,,,,,,,,,,-153746.70479999998,,,,,
AddValue,70,,,,,,,,,,,-332863.19999999995,,,,,
AddValue,71,,,,,,,,,,,38954.089,,,,,
AddValue,72,,,,,,,,,,,-141324.7008,,,,,
AddValue,73,,,,,,,,,,,21708.76359999999,,,,,
AddValue,74,,,,,,,,,,,24927.564000000006,,,,,
AddValue,75,,,,,,,,,,,-162300.88799999998,,,,,
AddValue,76,,,,,,,,,,,-98405.18999999999,,,,,
AddValue,77,,,,,,,,,,,8911.318350000001,,,,,
AddValue,78,,,,,,,,,,,-111486.11219999999,,,,,
AddValue,79,,,,,,,,,,,-252395.89226639998,,,,,
AddValue,80,,,,,,,,,,,-49945.8702,,,,,
AddValue,81,,,,,,,,,,,59084.34673999999,,,,,
AddValue,82,,,,,,,,,,,-69502.64799999999,,,,,
AddValue,83,,,,,,,,,,,-17214.642,,,,,
AddValue,84,,,,,,,,,,,-96809.0508,,,,,
AddValue,85,,,,,,,,,,,154649.9878,,,,,
AddValue,86,,,,,,,,,,,-54116.337600000006,,,,,
AddValue,87,,,,,,,,,,,77852.31599999999,,,,,
AddValue,88,,,,,,,,,,,-82049.7762,,,,,
AddValue,89,,,,,,,,,,,-81073.9245,,,,,
AddValue,90,,,,,,,,,,,209563.338,,,,,
AddValue,91,,,,,,,,,,,57111.906,,,,,
AddValue,92,,,,,,,,,,,357595.13532000006,,,,,
AddValue,93,,,,,,,,,,,-362810.86199999996,,,,,
AddValue,94,,,,,,,,,,,-214891.13999999998,,,,,
Tot_Paid,1,,,,,,,,,,,-2822972.3041859996,,,,,
Tot_Paid,2,,,,,,,,,,,-330659.2586304468,,,,,
Tot_Paid,3,,,,,,,,,,,-625984.3745000982,,,,,
Tot_Paid,4,,,,,,,,,,,-4610870.394372,,,,,
Tot_Paid,5,,,,,,,,,,,-2960097.3359710025,,,,,
Tot_Paid,6,,,,,,,,,,,-8800009.1901,,,,,
Tot_Paid,7,,,,,,,,,,,-655924.8328040593,,,,,
Tot_Paid,8,,,,,,,,,,,-765919.8273599999,,,,,
Tot_Paid,9,,,,,,,,,,,-114060.08718,,,,,
Tot_Paid,10,,,,,,,,,,,-159408.387,,,,,
Tot_Paid,11,,,,,,,,,,,-359454.919176,,,,,
Tot_Paid,12,,,,,,,,,,,-947324.5064099999,,,,,
Tot_Paid,13,,,,,,,,,,,-1092655.9181879999,,,,,
Tot_Paid,14,,,,,,,,,,,-777530.8376999999,,,,,
Tot_Paid,15,,,,,,,,,,,-560986.301952,,,,,
Tot_Paid,16,,,,,,,,,,,-872234.5207392,,,,,
Tot_Paid,17,,,,,,,,,,,-922356.45783,,,,,
Tot_Paid,18,,,,,,,,,,,-362301.78884219995,,,,,
Tot_Paid,19,,,,,,,,,,,-4189873.4208,,,,,
Tot_Paid,20,,,,,,,,,,,-624213.2769159509,,,,,
Tot_Paid,21,,,,,,,,,,,-258479.54402399997,,,,,
Tot_Paid,22,,,,,,,,,,,-979493.7114431999,,,,,
Tot_Paid,23,,,,,,,,,,,-813296.8802592,,,,,
Tot_Paid,24,,,,,,,,,,,-2111051.4801479997,,,,,
Tot_Paid,25,,,,,,,,,,,-1322475.2288459998,,,,,
Tot_Paid,26,,,,,,,,,,,-112339.94280264,,,,,
Tot_Paid,27,,,,,,,,,,,-119882.48616,,,,,
Tot_Paid,28,,,,,,,,,,,-1368303.332922,,,,,
Tot_Paid,29,,,,,,,,,,,-4231724.15052,,,,,
Tot_Paid,30,,,,,,,,,,,-1801688.3037612,,,,,
Tot_Paid,31,,,,,,,,,,,-3011519.335193999,,,,,
Tot_Paid,32,,,,,,,,,,,-7482234.450834,,,,,
Tot_Paid,33,,,,,,,,,,,-313556.69084975997,,,,,
Tot_Paid,34,,,,,,,,,,,-462036.78036,,,,,
Tot_Paid,35,,,,,,,,,,,-346908.302568,,,,,
Tot_Paid,36,,,,,,,,,,,-369601.231176,,,,,
Tot_Paid,37,,,,,,,,,,,-28704.561319799996,,,,,
Tot_Paid,38,,,,,,,,,,,-669899.7325259999,,,,,
Tot_Paid,39,,,,,,,,,,,-2839186.902816,,,,,
Tot_Paid,40,,,,,,,,,,,-2387061.46512,,,,,
Tot_Paid,41,,,,,,,,,,,-652880.1463559999,,,,,
Tot_Paid,42,,,,,,,,,,,-961944.690312,,,,,
Tot_Paid,43,,,,,,,,,,,-492264.31814999995,,,,,
Tot_Paid,44,,,,,,,,,,,-1518825.2831028,,,,,
Tot_Paid,45,,,,,,,,,,,-578225.5021376999,,,,,
Tot_Paid,46,,,,,,,,,,,-67460.4423,,,,,
Tot_Paid,47,,,,,,,,,,,-570634.70274,,,,,
Tot_Paid,48,,,,,,,,,,,-4269908.863313999,,,,,
Tot_Paid,49,,,,,,,,,,,-354112.2542699999,,,,,
Tot_Paid,50,,,,,,,,,,,-187354.513503,,,,,
Tot_Paid,51,,,,,,,,,,,-679475.75562,,,,,
Tot_Paid,52,,,,,,,,,,,-274046.00185799995,,,,,
Tot_Paid,53,,,,,,,,,,,-640084.7015463924,,,,,
Tot_Paid,54,,,,,,,,,,,-129595.15862099998,,,,,
Tot_Paid,55,,,,,,,,,,,-974386.6354799999,,,,,
Tot_Paid,56,,,,,,,,,,,-735373.0116,,,,,
Tot_Paid,57,,,,,,,,,,,-763196.96628,,,,,
Tot_Paid,58,,,,,,,,,,,0.0,,,,,
Tot_Paid,59,,,,,,,,,,,-1440560.9455199998,,,,,
Tot_Paid,60,,,,,,,,,,,-696125.28213,,,,,
Tot_Paid,61,,,,,,,,,,,-1917810.8775,,,,,
Tot_Paid,62,,,,,,,,,,,-1636150.7332098,,,,,
Tot_Paid,63,,,,,,,,,,,-91981.9644219,,,,,
Tot_Paid,64,,,,,,,,,,,-847257.4166760001,,,,,
Tot_Paid,65,,,,,,,,,,,-2139391.8530334,,,,,
Tot_Paid,66,,,,,,,,,,,-1767424.9781339997,,,,,
Tot_Paid,67,,,,,,,,,,,-618847.7515919999,,,,,
Tot_Paid,68,,,,,,,,,,,-702604.1334599999,,,,,
Tot_Paid,69,,,,,,,,,,,-1042090.5591899998,,,,,
Tot_Paid,70,,,,,,,,,,,-627948.4319999999,,,,,
Tot_Paid,71,,,,,,,,,,,-780026.0243615999,,,,,
Tot_Paid,72,,,,,,,,,,,-689782.33323,,,,,
Tot_Paid,73,,,,,,,,,,,-956131.6596263999,,,,,
Tot_Paid,74,,,,,,,,,,,-395617.9281714,,,,,
Tot_Paid,75,,,,,,,,,,,-645904.9979999999,,,,,
Tot_Paid,76,,,,,,,,,,,-489498.816492,,,,,
Tot_Paid,77,,,,,,,,,,,-824739.1610399999,,,,,
Tot_Paid,78,,,,,,,,,,,-522898.400214,,,,,
Tot_Paid,79,,,,,,,,,,,-337263.45098399994,,,,,
Tot_Paid,80,,,,,,,,,,,-635995.580328,,,,,
Tot_Paid,81,,,,,,,,,,,-1523594.3936345999,,,,,
Tot_Paid,82,,,,,,,,,,,-200866.618872,,,,,
Tot_Paid,83,,,,,,,,,,,-573443.91284526,,,,,
Tot_Paid,84,,,,,,,,,,,-258836.02847999998,,,,,
Tot_Paid,85,,,,,,,,,,,-577404.1837476,,,,,
Tot_Paid,86,,,,,,,,,,,-238482.99782999998,,,,,
Tot_Paid,87,,,,,,,,,,,-253336.968,,,,,
Tot_Paid,88,,,,,,,,,,,-331967.908278,,,,,
Tot_Paid,89,,,,,,,,,,,-760788.82134,,,,,
Tot_Paid,90,,,,,,,,,,,-1260452.0788452,,,,,
Tot_Paid,91,,,,,,,,,,,-99107.01,,,,,
Tot_Paid,92,,,,,,,,,,,-412784.45639999997,,,,,
Tot_Paid,93,,,,,,,,,,,-362810.86199999996,,,,,
Tot_Paid,94,,,,,,,,,,,-952748.2606013999,,,,,
S_Income,1,,,,,,,,,,,1269884.1793389998,,,,,
S_Income,2,,,,,,,,,,,299437.3025406,,,,,
S_Income,3,,,,,,,,,,,280867.84,,,,,
S_Income,4,,,,,,,,,,,2111045.9726,,,,,
S_Income,5,,,,,,,,,,,0.0,,,,,
S_Income,6,,,,,,,,,,,7900651.867513999,,,,,
S_Income,7,,,,,,,,,,,393742.8260124,,,,,
S_Income,8,,,,,,,,,,,914743.746472,,,,,
S_Income,9,,,,,,,,,,,69150.22573899999,,,,,
S_Income,10,,,,,,,,,,,0.0,,,,,
S_Income,11,,,,,,,,,,,398959.43846379995,,,,,
S_Income,12,,,,,,,,,,,1039885.9485799999,,,,,
S_Income,13,,,,,,,,,,,1042580.0406809999,,,,,
S_Income,14,,,,,,,,,,,262216.45999999996,,,,,
S_Income,15,,,,,,,,,,,466617.6395792,,,,,
S_Income,16,,,,,,,,,,,664871.8269999999,,,,,
S_Income,17,,,,,,,,,,,937559.0201271999,,,,,
S_Income,18,,,,,,,,,,,263789.95823999995,,,,,
S_Income,19,,,,,,,,,,,5207441.8571,,,,,
S_Income,20,,,,,,,,,,,100438.18000000001,,,,,
S_Income,21,,,,,,,,,,,271502.064494,,,,,
S_Income,22,,,,,,,,,,,888708.9653567999,,,,,
S_Income,23,,,,,,,,,,,624484.1087999999,,,,,
S_Income,24,,,,,,,,,,,2729067.68453154,,,,,
S_Income,25,,,,,,,,,,,1363616.9239179997,,,,,
S_Income,26,,,,,,,,,,,95769.98055783998,,,,,
S_Income,27,,,,,,,,,,,133913.41749999998,,,,,
S_Income,28,,,,,,,,,,,694402.8461999999,,,,,
S_Income,29,,,,,,,,,,,3203859.0120240003,,,,,
S_Income,30,,,,,,,,,,,1614681.0495735998,,,,,
S_Income,31,,,,,,,,,,,2807785.347988,,,,,
S_Income,32,,,,,,,,,,,4248439.343392,,,,,
S_Income,33,,,,,,,,,,,0.0,,,,,
S_Income,34,,,,,,,,,,,515408.59441,,,,,
S_Income,35,,,,,,,,,,,340867.494244,,,,,
S_Income,36,,,,,,,,,,,117581.49119999999,,,,,
S_Income,37,,,,,,,,,,,14083.268052,,,,,
S_Income,38,,,,,,,,,,,682598.9164199999,,,,,
S_Income,39,,,,,,,,,,,2864261.2204475002,,,,,
S_Income,40,,,,,,,,,,,1510292.1791449997,,,,,
S_Income,41,,,,,,,,,,,388194.343672,,,,,
S_Income,42,,,,,,,,,,,102658.19282026,,,,,
S_Income,43,,,,,,,,,,,573115.4754039999,,,,,
S_Income,44,,,,,,,,,,,1129047.3247,,,,,
S_Income,45,,,,,,,,,,,286796.2055693,,,,,
S_Income,46,,,,,,,,,,,22982.93859,,,,,
S_Income,47,,,,,,,,,,,616100.233698,,,,,
S_Income,48,,,,,,,,,,,4361009.278603999,,,,,
S_Income,49,,,,,,,,,,,283555.00376163993,,,,,
S_Income,50,,,,,,,,,,,128930.80605999999,,,,,
S_Income,51,,,,,,,,,,,699336.0663920001,,,,,
S_Income,52,,,,,,,,,,,140618.13978,,,,,
S_Income,53,,,,,,,,,,,0.0,,,,,
S_Income,54,,,,,,,,,,,115967.1993,,,,,
S_Income,55,,,,,,,,,,,473637.73574959993,,,,,
S_Income,56,,,,,,,,,,,749472.1776990001,,,,,
S_Income,57,,,,,,,,,,,410458.60369719996,,,,,
S_Income,58,,,,,,,,,,,0.0,,,,,
S_Income,59,,,,,,,,,,,1421299.23895,,,,,
S_Income,60,,,,,,,,,,,544246.3707399999,,,,,
S_Income,61,,,,,,,,,,,1945281.7231359999,,,,,
S_Income,62,,,,,,,,,,,1429437.1153159998,,,,,
S_Income,63,,,,,,,,,,,74629.29801599999,,,,,
S_Income,64,,,,,,,,,,,750274.3017399999,,,,,
S_Income,65,,,,,,,,,,,1957090.99898,,,,,
S_Income,66,,,,,,,,,,,1957055.5394152,,,,,
S_Income,67,,,,,,,,,,,234553.571,,,,,
S_Income,68,,,,,,,,,,,602441.7882279999,,,,,
S_Income,69,,,,,,,,,,,1098865.736389,,,,,
S_Income,70,,,,,,,,,,,801745.029,,,,,
S_Income,71,,,,,,,,,,,611970.947828,,,,,
S_Income,72,,,,,,,,,,,243567.73308399998,,,,,
S_Income,73,,,,,,,,,,,911922.5207799999,,,,,
S_Income,74,,,,,,,,,,,315574.35982079996,,,,,
S_Income,75,,,,,,,,,,,629967.814,,,,,
S_Income,76,,,,,,,,,,,530320.0734999999,,,,,
S_Income,77,,,,,,,,,,,775071.3114499999,,,,,
S_Income,78,,,,,,,,,,,565984.7326645999,,,,,
S_Income,79,,,,,,,,,,,0.0,,,,,
S_Income,80,,,,,,,,,,,582837.502242,,,,,
S_Income,81,,,,,,,,,,,1375850.543592,,,,,
S_Income,82,,,,,,,,,,,61060.827999999994,,,,,
S_Income,83,,,,,,,,,,,583997.2679906,,,,,
S_Income,84,,,,,,,,,,,263443.262,,,,,
S_Income,85,,,,,,,,,,,340699.8712,,,,,
S_Income,86,,,,,,,,,,,285485.9735528,,,,,
S_Income,87,,,,,,,,,,,248502.30974,,,,,
S_Income,88,,,,,,,,,,,340024.13269999996,,,,,
S_Income,89,,,,,,,,,,,549735.9606,,,,,
S_Income,90,,,,,,,,,,,1247098.34195,,,,,
S_Income,91,,,,,,,,,,,0.0,,,,,
S_Income,92,,,,,,,,,,,0.0,,,,,
S_Income,93,,,,,,,,,,,439873.348,,,,,
S_Income,94,,,,,,,,,,,1085411.134544,,,,,
GLM_EfCost,1,,,,,,,,,,,0.6685287123544809,,,,,
GLM_EfCost,2,,,,,,,,,,,3.310984047273399,,,,,
GLM_EfCost,3,,,,,,,,,,,0.9500276163668089,,,,,
GLM_EfCost,4,,,,,,,,,,,0.3482269646697597,,,,,
GLM_EfCost,5,,,,,,,,,,,-0.5822850941506631,,,,,
GLM_EfCost,6,,,,,,,,,,,1.8682854394329227,,,,,
GLM_EfCost,7,,,,,,,,,,,0.3466479699049742,,,,,
GLM_EfCost,8,,,,,,,,,,,1.0,,,,,
GLM_EfCost,9,,,,,,,,,,,0.461978372973979,,,,,
GLM_EfCost,10,,,,,,,,,,,-0.8279356530970983,,,,,
GLM_EfCost,11,,,,,,,,,,,1.0031459997683148,,,,,
GLM_EfCost,12,,,,,,,,,,,1.4469359826807895,,,,,
GLM_EfCost,13,,,,,,,,,,,-0.998430081070691,,,,,
GLM_EfCost,14,,,,,,,,,,,-0.6882365174496858,,,,,
GLM_EfCost,15,,,,,,,,,,,0.05206232823128451,,,,,
GLM_EfCost,16,,,,,,,,,,,-0.34873550509596596,,,,,
GLM_EfCost,17,,,,,,,,,,,3.9570227570071963,,,,,
GLM_EfCost,18,,,,,,,,,,,-0.4996386961983916,,,,,
GLM_EfCost,19,,,,,,,,,,,1.1938154065461357,,,,,
GLM_EfCost,20,,,,,,,,,,,-0.08054165536381042,,,,,
GLM_EfCost,21,,,,,,,,,,,1.0058603555870165,,,,,
GLM_EfCost,22,,,,,,,,,,,2.2636897515406096,,,,,
GLM_EfCost,23,,,,,,,,,,,-0.12698010560361273,,,,,
GLM_EfCost,24,,,,,,,,,,,1.9358664807841477,,,,,
GLM_EfCost,25,,,,,,,,,,,2.700580379791306,,,,,
GLM_EfCost,26,,,,,,,,,,,-1.0,,,,,
GLM_EfCost,27,,,,,,,,,,,1.0053069382339377,,,,,
GLM_EfCost,28,,,,,,,,,,,-0.31693171756100386,,,,,
GLM_EfCost,29,,,,,,,,,,,2.610712573599402,,,,,
GLM_EfCost,30,,,,,,,,,,,0.5077919264647255,,,,,
GLM_EfCost,31,,,,,,,,,,,8.878047855830374,,,,,
GLM_EfCost,32,,,,,,,,,,,0.41325960487123115,,,,,
GLM_EfCost,33,,,,,,,,,,,-0.9475147541728416,,,,,
GLM_EfCost,34,,,,,,,,,,,2.0600100717618393,,,,,
GLM_EfCost,35,,,,,,,,,,,1.1210921422376245,,,,,
GLM_EfCost,36,,,,,,,,,,,0.07999131164058775,,,,,
GLM_EfCost,37,,,,,,,,,,,-0.4457484128406821,,,,,
GLM_EfCost,38,,,,,,,,,,,9.843147059960085,,,,,
GLM_EfCost,39,,,,,,,,,,,1.023376115418417,,,,,
GLM_EfCost,40,,,,,,,,,,,-0.36522730791020286,,,,,
GLM_EfCost,41,,,,,,,,,,,0.7513409306067832,,,,,
GLM_EfCost,42,,,,,,,,,,,-0.8452978460757463,,,,,
GLM_EfCost,43,,,,,,,,,,,1.0425201515677738,,,,,
GLM_EfCost,44,,,,,,,,,,,3.19756646221339,,,,,
GLM_EfCost,45,,,,,,,,,,,-0.599574231643486,,,,,
GLM_EfCost,46,,,,,,,,,,,0.19325358257611638,,,,,
GLM_EfCost,47,,,,,,,,,,,2.5016953976417677,,,,,
GLM_EfCost,48,,,,,,,,,,,2.5506247635679653,,,,,
GLM_EfCost,49,,,,,,,,,,,-0.9998076085178745,,,,,
GLM_EfCost,50,,,,,,,,,,,-1.0,,,,,
GLM_EfCost,51,,,,,,,,,,,1.0077659832135077,,,,,
GLM_EfCost,52,,,,,,,,,,,-0.4909837080332087,,,,,
GLM_EfCost,53,,,,,,,,,,,-0.6144156712326738,,,,,
GLM_EfCost,54,,,,,,,,,,,0.3833023461517559,,,,,
GLM_EfCost,55,,,,,,,,,,,-0.46061604899098546,,,,,
GLM_EfCost,56,,,,,,,,,,,1.0139880925428624,,,,,
GLM_EfCost,57,,,,,,,,,,,0.8602583573811605,,,,,
GLM_EfCost,58,,,,,,,,,,,,,,,,
GLM_EfCost,59,,,,,,,,,,,6.322492527867449,,,,,
GLM_EfCost,60,,,,,,,,,,,1.1310422652088514,,,,,
GLM_EfCost,61,,,,,,,,,,,1.0021336807419714,,,,,
GLM_EfCost,62,,,,,,,,,,,-0.1922894983833199,,,,,
GLM_EfCost,63,,,,,,,,,,,0.2520600079658554,,,,,
GLM_EfCost,64,,,,,,,,,,,1.2711853617085398,,,,,
GLM_EfCost,65,,,,,,,,,,,0.9125247713259279,,,,,
GLM_EfCost,66,,,,,,,,,,,1.0,,,,,
GLM_EfCost,67,,,,,,,,,,,-0.45898730581941033,,,,,
GLM_EfCost,68,,,,,,,,,,,0.18944956112646624,,,,,
GLM_EfCost,69,,,,,,,,,,,1.0,,,,,
GLM_EfCost,70,,,,,,,,,,,1.0,,,,,
GLM_EfCost,71,,,,,,,,,,,-0.3913105982279088,,,,,
GLM_EfCost,72,,,,,,,,,,,-0.8421736555080059,,,,,
GLM_EfCost,73,,,,,,,,,,,1.7486544389881333,,,,,
GLM_EfCost,74,,,,,,,,,,,-0.04600774836111309,,,,,
GLM_EfCost,75,,,,,,,,,,,-1.0,,,,,
GLM_EfCost,76,,,,,,,,,,,1.0,,,,,
GLM_EfCost,77,,,,,,,,,,,1.2824713287735072,,,,,
GLM_EfCost,78,,,,,,,,,,,1.0,,,,,
GLM_EfCost,79,,,,,,,,,,,-0.9991739461931402,,,,,
GLM_EfCost,80,,,,,,,,,,,-0.17030431520405634,,,,,
GLM_EfCost,81,,,,,,,,,,,0.18759284835063222,,,,,
GLM_EfCost,82,,,,,,,,,,,-0.39145424900250486,,,,,
GLM_EfCost,83,,,,,,,,,,,1.0,,,,,
GLM_EfCost,84,,,,,,,,,,,1.0,,,,,
GLM_EfCost,85,,,,,,,,,,,-0.013658055118661467,,,,,
GLM_EfCost,86,,,,,,,,,,,1.0,,,,,
GLM_EfCost,87,,,,,,,,,,,19.216478376281234,,,,,
GLM_EfCost,88,,,,,,,,,,,1.0,,,,,
GLM_EfCost,89,,,,,,,,,,,-0.8221575548969268,,,,,
GLM_EfCost,90,,,,,,,,,,,21.552327698103188,,,,,
GLM_EfCost,91,,,,,,,,,,,-0.07598583591614753,,,,,
GLM_EfCost,92,,,,,,,,,,,0.8614475251387592,,,,,
GLM_EfCost,93,,,,,,,,,,,1.0,,,,,
GLM_EfCost,94,,,,,,,,,,,2.7839544792795508,,,,,
EfCost,1,,,,,,,,,,,-1553088.1248469998,,,,,
EfCost,2,,,,,,,,,,,-31221.956089846775,,,,,
EfCost,3,,,,,,,,,,,-345116.53450009815,,,,,
EfCost,4,,,,,,,,,,,-2499824.4217719994,,,,,
EfCost,5,,,,,,,,,,,-2960097.335971002,,,,,
EfCost,6,,,,,,,,,,,-899357.3225859994,,,,,
EfCost,7,,,,,,,,,,,-262182.00679165917,,,,,
EfCost,8,,,,,,,,,,,148823.91911199992,,,,,
EfCost,9,,,,,,,,,,,-44909.86144099999,,,,,
EfCost,10,,,,,,,,,,,-159408.387,,,,,
EfCost,11,,,,,,,,,,,39504.519287799994,,,,,
EfCost,12,,,,,,,,,,,92561.44216999994,,,,,
EfCost,13,,,,,,,,,,,-50075.877507000114,,,,,
EfCost,14,,,,,,,,,,,-515314.37770000007,,,,,
EfCost,15,,,,,,,,,,,-94368.6623728,,,,,
EfCost,16,,,,,,,,,,,-207362.6937392,,,,,
EfCost,17,,,,,,,,,,,15202.562297199998,,,,,
EfCost,18,,,,,,,,,,,-98511.83060220003,,,,,
EfCost,19,,,,,,,,,,,1017568.4362999994,,,,,
EfCost,20,,,,,,,,,,,-523775.09691595094,,,,,
EfCost,21,,,,,,,,,,,13022.520470000045,,,,,
EfCost,22,,,,,,,,,,,-90784.74608639994,,,,,
EfCost,23,,,,,,,,,,,-188812.7714592,,,,,
EfCost,24,,,,,,,,,,,618016.2043835399,,,,,
EfCost,25,,,,,,,,,,,41141.695072000075,,,,,
EfCost,26,,,,,,,,,,,-16569.962244799965,,,,,
EfCost,27,,,,,,,,,,,14030.93133999997,,,,,
EfCost,28,,,,,,,,,,,-673900.4867219998,,,,,
EfCost,29,,,,,,,,,,,-1027865.1384960003,,,,,
EfCost,30,,,,,,,,,,,-187007.2541876,,,,,
EfCost,31,,,,,,,,,,,-203733.98720599985,,,,,
EfCost,32,,,,,,,,,,,-3233795.107441999,,,,,
EfCost,33,,,,,,,,,,,-313556.69084975997,,,,,
EfCost,34,,,,,,,,,,,53371.81404999997,,,,,
EfCost,35,,,,,,,,,,,-6040.808323999983,,,,,
EfCost,36,,,,,,,,,,,-252019.73997599992,,,,,
EfCost,37,,,,,,,,,,,-14621.293267800002,,,,,
EfCost,38,,,,,,,,,,,12699.183894000162,,,,,
EfCost,39,,,,,,,,,,,25074.317631500147,,,,,
EfCost,40,,,,,,,,,,,-876769.285975,,,,,
EfCost,41,,,,,,,,,,,-264685.802684,,,,,
EfCost,42,,,,,,,,,,,-859286.49749174,,,,,
EfCost,43,,,,,,,,,,,80851.15725400002,,,,,
EfCost,44,,,,,,,,,,,-389777.95840280014,,,,,
EfCost,45,,,,,,,,,,,-291429.2965684001,,,,,
EfCost,46,,,,,,,,,,,-44477.50370999999,,,,,
EfCost,47,,,,,,,,,,,45465.53095800004,,,,,
EfCost,48,,,,,,,,,,,91100.4152900002,,,,,
EfCost,49,,,,,,,,,,,-70557.25050836001,,,,,
EfCost,50,,,,,,,,,,,-58423.707443000014,,,,,
EfCost,51,,,,,,,,,,,19860.310772000063,,,,,
EfCost,52,,,,,,,,,,,-133427.86207799998,,,,,
EfCost,53,,,,,,,,,,,-640084.7015463924,,,,,
EfCost,54,,,,,,,,,,,-13627.959321000006,,,,,
EfCost,55,,,,,,,,,,,-500748.89973039995,,,,,
EfCost,56,,,,,,,,,,,14099.16609900006,,,,,
EfCost,57,,,,,,,,,,,-352738.3625828001,,,,,
EfCost,58,,,,,,,,,,,0.0,,,,,
EfCost,59,,,,,,,,,,,-19261.70656999995,,,,,
EfCost,60,,,,,,,,,,,-151878.91138999996,,,,,
EfCost,61,,,,,,,,,,,27470.845635999955,,,,,
EfCost,62,,,,,,,,,,,-206713.61789380005,,,,,
EfCost,63,,,,,,,,,,,-17352.66640590001,,,,,
EfCost,64,,,,,,,,,,,-96983.11493599997,,,,,
EfCost,65,,,,,,,,,,,-182300.85405339987,,,,,
EfCost,66,,,,,,,,,,,189630.5612812001,,,,,
EfCost,67,,,,,,,,,,,-384294.180592,,,,,
EfCost,68,,,,,,,,,,,-100162.34523199999,,,,,
EfCost,69,,,,,,,,,,,56775.17719899998,,,,,
EfCost,70,,,,,,,,,,,173796.59700000007,,,,,
EfCost,71,,,,,,,,,,,-168055.07653360002,,,,,
EfCost,72,,,,,,,,,,,-446214.60014600004,,,,,
EfCost,73,,,,,,,,,,,-44209.13884639996,,,,,
EfCost,74,,,,,,,,,,,-80043.56835059996,,,,,
EfCost,75,,,,,,,,,,,-15937.183999999994,,,,,
EfCost,76,,,,,,,,,,,40821.257008,,,,,
EfCost,77,,,,,,,,,,,-49667.84959,,,,,
EfCost,78,,,,,,,,,,,43086.33245060002,,,,,
EfCost,79,,,,,,,,,,,-337263.450984,,,,,
EfCost,80,,,,,,,,,,,-53158.07808599998,,,,,
EfCost,81,,,,,,,,,,,-147743.85004259998,,,,,
EfCost,82,,,,,,,,,,,-139805.790872,,,,,
EfCost,83,,,,,,,,,,,10553.355145339978,,,,,
EfCost,84,,,,,,,,,,,4607.233519999976,,,,,
EfCost,85,,,,,,,,,,,-236704.31254759998,,,,,
EfCost,86,,,,,,,,,,,47002.975722800016,,,,,
EfCost,87,,,,,,,,,,,-4834.658260000026,,,,,
EfCost,88,,,,,,,,,,,8056.224421999999,,,,,
EfCost,89,,,,,,,,,,,-211052.86073999995,,,,,
EfCost,90,,,,,,,,,,,-13353.736895199938,,,,,
EfCost,91,,,,,,,,,,,-99107.01,,,,,
EfCost,92,,,,,,,,,,,-412784.45639999997,,,,,
EfCost,93,,,,,,,,,,,77062.48600000003,,,,,
EfCost,94,,,,,,,,,,,132662.87394260018,,,,,
GLM,1,,,,,,,,,,,1038284.004277,,,,,
GLM,2,,,,,,,,,,,103375.39853815323,,,,,
GLM,3,,,,,,,,,,,327870.2386399018,,,,,
GLM,4,,,,,,,,,,,870506.2706010006,,,,,
GLM,5,,,,,,,,,,,-1726835.395599002,,,,,
GLM,6,,,,,,,,,,,1680256.1906348006,,,,,
GLM,7,,,,,,,,,,,90884.86039994081,,,,,
GLM,8,,,,,,,,,,,148823.91911199992,,,,,
GLM,9,,,,,,,,,,,20747.38471900001,,,,,
GLM,10,,,,,,,,,,,-132051.20109999998,,,,,
GLM,11,,,,,,,,,,,39628.800496326796,,,,,
GLM,12,,,,,,,,,,,133930.48128459993,,,,,
GLM,13,,,,,,,,,,,-49997.466838176915,,,,,
GLM,14,,,,,,,,,,,-355075.8788330001,,,,,
GLM,15,,,,,,,,,,,4913.0522751999815,,,,,
GLM,16,,,,,,,,,,,-72665.85843520003,,,,,
GLM,17,,,,,,,,,,,60156.884974839995,,,,,
GLM,18,,,,,,,,,,,-49348.48052300004,,,,,
GLM,19,,,,,,,,,,,1214788.8764699993,,,,,
GLM,20,,,,,,,,,,,-43437.845741238154,,,,,
GLM,21,,,,,,,,,,,13098.837070593445,,,,,
GLM,22,,,,,,,,,,,205508.499312,,,,,
GLM,23,,,,,,,,,,,-24404.042654280027,,,,,
GLM,24,,,,,,,,,,,1196396.8546475398,,,,,
GLM,25,,,,,,,,,,,111106.45450280006,,,,,
GLM,26,,,,,,,,,,,-16569.962244799965,,,,,
GLM,27,,,,,,,,,,,14105.39262598597,,,,,
GLM,28,,,,,,,,,,,-214777.2708467999,,,,,
GLM,29,,,,,,,,,,,2683460.441035999,,,,,
GLM,30,,,,,,,,,,,94960.77386680001,,,,,
GLM,31,,,,,,,,,,,1808760.088274,,,,,
GLM,32,,,,,,,,,,,1336396.888336001,,,,,
GLM,33,,,,,,,,,,,-297142.37930975994,,,,,
GLM,34,,,,,,,,,,,109946.47449119997,,,,,
GLM,35,,,,,,,,,,,6772.302744800016,,,,,
GLM,36,,,,,,,,,,,20159.389560000098,,,,,
GLM,37,,,,,,,,,,,-6538.488342800002,,,,,
GLM,38,,,,,,,,,,,124999.93461012015,,,,,
GLM,39,,,,,,,,,,,25660.457774492148,,,,,
GLM,40,,,,,,,,,,,-321667.1138950001,,,,,
GLM,41,,,,,,,,,,,198869.27730699995,,,,,
GLM,42,,,,,,,,,,,-726698.65251894,,,,,
GLM,43,,,,,,,,,,,84288.96071487002,,,,,
GLM,44,,,,,,,,,,,1246340.9274987995,,,,,
GLM,45,,,,,,,,,,,-175036.90564840013,,,,,
GLM,46,,,,,,,,,,,8595.436936000006,,,,,
GLM,47,,,,,,,,,,,113740.90954896802,,,,,
GLM,48,,,,,,,,,,,232362.97521000018,,,,,
GLM,49,,,,,,,,,,,-70543.7111883564,,,,,
GLM,50,,,,,,,,,,,-58423.707443000014,,,,,
GLM,51,,,,,,,,,,,20014.545612070462,,,,,
GLM,52,,,,,,,,,,,-65687.49056255998,,,,,
GLM,53,,,,,,,,,,,-393919.76878439245,,,,,
GLM,54,,,,,,,,,,,5223.628780999992,,,,,
GLM,55,,,,,,,,,,,-231355.2291224,,,,,
GLM,56,,,,,,,,,,,14296.38653917006,,,,,
GLM,57,,,,,,,,,,,303446.1243807998,,,,,
GLM,58,,,,,,,,,,,0.0,,,,,
GLM,59,,,,,,,,,,,121781.99586280005,,,,,
GLM,60,,,,,,,,,,,171781.46797599999,,,,,
GLM,61,,,,,,,,,,,27529.459650299155,,,,,
GLM,62,,,,,,,,,,,-40182.96626980009,,,,,
GLM,63,,,,,,,,,,,4373.913232499988,,,,,
GLM,64,,,,,,,,,,,123283.51603954,,,,,
GLM,65,,,,,,,,,,,166354.04515760008,,,,,
GLM,66,,,,,,,,,,,189630.5612812001,,,,,
GLM,67,,,,,,,,,,,-176926.71147000004,,,,,
GLM,68,,,,,,,,,,,18975.712345599997,,,,,
GLM,69,,,,,,,,,,,56775.17719899998,,,,,
GLM,70,,,,,,,,,,,173796.59700000007,,,,,
GLM,71,,,,,,,,,,,-66027.69522800003,,,,,
GLM,72,,,,,,,,,,,-375973.28443592007,,,,,
GLM,73,,,,,,,,,,,77306.50688760002,,,,,
GLM,74,,,,,,,,,,,-3881.1628049999563,,,,,
GLM,75,,,,,,,,,,,-15937.183999999994,,,,,
GLM,76,,,,,,,,,,,40821.257008,,,,,
GLM,77,,,,,,,,,,,63697.59306100999,,,,,
GLM,78,,,,,,,,,,,43086.33245060002,,,,,
GLM,79,,,,,,,,,,,-336985.5775805698,,,,,
GLM,80,,,,,,,,,,,-9167.723158799985,,,,,
GLM,81,,,,,,,,,,,27715.689655780006,,,,,
GLM,82,,,,,,,,,,,-54948.774244000015,,,,,
GLM,83,,,,,,,,,,,10553.355145339978,,,,,
GLM,84,,,,,,,,,,,4607.233519999976,,,,,
GLM,85,,,,,,,,,,,-3839.946166800015,,,,,
GLM,86,,,,,,,,,,,47002.975722800016,,,,,
GLM,87,,,,,,,,,,,92905.10590999995,,,,,
GLM,88,,,,,,,,,,,8056.224421999999,,,,,
GLM,89,,,,,,,,,,,-173616.29274767995,,,,,
GLM,90,,,,,,,,,,,287804.1135596001,,,,,
GLM,91,,,,,,,,,,,-7768.82733059999,,,,,
GLM,92,,,,,,,,,,,355592.14838152804,,,,,
GLM,93,,,,,,,,,,,77062.48600000003,,,,,
GLM,94,,,,,,,,,,,369327.4021466002,,,,,
Free_GL,1,,,,,,,,,,,0.0,,,,,
Free_GL,2,,,,,,,,,,,72153.44244830645,,,,,
Free_GL,3,,,,,,,,,,,0.0,,,,,
Free_GL,4,,,,,,,,,,,0.0,,,,,
Free_GL,5,,,,,,,,,,,0.0,,,,,
Free_GL,6,,,,,,,,,,,780898.8680488012,,,,,
Free_GL,7,,,,,,,,,,,0.0,,,,,
Free_GL,8,,,,,,,,,,,148823.91911199992,,,,,
Free_GL,9,,,,,,,,,,,0.0,,,,,
Free_GL,10,,,,,,,,,,,0.0,,,,,
Free_GL,11,,,,,,,,,,,79133.3197841268,,,,,
Free_GL,12,,,,,,,,,,,226491.92345459986,,,,,
Free_GL,13,,,,,,,,,,,0.0,,,,,
Free_GL,14,,,,,,,,,,,0.0,,,,,
Free_GL,15,,,,,,,,,,,0.0,,,,,
Free_GL,16,,,,,,,,,,,0.0,,,,,
Free_GL,17,,,,,,,,,,,75359.44727204,,,,,
Free_GL,18,,,,,,,,,,,0.0,,,,,
Free_GL,19,,,,,,,,,,,2232357.312769999,,,,,
Free_GL,20,,,,,,,,,,,0.0,,,,,
Free_GL,21,,,,,,,,,,,26121.35754059349,,,,,
Free_GL,22,,,,,,,,,,,114723.75322560006,,,,,
Free_GL,23,,,,,,,,,,,0.0,,,,,
Free_GL,24,,,,,,,,,,,1814413.0590310795,,,,,
Free_GL,25,,,,,,,,,,,152248.14957480013,,,,,
Free_GL,26,,,,,,,,,,,-16569.962244799965,,,,,
Free_GL,27,,,,,,,,,,,28136.32396598594,,,,,
Free_GL,28,,,,,,,,,,,0.0,,,,,
Free_GL,29,,,,,,,,,,,1655595.3025399987,,,,,
Free_GL,30,,,,,,,,,,,0.0,,,,,
Free_GL,31,,,,,,,,,,,1605026.101068,,,,,
Free_GL,32,,,,,,,,,,,0.0,,,,,
Free_GL,33,,,,,,,,,,,0.0,,,,,
Free_GL,34,,,,,,,,,,,163318.28854119993,,,,,
Free_GL,35,,,,,,,,,,,731.4944208000325,,,,,
Free_GL,36,,,,,,,,,,,0.0,,,,,
Free_GL,37,,,,,,,,,,,0.0,,,,,
Free_GL,38,,,,,,,,,,,137699.11850412033,,,,,
Free_GL,39,,,,,,,,,,,50734.775405992295,,,,,
Free_GL,40,,,,,,,,,,,0.0,,,,,
Free_GL,41,,,,,,,,,,,0.0,,,,,
Free_GL,42,,,,,,,,,,,0.0,,,,,
Free_GL,43,,,,,,,,,,,165140.11796887004,,,,,
Free_GL,44,,,,,,,,,,,856562.9690959994,,,,,
Free_GL,45,,,,,,,,,,,0.0,,,,,
Free_GL,46,,,,,,,,,,,0.0,,,,,
Free_GL,47,,,,,,,,,,,159206.44050696807,,,,,
Free_GL,48,,,,,,,,,,,323463.3905000004,,,,,
Free_GL,49,,,,,,,,,,,0.0,,,,,
Free_GL,50,,,,,,,,,,,0.0,,,,,
Free_GL,51,,,,,,,,,,,39874.856384070525,,,,,
Free_GL,52,,,,,,,,,,,0.0,,,,,
Free_GL,53,,,,,,,,,,,0.0,,,,,
Free_GL,54,,,,,,,,,,,0.0,,,,,
Free_GL,55,,,,,,,,,,,0.0,,,,,
Free_GL,56,,,,,,,,,,,28395.55263817012,,,,,
Free_GL,57,,,,,,,,,,,0.0,,,,,
Free_GL,58,,,,,,,,,,,0.0,,,,,
Free_GL,59,,,,,,,,,,,102520.2892928001,,,,,
Free_GL,60,,,,,,,,,,,19902.55658600002,,,,,
Free_GL,61,,,,,,,,,,,55000.30528629911,,,,,
Free_GL,62,,,,,,,,,,,0.0,,,,,
Free_GL,63,,,,,,,,,,,0.0,,,,,
Free_GL,64,,,,,,,,,,,26300.401103540033,,,,,
Free_GL,65,,,,,,,,,,,0.0,,,,,
Free_GL,66,,,,,,,,,,,189630.5612812001,,,,,
Free_GL,67,,,,,,,,,,,0.0,,,,,
Free_GL,68,,,,,,,,,,,0.0,,,,,
Free_GL,69,,,,,,,,,,,56775.17719899998,,,,,
Free_GL,70,,,,,,,,,,,173796.59700000007,,,,,
Free_GL,71,,,,,,,,,,,0.0,,,,,
Free_GL,72,,,,,,,,,,,0.0,,,,,
Free_GL,73,,,,,,,,,,,33097.368041200054,,,,,
Free_GL,74,,,,,,,,,,,0.0,,,,,
Free_GL,75,,,,,,,,,,,-15937.183999999994,,,,,
Free_GL,76,,,,,,,,,,,40821.257008,,,,,
Free_GL,77,,,,,,,,,,,14029.743471009991,,,,,
Free_GL,78,,,,,,,,,,,43086.33245060002,,,,,
Free_GL,79,,,,,,,,,,,0.0,,,,,
Free_GL,80,,,,,,,,,,,0.0,,,,,
Free_GL,81,,,,,,,,,,,0.0,,,,,
Free_GL,82,,,,,,,,,,,0.0,,,,,
Free_GL,83,,,,,,,,,,,10553.355145339978,,,,,
Free_GL,84,,,,,,,,,,,4607.233519999976,,,,,
Free_GL,85,,,,,,,,,,,0.0,,,,,
Free_GL,86,,,,,,,,,,,47002.975722800016,,,,,
Free_GL,87,,,,,,,,,,,88070.44764999993,,,,,
Free_GL,88,,,,,,,,,,,8056.224421999999,,,,,
Free_GL,89,,,,,,,,,,,0.0,,,,,
Free_GL,90,,,,,,,,,,,274450.37666440016,,,,,
Free_GL,91,,,,,,,,,,,0.0,,,,,
Free_GL,92,,,,,,,,,,,0.0,,,,,
Free_GL,93,,,,,,,,,,,77062.48600000003,,,,,
Free_GL,94,,,,,,,,,,,501990.2760892004,,,,,
Total_Bn,1,,,,,,,,,,,15600,,,,,
Total_Bn,2,,,,,,,,,,,27970,,,,,
Total_Bn,3,,,,,,,,,,,1330000,,,,,
Total_Bn,4,,,,,,,,,,,25700,,,,,
Total_Bn,5,,,,,,,,,,,2530000,,,,,
Total_Bn,6,,,,,,,,,,,11100,,,,,
Total_Bn,7,,,,,,,,,,,2590,,,,,
Total_Bn,8,,,,,,,,,,,11900,,,,,
Total_Bn,9,,,,,,,,,,,50990,,,,,
Total_Bn,10,,,,,,,,,,,12500,,,,,
Total_Bn,11,,,,,,,,,,,5600,,,,,
Total_Bn,12,,,,,,,,,,,18990,,,,,
Total_Bn,13,,,,,,,,,,,17000,,,,,
Total_Bn,14,,,,,,,,,,,150000,,,,,
Total_Bn,15,,,,,,,,,,,5040,,,,,
Total_Bn,16,,,,,,,,,,,26300,,,,,
Total_Bn,17,,,,,,,,,,,7540,,,,,
Total_Bn,18,,,,,,,,,,,18000,,,,,
Total_Bn,19,,,,,,,,,,,424700,,,,,
Total_Bn,20,,,,,,,,,,,146135,,,,,
Total_Bn,21,,,,,,,,,,,5990,,,,,
Total_Bn,22,,,,,,,,,,,53800,,,,,
Total_Bn,23,,,,,,,,,,,29400,,,,,
Total_Bn,24,,,,,,,,,,,1060000,,,,,
Total_Bn,25,,,,,,,,,,,23900,,,,,
Total_Bn,26,,,,,,,,,,,18000,,,,,
Total_Bn,27,,,,,,,,,,,27000,,,,,
Total_Bn,28,,,,,,,,,,,16800,,,,,
Total_Bn,29,,,,,,,,,,,17590,,,,,
Total_Bn,30,,,,,,,,,,,24279,,,,,
Total_Bn,31,,,,,,,,,,,66000,,,,,
Total_Bn,32,,,,,,,,,,,102000,,,,,
Total_Bn,33,,,,,,,,,,,75000,,,,,
Total_Bn,34,,,,,,,,,,,18000,,,,,
Total_Bn,35,,,,,,,,,,,39200,,,,,
Total_Bn,36,,,,,,,,,,,62500,,,,,
Total_Bn,37,,,,,,,,,,,22012,,,,,
Total_Bn,38,,,,,,,,,,,30999,,,,,
Total_Bn,39,,,,,,,,,,,85864,,,,,
Total_Bn,40,,,,,,,,,,,11669,,,,,
Total_Bn,41,,,,,,,,,,,42132,,,,,
Total_Bn,42,,,,,,,,,,,25000,,,,,
Total_Bn,43,,,,,,,,,,,2009,,,,,
Total_Bn,44,,,,,,,,,,,9800,,,,,
Total_Bn,45,,,,,,,,,,,8700,,,,,
Total_Bn,46,,,,,,,,,,,7235,,,,,
Total_Bn,47,,,,,,,,,,,25500,,,,,
Total_Bn,48,,,,,,,,,,,74391,,,,,
Total_Bn,49,,,,,,,,,,,25000,,,,,
Total_Bn,50,,,,,,,,,,,13750,,,,,
Total_Bn,51,,,,,,,,,,,6090,,,,,
Total_Bn,52,,,,,,,,,,,26100,,,,,
Total_Bn,53,,,,,,,,,,,505000,,,,,
Total_Bn,54,,,,,,,,,,,35000,,,,,
Total_Bn,55,,,,,,,,,,,27560,,,,,
Total_Bn,56,,,,,,,,,,,66000,,,,,
Total_Bn,57,,,,,,,,,,,54000,,,,,
Total_Bn,58,,,,,,,,,,,0,,,,,
Total_Bn,59,,,,,,,,,,,47490,,,,,
Total_Bn,60,,,,,,,,,,,63600,,,,,
Total_Bn,61,,,,,,,,,,,56000,,,,,
Total_Bn,62,,,,,,,,,,,8179,,,,,
Total_Bn,63,,,,,,,,,,,2038,,,,,
Total_Bn,64,,,,,,,,,,,4390,,,,,
Total_Bn,65,,,,,,,,,,,11790,,,,,
Total_Bn,66,,,,,,,,,,,2210,,,,,
Total_Bn,67,,,,,,,,,,,166000,,,,,
Total_Bn,68,,,,,,,,,,,6530,,,,,
Total_Bn,69,,,,,,,,,,,23990,,,,,
Total_Bn,70,,,,,,,,,,,375000,,,,,
Total_Bn,71,,,,,,,,,,,9699,,,,,
Total_Bn,72,,,,,,,,,,,215000,,,,,
Total_Bn,73,,,,,,,,,,,66000,,,,,
Total_Bn,74,,,,,,,,,,,78000,,,,,
Total_Bn,75,,,,,,,,,,,56000,,,,,
Total_Bn,76,,,,,,,,,,,21390,,,,,
Total_Bn,77,,,,,,,,,,,5580,,,,,
Total_Bn,78,,,,,,,,,,,1200,,,,,
Total_Bn,79,,,,,,,,,,,15518,,,,,
Total_Bn,80,,,,,,,,,,,20300,,,,,
Total_Bn,81,,,,,,,,,,,3430,,,,,
Total_Bn,82,,,,,,,,,,,13700,,,,,
Total_Bn,83,,,,,,,,,,,5590,,,,,
Total_Bn,84,,,,,,,,,,,24000,,,,,
Total_Bn,85,,,,,,,,,,,9590,,,,,
Total_Bn,86,,,,,,,,,,,10300,,,,,
Total_Bn,87,,,,,,,,,,,65000,,,,,
Total_Bn,88,,,,,,,,,,,9990,,,,,
Total_Bn,89,,,,,,,,,,,8500,,,,,
Total_Bn,90,,,,,,,,,,,10250,,,,,
Total_Bn,91,,,,,,,,,,,5000,,,,,
Total_Bn,92,,,,,,,,,,,77100,,,,,
Total_Bn,93,,,,,,,,,,,500,,,,,
Total_Bn,94,,,,,,,,,,,88000,,,,,
Add_B,1,,,,,,,,,,,10600,,,,,
Add_B,2,,,,,,,,,,,18970,,,,,
Add_B,3,,,,,,,,,,,930000,,,,,
Add_B,4,,,,,,,,,,,17700,,,,,
Add_B,5,,,,,,,,,,,81950,,,,,
Add_B,6,,,,,,,,,,,10600,,,,,
Add_B,7,,,,,,,,,,,2400,,,,,
Add_B,8,,,,,,,,,,,6900,,,,,
Add_B,9,,,,,,,,,,,40990,,,,,
Add_B,10,,,,,,,,,,,0,,,,,
Add_B,11,,,,,,,,,,,5500,,,,,
Add_B,12,,,,,,,,,,,13990,,,,,
Add_B,13,,,,,,,,,,,15000,,,,,
Add_B,14,,,,,,,,,,,110000,,,,,
Add_B,15,,,,,,,,,,,4690,,,,,
Add_B,16,,,,,,,,,,,26050,,,,,
Add_B,17,,,,,,,,,,,6540,,,,,
Add_B,18,,,,,,,,,,,16111,,,,,
Add_B,19,,,,,,,,,,,84700,,,,,
Add_B,20,,,,,,,,,,,126135,,,,,
Add_B,21,,,,,,,,,,,4990,,,,,
Add_B,22,,,,,,,,,,,41800,,,,,
Add_B,23,,,,,,,,,,,28400,,,,,
Add_B,24,,,,,,,,,,,560000,,,,,
Add_B,25,,,,,,,,,,,18900,,,,,
Add_B,26,,,,,,,,,,,15724,,,,,
Add_B,27,,,,,,,,,,,25000,,,,,
Add_B,28,,,,,,,,,,,16600,,,,,
Add_B,29,,,,,,,,,,,7590,,,,,
Add_B,30,,,,,,,,,,,20079,,,,,
Add_B,31,,,,,,,,,,,51000,,,,,
Add_B,32,,,,,,,,,,,62000,,,,,
Add_B,33,,,,,,,,,,,48333,,,,,
Add_B,34,,,,,,,,,,,15000,,,,,
Add_B,35,,,,,,,,,,,33200,,,,,
Add_B,36,,,,,,,,,,,17500,,,,,
Add_B,37,,,,,,,,,,,19012,,,,,
Add_B,38,,,,,,,,,,,28299,,,,,
Add_B,39,,,,,,,,,,,55864,,,,,
Add_B,40,,,,,,,,,,,10169,,,,,
Add_B,41,,,,,,,,,,,29632,,,,,
Add_B,42,,,,,,,,,,,9000,,,,,
Add_B,43,,,,,,,,,,,1509,,,,,
Add_B,44,,,,,,,,,,,7800,,,,,
Add_B,45,,,,,,,,,,,8000,,,,,
Add_B,46,,,,,,,,,,,0,,,,,
Add_B,47,,,,,,,,,,,15500,,,,,
Add_B,48,,,,,,,,,,,54391,,,,,
Add_B,49,,,,,,,,,,,20000,,,,,
Add_B,50,,,,,,,,,,,13000,,,,,
Add_B,51,,,,,,,,,,,5890,,,,,
Add_B,52,,,,,,,,,,,25300,,,,,
Add_B,53,,,,,,,,,,,109969,,,,,
Add_B,54,,,,,,,,,,,25000,,,,,
Add_B,55,,,,,,,,,,,25560,,,,,
Add_B,56,,,,,,,,,,,46000,,,,,
Add_B,57,,,,,,,,,,,44000,,,,,
Add_B,58,,,,,,,,,,,0,,,,,
Add_B,59,,,,,,,,,,,37490,,,,,
Add_B,60,,,,,,,,,,,56300,,,,,
Add_B,61,,,,,,,,,,,46000,,,,,
Add_B,62,,,,,,,,,,,7179,,,,,
Add_B,63,,,,,,,,,,,1993,,,,,
Add_B,64,,,,,,,,,,,3890,,,,,
Add_B,65,,,,,,,,,,,9790,,,,,
Add_B,66,,,,,,,,,,,2050,,,,,
Add_B,67,,,,,,,,,,,165150,,,,,
Add_B,68,,,,,,,,,,,4740,,,,,
Add_B,69,,,,,,,,,,,20090,,,,,
Add_B,70,,,,,,,,,,,175000,,,,,
Add_B,71,,,,,,,,,,,9199,,,,,
Add_B,72,,,,,,,,,,,185000,,,,,
Add_B,73,,,,,,,,,,,58700,,,,,
Add_B,74,,,,,,,,,,,68000,,,,,
Add_B,75,,,,,,,,,,,44000,,,,,
Add_B,76,,,,,,,,,,,16390,,,,,
Add_B,77,,,,,,,,,,,5030,,,,,
Add_B,78,,,,,,,,,,,890,,,,,
Add_B,79,,,,,,,,,,,10165,,,,,
Add_B,80,,,,,,,,,,,18200,,,,,
Add_B,81,,,,,,,,,,,3100,,,,,
Add_B,82,,,,,,,,,,,11100,,,,,
Add_B,83,,,,,,,,,,,5390,,,,,
Add_B,84,,,,,,,,,,,16300,,,,,
Add_B,85,,,,,,,,,,,8490,,,,,
Add_B,86,,,,,,,,,,,9000,,,,,
Add_B,87,,,,,,,,,,,58000,,,,,
Add_B,88,,,,,,,,,,,7290,,,,,
Add_B,89,,,,,,,,,,,8050,,,,,
Add_B,90,,,,,,,,,,,8250,,,,,
Add_B,91,,,,,,,,,,,0,,,,,
Add_B,92,,,,,,,,,,,0,,,,,
Add_B,93,,,,,,,,,,,0,,,,,
Add_B,94,,,,,,,,,,,38000,,,,,
Total_S,1,,,,,,,,,,,5600,,,,,
Total_S,2,,,,,,,,,,,22970,,,,,
Total_S,3,,,,,,,,,,,510000,,,,,
Total_S,4,,,,,,,,,,,11200,,,,,
Total_S,5,,,,,,,,,,,0,,,,,
Total_S,6,,,,,,,,,,,9000,,,,,
Total_S,7,,,,,,,,,,,1590,,,,,
Total_S,8,,,,,,,,,,,11900,,,,,
Total_S,9,,,,,,,,,,,25990,,,,,
Total_S,10,,,,,,,,,,,0,,,,,
Total_S,11,,,,,,,,,,,5599,,,,,
Total_S,12,,,,,,,,,,,18490,,,,,
Total_S,13,,,,,,,,,,,16999,,,,,
Total_S,14,,,,,,,,,,,65000,,,,,
Total_S,15,,,,,,,,,,,4040,,,,,
Total_S,16,,,,,,,,,,,18300,,,,,
Total_S,17,,,,,,,,,,,7240,,,,,
Total_S,18,,,,,,,,,,,14000,,,,,
Total_S,19,,,,,,,,,,,414700,,,,,
Total_S,20,,,,,,,,,,,20000,,,,,
Total_S,21,,,,,,,,,,,5989,,,,,
Total_S,22,,,,,,,,,,,41800,,,,,
Total_S,23,,,,,,,,,,,20400,,,,,
Total_S,24,,,,,,,,,,,910000,,,,,
Total_S,25,,,,,,,,,,,22900,,,,,
Total_S,26,,,,,,,,,,,18000,,,,,
Total_S,27,,,,,,,,,,,26990,,,,,
Total_S,28,,,,,,,,,,,7800,,,,,
Total_S,29,,,,,,,,,,,7590,,,,,
Total_S,30,,,,,,,,,,,21279,,,,,
Total_S,31,,,,,,,,,,,49000,,,,,
Total_S,32,,,,,,,,,,,57000,,,,,
Total_S,33,,,,,,,,,,,0,,,,,
Total_S,34,,,,,,,,,,,17000,,,,,
Total_S,35,,,,,,,,,,,37200,,,,,
Total_S,36,,,,,,,,,,,17500,,,,,
Total_S,37,,,,,,,,,,,12012,,,,,
Total_S,38,,,,,,,,,,,27299,,,,,
Total_S,39,,,,,,,,,,,85854,,,,,
Total_S,40,,,,,,,,,,,7669,,,,,
Total_S,41,,,,,,,,,,,19632,,,,,
Total_S,42,,,,,,,,,,,9000,,,,,
Total_S,43,,,,,,,,,,,1999,,,,,
Total_S,44,,,,,,,,,,,5300,,,,,
Total_S,45,,,,,,,,,,,5700,,,,,
Total_S,46,,,,,,,,,,,2235,,,,,
Total_S,47,,,,,,,,,,,23600,,,,,
Total_S,48,,,,,,,,,,,72391,,,,,
Total_S,49,,,,,,,,,,,24999,,,,,
Total_S,50,,,,,,,,,,,10750,,,,,
Total_S,51,,,,,,,,,,,6089,,,,,
Total_S,52,,,,,,,,,,,14400,,,,,
Total_S,53,,,,,,,,,,,0,,,,,
Total_S,54,,,,,,,,,,,25000,,,,,
Total_S,55,,,,,,,,,,,11560,,,,,
Total_S,56,,,,,,,,,,,65990,,,,,
Total_S,57,,,,,,,,,,,27000,,,,,
Total_S,58,,,,,,,,,,,0,,,,,
Total_S,59,,,,,,,,,,,45490,,,,,
Total_S,60,,,,,,,,,,,45600,,,,,
Total_S,61,,,,,,,,,,,55999,,,,,
Total_S,62,,,,,,,,,,,6979,,,,,
Total_S,63,,,,,,,,,,,1478,,,,,
Total_S,64,,,,,,,,,,,3540,,,,,
Total_S,65,,,,,,,,,,,10290,,,,,
Total_S,66,,,,,,,,,,,2210,,,,,
Total_S,67,,,,,,,,,,,56000,,,,,
Total_S,68,,,,,,,,,,,5330,,,,,
Total_S,69,,,,,,,,,,,23990,,,,,
Total_S,70,,,,,,,,,,,375000,,,,,
Total_S,71,,,,,,,,,,,7699,,,,,
Total_S,72,,,,,,,,,,,95000,,,,,
Total_S,73,,,,,,,,,,,61000,,,,,
Total_S,74,,,,,,,,,,,58000,,,,,
Total_S,75,,,,,,,,,,,56000,,,,,
Total_S,76,,,,,,,,,,,21390,,,,,
Total_S,77,,,,,,,,,,,5030,,,,,
Total_S,78,,,,,,,,,,,1200,,,,,
Total_S,79,,,,,,,,,,,0,,,,,
Total_S,80,,,,,,,,,,,19200,,,,,
Total_S,81,,,,,,,,,,,3080,,,,,
Total_S,82,,,,,,,,,,,3700,,,,,
Total_S,83,,,,,,,,,,,5590,,,,,
Total_S,84,,,,,,,,,,,24000,,,,,
Total_S,85,,,,,,,,,,,5590,,,,,
Total_S,86,,,,,,,,,,,10300,,,,,
Total_S,87,,,,,,,,,,,50000,,,,,
Total_S,88,,,,,,,,,,,9990,,,,,
Total_S,89,,,,,,,,,,,7900,,,,,
Total_S,90,,,,,,,,,,,8750,,,,,
Total_S,91,,,,,,,,,,,0,,,,,
Total_S,92,,,,,,,,,,,0,,,,,
Total_S,93,,,,,,,,,,,500,,,,,
Total_S,94,,,,,,,,,,,76000,,,,,
BuyBound,1,,,,,,,,,,,,,,,,
BuyBound,2,,,,,,,,,,,False,,,,,
BuyBound,3,,,,,,,,,,,False,,,,,
BuyBound,4,,,,,,,,,,,False,,,,,
BuyBound,5,,,,,,,,,,,False,,,,,
BuyBound,6,,,,,,,,,,,Refill at  707.92,,,,,
BuyBound,7,,,,,,,,,,,False,,,,,
BuyBound,8,,,,,,,,,,,False,,,,,
BuyBound,9,,,,,,,,,,,Refill at  2.74,,,,,
BuyBound,10,,,,,,,,,,,False,,,,,
BuyBound,11,,,,,,,,,,,False,,,,,
BuyBound,12,,,,,,,,,,,False,,,,,
BuyBound,13,,,,,,,,,,,False,,,,,
BuyBound,14,,,,,,,,,,,Refill at  8.27,,,,,
BuyBound,15,,,,,,,,,,,Refill at  147.62,,,,,
BuyBound,16,,,,,,,,,,,Refill at  34.82,,,,,
BuyBound,17,,,,,,,,,,,Refill at  0,,,,,
BuyBound,18,,,,,,,,,,,Refill at  37.97,,,,,
BuyBound,19,,,,,,,,,,,False,,,,,
BuyBound,20,,,,,,,,,,,Refill at  622.58,,,,,
BuyBound,21,,,,,,,,,,,Refill at  0,,,,,
BuyBound,22,,,,,,,,,,,False,,,,,
BuyBound,23,,,,,,,,,,,Refill at  29.33,,,,,
BuyBound,24,,,,,,,,,,,Refill at  0,,,,,
BuyBound,25,,,,,,,,,,,False,,,,,
BuyBound,26,,,,,,,,,,,False,,,,,
BuyBound,27,,,,,,,,,,,False,,,,,
BuyBound,28,,,,,,,,,,,False,,,,,
BuyBound,29,,,,,,,,,,,Refill at  155.8,,,,,
BuyBound,30,,,,,,,,,,,False,,,,,
BuyBound,31,,,,,,,,,,,False,,,,,
BuyBound,32,,,,,,,,,,,Refill at  111.99,,,,,
BuyBound,33,,,,,,,,,,,False,,,,,
BuyBound,34,,,,,,,,,,,False,,,,,
BuyBound,35,,,,,,,,,,,Refill at  4.74,,,,,
BuyBound,36,,,,,,,,,,,Refill at  8.98,,,,,
BuyBound,37,,,,,,,,,,,Refill at  1.87,,,,,
BuyBound,38,,,,,,,,,,,Refill at  0,,,,,
BuyBound,39,,,,,,,,,,,False,,,,,
BuyBound,40,,,,,,,,,,,Refill at  295.83,,,,,
BuyBound,41,,,,,,,,,,,False,,,,,
BuyBound,42,,,,,,,,,,,Refill at  76.01,,,,,
BuyBound,43,,,,,,,,,,,Refill at  0,,,,,
BuyBound,44,,,,,,,,,,,False,,,,,
BuyBound,45,,,,,,,,,,,Refill at  154.89,,,,,
BuyBound,46,,,,,,,,,,,False,,,,,
BuyBound,47,,,,,,,,,,,False,,,,,
BuyBound,48,,,,,,,,,,,False,,,,,
BuyBound,49,,,,,,,,,,,False,,,,,
BuyBound,50,,,,,,,,,,,False,,,,,
BuyBound,51,,,,,,,,,,,False,,,,,
BuyBound,52,,,,,,,,,,,Refill at  14.95,,,,,
BuyBound,53,,,,,,,,,,,False,,,,,
BuyBound,54,,,,,,,,,,,Refill at  1.76,,,,,
BuyBound,55,,,,,,,,,,,Refill at  35.85,,,,,
BuyBound,56,,,,,,,,,,,False,,,,,
BuyBound,57,,,,,,,,,,,False,,,,,
BuyBound,58,,,,,,,,,,,False,,,,,
BuyBound,59,,,,,,,,,,,False,,,,,
BuyBound,60,,,,,,,,,,,False,,,,,
BuyBound,61,,,,,,,,,,,False,,,,,
BuyBound,62,,,,,,,,,,,Refill at  219.86,,,,,
BuyBound,63,,,,,,,,,,,Refill at  48.75,,,,,
BuyBound,64,,,,,,,,,,,False,,,,,
BuyBound,65,,,,,,,,,,,False,,,,,
BuyBound,66,,,,,,,,,,,False,,,,,
BuyBound,67,,,,,,,,,,,Refill at  4.76,,,,,
BuyBound,68,,,,,,,,,,,Refill at  129.12,,,,,
BuyBound,69,,,,,,,,,,,False,,,,,
BuyBound,70,,,,,,,,,,,False,,,,,
BuyBound,71,,,,,,,,,,,False,,,,,
BuyBound,72,,,,,,,,,,,Refill at  3.54,,,,,
BuyBound,73,,,,,,,,,,,False,,,,,
BuyBound,74,,,,,,,,,,,Refill at  584.83,,,,,
BuyBound,75,,,,,,,,,,,False,,,,,
BuyBound,76,,,,,,,,,,,False,,,,,
BuyBound,77,,,,,,,,,,,Refill at  148.44,,,,,
BuyBound,78,,,,,,,,,,,False,,,,,
BuyBound,79,,,,,,,,,,,False,,,,,
BuyBound,80,,,,,,,,,,,Refill at  79.46,,,,,
BuyBound,81,,,,,,,,,,,Refill at  664.53,,,,,
BuyBound,82,,,,,,,,,,,Refill at  15.72,,,,,
BuyBound,83,,,,,,,,,,,False,,,,,
BuyBound,84,,,,,,,,,,,False,,,,,
BuyBound,85,,,,,,,,,,,False,,,,,
BuyBound,86,,,,,,,,,,,False,,,,,
BuyBound,87,,,,,,,,,,,Refill at  0.52,,,,,
BuyBound,88,,,,,,,,,,,False,,,,,
BuyBound,89,,,,,,,,,,,False,,,,,
BuyBound,90,,,,,,,,,,,Refill at  14.77,,,,,
BuyBound,91,,,,,,,,,,,False,,,,,
BuyBound,92,,,,,,,,,,,False,,,,,
BuyBound,93,,,,,,,,,,,False,,,,,
BuyBound,94,,,,,,,,,,,False,,,,,
Status,1,,,,,,,,,,,Gainer,,,,,
Status,2,,,,,,,,,,,Gainer,,,,,
Status,3,,,,,,,,,,,Gainer,,,,,
Status,4,,,,,,,,,,,Gainer,,,,,
Status,5,,,,,,,,,,,Trade,,,,,
Status,6,,,,,,,,,,,Gainer,,,,,
Status,7,,,,,,,,,,,Gainer,,,,,
Status,8,,,,,,,,,,,Pile,,,,,
Status,9,,,,,,,,,,,Gainer,,,,,
Status,10,,,,,,,,,,,Trade,,,,,
Status,11,,,,,,,,,,,Pile,,,,,
Status,12,,,,,,,,,,,Pile,,,,,
Status,13,,,,,,,,,,,"Buy to Y: 2,840",,,,,
Status,14,,,,,,,,,,,Trade,,,,,
Status,15,,,,,,,,,,,Gainer,,,,,
Status,16,,,,,,,,,,,Trade,,,,,
Status,17,,,,,,,,,,,Pile,,,,,
Status,18,,,,,,,,,,,"Buy to Y: 17,674",,,,,
Status,19,,,,,,,,,,,Pile,,,,,
Status,20,,,,,,,,,,,Trade,,,,,
Status,21,,,,,,,,,,,Pile,,,,,
Status,22,,,,,,,,,,,Gainer,,,,,
Status,23,,,,,,,,,,,Trade,,,,,
Status,24,,,,,,,,,,,Pile,,,,,
Status,25,,,,,,,,,,,Pile,,,,,
Status,26,,,,,,,,,,,Buy to Y: 0,,,,,
Status,27,,,,,,,,,,,Pile,,,,,
Status,28,,,,,,,,,,,Trade,,,,,
Status,29,,,,,,,,,,,Gainer,,,,,
Status,30,,,,,,,,,,,Gainer,,,,,
Status,31,,,,,,,,,,,Gainer,,,,,
Status,32,,,,,,,,,,,Gainer,,,,,
Status,33,,,,,,,,,,,Trade,,,,,
Status,34,,,,,,,,,,,Pile,,,,,
Status,35,,,,,,,,,,,Gainer,,,,,
Status,36,,,,,,,,,,,Gainer,,,,,
Status,37,,,,,,,,,,,,,,,,
Status,38,,,,,,,,,,,Pile,,,,,
Status,39,,,,,,,,,,,Pile,,,,,
Status,40,,,,,,,,,,,Trade,,,,,
Status,41,,,,,,,,,,,Gainer,,,,,
Status,42,,,,,,,,,,,"Buy to Y: 165,502",,,,,
Status,43,,,,,,,,,,,Pile,,,,,
Status,44,,,,,,,,,,,Gainer,,,,,
Status,45,,,,,,,,,,,Trade,,,,,
Status,46,,,,,,,,,,,Gainer,,,,,
Status,47,,,,,,,,,,,Pile,,,,,
Status,48,,,,,,,,,,,Pile,,,,,
Status,49,,,,,,,,,,,"Buy to Y: 33,432",,,,,
Status,50,,,,,,,,,,,Trade,,,,,
Status,51,,,,,,,,,,,Pile,,,,,
Status,52,,,,,,,,,,,Trade,,,,,
Status,53,,,,,,,,,,,Trade,,,,,
Status,54,,,,,,,,,,,Gainer,,,,,
Status,55,,,,,,,,,,,Trade,,,,,
Status,56,,,,,,,,,,,Pile,,,,,
Status,57,,,,,,,,,,,Gainer,,,,,
Status,58,,,,,,,,,,,Buy to Y: 0,,,,,
Status,59,,,,,,,,,,,Gainer,,,,,
Status,60,,,,,,,,,,,Gainer,,,,,
Status,61,,,,,,,,,,,Pile,,,,,
Status,62,,,,,,,,,,,Trade,,,,,
Status,63,,,,,,,,,,,Gainer,,,,,
Status,64,,,,,,,,,,,Gainer,,,,,
Status,65,,,,,,,,,,,Gainer,,,,,
Status,66,,,,,,,,,,,Pile,,,,,
Status,67,,,,,,,,,,,Trade,,,,,
Status,68,,,,,,,,,,,Gainer,,,,,
Status,69,,,,,,,,,,,Pile,,,,,
Status,70,,,,,,,,,,,Pile,,,,,
Status,71,,,,,,,,,,,Trade,,,,,
Status,72,,,,,,,,,,,Trade,,,,,
Status,73,,,,,,,,,,,Gainer,,,,,
Status,74,,,,,,,,,,,Buy to Y: 0,,,,,
Status,75,,,,,,,,,,,Trade,,,,,
Status,76,,,,,,,,,,,Pile,,,,,
Status,77,,,,,,,,,,,Gainer,,,,,
Status,78,,,,,,,,,,,Pile,,,,,
Status,79,,,,,,,,,,,Trade,,,,,
Status,80,,,,,,,,,,,Buy to Y: 835,,,,,
Status,81,,,,,,,,,,,Gainer,,,,,
Status,82,,,,,,,,,,,Buy to Y: 382,,,,,
Status,83,,,,,,,,,,,Pile,,,,,
Status,84,,,,,,,,,,,Pile,,,,,
Status,85,,,,,,,,,,,Buy to Y: 0,,,,,
Status,86,,,,,,,,,,,Pile,,,,,
Status,87,,,,,,,,,,,Gainer,,,,,
Status,88,,,,,,,,,,,Pile,,,,,
Status,89,,,,,,,,,,,Trade,,,,,
Status,90,,,,,,,,,,,Gainer,,,,,
Status,91,,,,,,,,,,,Trade,,,,,
Status,92,,,,,,,,,,,Gainer,,,,,
Status,93,,,,,,,,,,,Pile,,,,,
Status,94,,,,,,,,,,,Pile,,,,,
L-Time,1,,,,,,,,,,,2026-04-09 20:25:24.745000,,,,,
L-Time,2,,,,,,,,,,,2026-04-09 20:20:00.408000,,,,,
L-Time,3,,,,,,,,,,,2026-04-09 15:07:04.313000,,,,,
L-Time,4,,,,,,,,,,,2026-04-09 20:25:22.016000,,,,,
L-Time,5,,,,,,,,,,,2026-04-09 16:00:00,,,,,
L-Time,6,,,,,,,,,,,2026-04-09 16:00:00,,,,,
L-Time,7,,,,,,,,,,,2026-04-09 20:25:16.260000,,,,,
L-Time,8,,,,,,,,,,,2026-04-09 20:16:54.350000,,,,,
L-Time,9,,,,,,,,,,,2026-04-09 20:11:04.140000,,,,,
L-Time,10,,,,,,,,,,,2026-04-09 20:00:01.351000,,,,,
L-Time,11,,,,,,,,,,,2026-04-09 20:23:37.173000,,,,,
L-Time,12,,,,,,,,,,,2026-04-09 20:21:55.231000,,,,,
L-Time,13,,,,,,,,,,,2026-04-09 20:20:00.371000,,,,,
L-Time,14,,,,,,,,,,,2026-04-09 20:21:58.108000,,,,,
L-Time,15,,,,,,,,,,,2026-04-09 20:23:08.235000,,,,,
L-Time,16,,,,,,,,,,,2026-04-09 16:00:00,,,,,
L-Time,17,,,,,,,,,,,2026-04-09 20:21:40.062000,,,,,
L-Time,18,,,,,,,,,,,2026-04-09 20:12:59.340000,,,,,
L-Time,19,,,,,,,,,,,2026-04-09 20:05:00,,,,,
L-Time,20,,,,,,,,,,,2026-04-09 14:07:40.867000,,,,,
L-Time,21,,,,,,,,,,,2026-04-09 20:20:30.990000,,,,,
L-Time,22,,,,,,,,,,,2026-04-09 20:20:00.407000,,,,,
L-Time,23,,,,,,,,,,,2026-04-09 20:25:00.999000,,,,,
L-Time,24,,,,,,,,,,,2026-04-09 14:08:07.437000,,,,,
L-Time,25,,,,,,,,,,,2026-04-09 20:23:35.884000,,,,,
L-Time,26,,,,,,,,,,,2026-04-09 20:10:05.032000,,,,,
L-Time,27,,,,,,,,,,,2026-04-09 20:23:46.802000,,,,,
L-Time,28,,,,,,,,,,,2026-04-09 20:21:09.979000,,,,,
L-Time,29,,,,,,,,,,,2026-04-09 20:25:23.155000,,,,,
L-Time,30,,,,,,,,,,,2026-04-09 20:23:13.103000,,,,,
L-Time,31,,,,,,,,,,,2026-04-09 20:23:59.832000,,,,,
L-Time,32,,,,,,,,,,,2026-04-09 20:25:26.995000,,,,,
L-Time,33,,,,,,,,,,,2026-04-09 20:00:00,,,,,
L-Time,34,,,,,,,,,,,2026-04-09 20:24:27.567000,,,,,
L-Time,35,,,,,,,,,,,2026-04-09 20:04:34.188000,,,,,
L-Time,36,,,,,,,,,,,2026-04-09 20:23:31.317000,,,,,
L-Time,37,,,,,,,,,,,2026-04-09 20:10:00.001000,,,,,
L-Time,38,,,,,,,,,,,2026-04-09 20:10:05.093000,,,,,
L-Time,39,,,,,,,,,,,2026-04-09 20:05:00,,,,,
L-Time,40,,,,,,,,,,,2026-04-09 20:05:00,,,,,
L-Time,41,,,,,,,,,,,2026-04-09 20:01:47.444000,,,,,
L-Time,42,,,,,,,,,,,2026-04-09 20:22:03.805000,,,,,
L-Time,43,,,,,,,,,,,2026-04-09 20:25:23.208000,,,,,
L-Time,44,,,,,,,,,,,2026-04-09 20:25:05.798000,,,,,
L-Time,45,,,,,,,,,,,2026-04-09 20:05:15,,,,,
L-Time,46,,,,,,,,,,,2026-04-09 20:10:05.139000,,,,,
L-Time,47,,,,,,,,,,,2026-04-09 20:00:00.058000,,,,,
L-Time,48,,,,,,,,,,,2026-04-09 16:40:00,,,,,
L-Time,49,,,,,,,,,,,2026-04-09 20:22:11.477000,,,,,
L-Time,50,,,,,,,,,,,00:00:00,,,,,
L-Time,51,,,,,,,,,,,2026-04-09 20:25:11.347000,,,,,
L-Time,52,,,,,,,,,,,2026-04-09 20:10:05.161000,,,,,
L-Time,53,,,,,,,,,,,2026-04-09 16:00:00,,,,,
L-Time,54,,,,,,,,,,,2026-04-09 20:21:58.108000,,,,,
L-Time,55,,,,,,,,,,,2026-04-09 16:00:00,,,,,
L-Time,56,,,,,,,,,,,2026-04-09 20:05:00,,,,,
L-Time,57,,,,,,,,,,,2026-04-09 16:00:00,,,,,
L-Time,58,,,,,,,,,,,00:00:00,,,,,
L-Time,59,,,,,,,,,,,2026-04-09 16:00:00,,,,,
L-Time,60,,,,,,,,,,,2026-04-09 16:00:00,,,,,
L-Time,61,,,,,,,,,,,2026-04-09 20:05:00,,,,,
L-Time,62,,,,,,,,,,,2026-04-09 20:05:00,,,,,
L-Time,63,,,,,,,,,,,2026-04-09 20:05:15,,,,,
L-Time,64,,,,,,,,,,,2026-04-09 20:25:24.745000,,,,,
L-Time,65,,,,,,,,,,,2026-04-09 20:25:22.016000,,,,,
L-Time,66,,,,,,,,,,,2026-04-09 16:00:00,,,,,
L-Time,67,,,,,,,,,,,2026-04-09 20:21:58.108000,,,,,
L-Time,68,,,,,,,,,,,2026-04-09 20:23:08.235000,,,,,
L-Time,69,,,,,,,,,,,2026-04-09 20:20:30.990000,,,,,
L-Time,70,,,,,,,,,,,2026-04-09 14:08:07.437000,,,,,
L-Time,71,,,,,,,,,,,2026-04-09 20:21:09.979000,,,,,
L-Time,72,,,,,,,,,,,2026-04-09 20:21:46.912000,,,,,
L-Time,73,,,,,,,,,,,2026-04-09 16:00:00,,,,,
L-Time,74,,,,,,,,,,,2026-04-09 14:07:40.867000,,,,,
L-Time,75,,,,,,,,,,,2026-04-09 20:24:17.861000,,,,,
L-Time,76,,,,,,,,,,,2026-04-09 16:00:00,,,,,
L-Time,77,,,,,,,,,,,2026-04-09 20:20:07.444000,,,,,
L-Time,78,,,,,,,,,,,2026-04-09 20:23:13.429000,,,,,
L-Time,79,,,,,,,,,,,2026-04-07 14:18:26.156000,,,,,
L-Time,80,,,,,,,,,,,2026-04-09 20:20:53.127000,,,,,
L-Time,81,,,,,,,,,,,2026-04-09 20:24:25.229000,,,,,
L-Time,82,,,,,,,,,,,2026-04-09 20:22:19.816000,,,,,
L-Time,83,,,,,,,,,,,2026-04-09 20:16:19.539000,,,,,
L-Time,84,,,,,,,,,,,2026-04-09 16:00:00,,,,,
L-Time,85,,,,,,,,,,,2026-04-09 20:25:28.952000,,,,,
L-Time,86,,,,,,,,,,,2026-04-09 20:25:07.937000,,,,,
L-Time,87,,,,,,,,,,,2026-04-09 20:25:11.605000,,,,,
L-Time,88,,,,,,,,,,,2026-04-09 20:10:05.097000,,,,,
L-Time,89,,,,,,,,,,,2026-04-09 20:22:41.258000,,,,,
L-Time,90,,,,,,,,,,,2026-04-09 20:20:00.286000,,,,,
L-Time,91,,,,,,,,,,,2026-04-09 20:25:00.999000,,,,,
L-Time,92,,,,,,,,,,,2026-04-09 15:36:35.133000,,,,,
L-Time,93,,,,,,,,,,,2026-04-09 16:00:00,,,,,
L-Time,94,,,,,,,,,,,2026-04-09 20:05:00,,,,,
CostReduct,1,,,,,,,,,,,-83096.97999999998,,,,,
CostReduct,2,,,,,,,,,,,-19003.051550399992,,,,,
CostReduct,3,,,,,,,,,,,270084.7687641198,,,,,
CostReduct,4,,,,,,,,,,,-628690.3104005,,,,,
CostReduct,5,,,,,,,,,,,-4586533.604195505,,,,,
CostReduct,6,,,,,,,,,,,718865.1783,,,,,
CostReduct,7,,,,,,,,,,,1529.8434479200405,,,,,
CostReduct,8,,,,,,,,,,,-271253.43,,,,,
CostReduct,9,,,,,,,,,,,-14709.299999999987,,,,,
CostReduct,10,,,,,,,,,,,-291321.787,,,,,
CostReduct,11,,,,,,,,,,,-4894.197795714285,,,,,
CostReduct,12,,,,,,,,,,,-191469.37,,,,,
CostReduct,13,,,,,,,,,,,-217160.593936094,,,,,
CostReduct,14,,,,,,,,,,,-508957.5669999999,,,,,
CostReduct,15,,,,,,,,,,,-74977.232374,,,,,
CostReduct,16,,,,,,,,,,,-106056.15799999997,,,,,
CostReduct,17,,,,,,,,,,,-71355.22919999999,,,,,
CostReduct,18,,,,,,,,,,,-96944.741468,,,,,
CostReduct,19,,,,,,,,,,,-3020064.9194,,,,,
CostReduct,20,,,,,,,,,,,479181.33966777124,,,,,
CostReduct,21,,,,,,,,,,,-37467.322357599995,,,,,
CostReduct,22,,,,,,,,,,,-88364.76672946477,,,,,
CostReduct,23,,,,,,,,,,,-82686.006,,,,,
CostReduct,24,,,,,,,,,,,139750.74975600003,,,,,
CostReduct,25,,,,,,,,,,,-173016.34545714283,,,,,
CostReduct,26,,,,,,,,,,,-40528.510866,,,,,
CostReduct,27,,,,,,,,,,,-54871.422835800004,,,,,
CostReduct,28,,,,,,,,,,,-210060.68165999994,,,,,
CostReduct,29,,,,,,,,,,,-704390.9329599999,,,,,
CostReduct,30,,,,,,,,,,,-273233.6829216565,,,,,
CostReduct,31,,,,,,,,,,,541695.1049260003,,,,,
CostReduct,32,,,,,,,,,,,-1971778.133249999,,,,,
CostReduct,33,,,,,,,,,,,-685656.0177806399,,,,,
CostReduct,34,,,,,,,,,,,-66048.76,,,,,
CostReduct,35,,,,,,,,,,,-88903.95199999999,,,,,
CostReduct,36,,,,,,,,,,,-277167.13045299996,,,,,
CostReduct,37,,,,,,,,,,,-12091.677250519999,,,,,
CostReduct,38,,,,,,,,,,,-92155.25737799985,,,,,
CostReduct,39,,,,,,,,,,,-1016393.8389239999,,,,,
CostReduct,40,,,,,,,,,,,-546569.5358984208,,,,,
CostReduct,41,,,,,,,,,,,-53880.603458399986,,,,,
CostReduct,42,,,,,,,,,,,-1212563.528866,,,,,
CostReduct,43,,,,,,,,,,,-86416.41166,,,,,
CostReduct,44,,,,,,,,,,,515404.54980000015,,,,,
CostReduct,45,,,,,,,,,,,-192995.94933,,,,,
CostReduct,46,,,,,,,,,,,-60731.3423,,,,,
CostReduct,47,,,,,,,,,,,-173401.04580769228,,,,,
CostReduct,48,,,,,,,,,,,-1105223.9963540002,,,,,
CostReduct,49,,,,,,,,,,,-151833.57886599997,,,,,
CostReduct,50,,,,,,,,,,,-67362.31783799999,,,,,
CostReduct,51,,,,,,,,,,,-19911.928817999997,,,,,
CostReduct,52,,,,,,,,,,,-84389.21825399998,,,,,
CostReduct,53,,,,,,,,,,,-856022.6558483923,,,,,
CostReduct,54,,,,,,,,,,,-49026.27999999999,,,,,
CostReduct,55,,,,,,,,,,,-357028.12,,,,,
CostReduct,56,,,,,,,,,,,-221693.77315999998,,,,,
CostReduct,57,,,,,,,,,,,142498.47163500008,,,,,
CostReduct,58,,,,,,,,,,,0.0,,,,,
CostReduct,59,,,,,,,,,,,-215423.32019999996,,,,,
CostReduct,60,,,,,,,,,,,27817.147963636366,,,,,
CostReduct,61,,,,,,,,,,,-359707.141047,,,,,
CostReduct,62,,,,,,,,,,,-252076.41035999998,,,,,
CostReduct,63,,,,,,,,,,,-5260.4549589,,,,,
CostReduct,64,,,,,,,,,,,16585.677154765748,,,,,
CostReduct,65,,,,,,,,,,,-272470.4579999999,,,,,
CostReduct,66,,,,,,,,,,,-99945.58463999999,,,,,
CostReduct,67,,,,,,,,,,,-195918.63199999998,,,,,
CostReduct,68,,,,,,,,,,,-200828.16768,,,,,
CostReduct,69,,,,,,,,,,,-153746.70479999998,,,,,
CostReduct,70,,,,,,,,,,,-3328.6319999999996,,,,,
CostReduct,71,,,,,,,,,,,-84568.50259852002,,,,,
CostReduct,72,,,,,,,,,,,-405440.51639999996,,,,,
CostReduct,73,,,,,,,,,,,-52516.956399999995,,,,,
CostReduct,74,,,,,,,,,,,-14390.85899999999,,,,,
CostReduct,75,,,,,,,,,,,-162300.88799999998,,,,,
CostReduct,76,,,,,,,,,,,-98405.18999999999,,,,,
CostReduct,77,,,,,,,,,,,-90566.91159999998,,,,,
CostReduct,78,,,,,,,,,,,-111486.11219999999,,,,,
CostReduct,79,,,,,,,,,,,-589658.6170079999,,,,,
CostReduct,80,,,,,,,,,,,-87047.63363657142,,,,,
CostReduct,81,,,,,,,,,,,-135685.85546,,,,,
CostReduct,82,,,,,,,,,,,-167022.3368,,,,,
CostReduct,83,,,,,,,,,,,-17214.642,,,,,
CostReduct,84,,,,,,,,,,,-96809.0508,,,,,
CostReduct,85,,,,,,,,,,,-62644.38273999997,,,,,
CostReduct,86,,,,,,,,,,,-54116.337600000006,,,,,
CostReduct,87,,,,,,,,,,,29972.02854545455,,,,,
CostReduct,88,,,,,,,,,,,-82049.7762,,,,,
CostReduct,89,,,,,,,,,,,-127260.10769999998,,,,,
CostReduct,90,,,,,,,,,,,-30997.325900999982,,,,,
CostReduct,91,,,,,,,,,,,-97837.84867799998,,,,,
CostReduct,92,,,,,,,,,,,-53181.112799999886,,,,,
CostReduct,93,,,,,,,,,,,-362810.86199999996,,,,,
CostReduct,94,,,,,,,,,,,-388162.13405794284,,,,,
L_I1,1,,,,,,,,,,,28.0,,,,,
L_I1,2,,,,,,,,,,,18.0,,,,,
L_I1,3,,,,,,,,,,,23.0,,,,,
L_I1,4,,,,,,,,,,,35.0,,,,,
L_I1,5,,,,,,,,,,,10.0,,,,,
L_I1,6,,,,,,,,,,,85.0,,,,,
L_I1,7,,,,,,,,,,,21.0,,,,,
L_I1,8,,,,,,,,,,,18.0,,,,,
L_I1,9,,,,,,,,,,,14.0,,,,,
L_I1,10,,,,,,,,,,,4.0,,,,,
L_I1,11,,,,,,,,,,,19.0,,,,,
L_I1,12,,,,,,,,,,,24.0,,,,,
L_I1,13,,,,,,,,,,,23.0,,,,,
L_I1,14,,,,,,,,,,,19.0,,,,,
L_I1,15,,,,,,,,,,,19.0,,,,,
L_I1,16,,,,,,,,,,,30.0,,,,,
L_I1,17,,,,,,,,,,,21.0,,,,,
L_I1,18,,,,,,,,,,,11.0,,,,,
L_I1,19,,,,,,,,,,,42.0,,,,,
L_I1,20,,,,,,,,,,,13.0,,,,,
L_I1,21,,,,,,,,,,,10.0,,,,,
L_I1,22,,,,,,,,,,,32.0,,,,,
L_I1,23,,,,,,,,,,,25.0,,,,,
L_I1,24,,,,,,,,,,,66.0,,,,,
L_I1,25,,,,,,,,,,,33.0,,,,,
L_I1,26,,,,,,,,,,,12.0,,,,,
L_I1,27,,,,,,,,,,,17.0,,,,,
L_I1,28,,,,,,,,,,,17.0,,,,,
L_I1,29,,,,,,,,,,,27.0,,,,,
L_I1,30,,,,,,,,,,,35.0,,,,,
L_I1,31,,,,,,,,,,,48.0,,,,,
L_I1,32,,,,,,,,,,,36.0,,,,,
L_I1,33,,,,,,,,,,,8.0,,,,,
L_I1,34,,,,,,,,,,,20.0,,,,,
L_I1,35,,,,,,,,,,,22.0,,,,,
L_I1,36,,,,,,,,,,,15.0,,,,,
L_I1,37,,,,,,,,,,,11.0,,,,,
L_I1,38,,,,,,,,,,,32.0,,,,,
L_I1,39,,,,,,,,,,,30.0,,,,,
L_I1,40,,,,,,,,,,,31.0,,,,,
L_I1,41,,,,,,,,,,,21.0,,,,,
L_I1,42,,,,,,,,,,,10.0,,,,,
L_I1,43,,,,,,,,,,,15.0,,,,,
L_I1,44,,,,,,,,,,,23.0,,,,,
L_I1,45,,,,,,,,,,,18.0,,,,,
L_I1,46,,,,,,,,,,,5.0,,,,,
L_I1,47,,,,,,,,,,,16.0,,,,,
L_I1,48,,,,,,,,,,,71.0,,,,,
L_I1,49,,,,,,,,,,,11.0,,,,,
L_I1,50,,,,,,,,,,,14.0,,,,,
L_I1,51,,,,,,,,,,,14.0,,,,,
L_I1,52,,,,,,,,,,,16.0,,,,,
L_I1,53,,,,,,,,,,,13.0,,,,,
L_I1,54,,,,,,,,,,,12.0,,,,,
L_I1,55,,,,,,,,,,,23.0,,,,,
L_I1,56,,,,,,,,,,,15.0,,,,,
L_I1,57,,,,,,,,,,,20.0,,,,,
L_I1,58,,,,,,,,,,,3.0,,,,,
L_I1,59,,,,,,,,,,,40.0,,,,,
L_I1,60,,,,,,,,,,,28.0,,,,,
L_I1,61,,,,,,,,,,,20.0,,,,,
L_I1,62,,,,,,,,,,,32.0,,,,,
L_I1,63,,,,,,,,,,,12.0,,,,,
L_I1,64,,,,,,,,,,,22.0,,,,,
L_I1,65,,,,,,,,,,,27.0,,,,,
L_I1,66,,,,,,,,,,,30.0,,,,,
L_I1,67,,,,,,,,,,,18.0,,,,,
L_I1,68,,,,,,,,,,,19.0,,,,,
L_I1,69,,,,,,,,,,,30.0,,,,,
L_I1,70,,,,,,,,,,,13.0,,,,,
L_I1,71,,,,,,,,,,,18.0,,,,,
L_I1,72,,,,,,,,,,,16.0,,,,,
L_I1,73,,,,,,,,,,,31.0,,,,,
L_I1,74,,,,,,,,,,,18.0,,,,,
L_I1,75,,,,,,,,,,,19.0,,,,,
L_I1,76,,,,,,,,,,,24.0,,,,,
L_I1,77,,,,,,,,,,,27.0,,,,,
L_I1,78,,,,,,,,,,,14.0,,,,,
L_I1,79,,,,,,,,,,,6.0,,,,,
L_I1,80,,,,,,,,,,,19.0,,,,,
L_I1,81,,,,,,,,,,,21.0,,,,,
L_I1,82,,,,,,,,,,,9.0,,,,,
L_I1,83,,,,,,,,,,,17.0,,,,,
L_I1,84,,,,,,,,,,,13.0,,,,,
L_I1,85,,,,,,,,,,,17.0,,,,,
L_I1,86,,,,,,,,,,,13.0,,,,,
L_I1,87,,,,,,,,,,,18.0,,,,,
L_I1,88,,,,,,,,,,,13.0,,,,,
L_I1,89,,,,,,,,,,,19.0,,,,,
L_I1,90,,,,,,,,,,,30.0,,,,,
L_I1,91,,,,,,,,,,,4.0,,,,,
L_I1,92,,,,,,,,,,,4.0,,,,,
L_I1,93,,,,,,,,,,,6.0,,,,,
L_I1,94,,,,,,,,,,,24.0,,,,,
L_I2,1,,,,,,,,,,,3.0,,,,,
L_I2,2,,,,,,,,,,,6.0,,,,,
L_I2,3,,,,,,,,,,,9.0,,,,,
L_I2,4,,,,,,,,,,,12.0,,,,,
L_I2,5,,,,,,,,,,,15.0,,,,,
L_I2,6,,,,,,,,,,,18.0,,,,,
L_I2,7,,,,,,,,,,,21.0,,,,,
L_I2,8,,,,,,,,,,,24.0,,,,,
L_I2,9,,,,,,,,,,,27.0,,,,,
L_I2,10,,,,,,,,,,,30.0,,,,,
L_I2,11,,,,,,,,,,,33.0,,,,,
L_I2,12,,,,,,,,,,,36.0,,,,,
L_I2,13,,,,,,,,,,,39.0,,,,,
L_I2,14,,,,,,,,,,,42.0,,,,,
L_I2,15,,,,,,,,,,,45.0,,,,,
L_I2,16,,,,,,,,,,,48.0,,,,,
L_I2,17,,,,,,,,,,,51.0,,,,,
L_I2,18,,,,,,,,,,,54.0,,,,,
L_I2,19,,,,,,,,,,,57.0,,,,,
L_I2,20,,,,,,,,,,,60.0,,,,,
L_I2,21,,,,,,,,,,,63.0,,,,,
L_I2,22,,,,,,,,,,,66.0,,,,,
L_I2,23,,,,,,,,,,,69.0,,,,,
L_I2,24,,,,,,,,,,,72.0,,,,,
L_I2,25,,,,,,,,,,,75.0,,,,,
L_I2,26,,,,,,,,,,,78.0,,,,,
L_I2,27,,,,,,,,,,,81.0,,,,,
L_I2,28,,,,,,,,,,,84.0,,,,,
L_I2,29,,,,,,,,,,,87.0,,,,,
L_I2,30,,,,,,,,,,,90.0,,,,,
L_I2,31,,,,,,,,,,,93.0,,,,,
L_I2,32,,,,,,,,,,,96.0,,,,,
L_I2,33,,,,,,,,,,,99.0,,,,,
L_I2,34,,,,,,,,,,,102.0,,,,,
L_I2,35,,,,,,,,,,,105.0,,,,,
L_I2,36,,,,,,,,,,,108.0,,,,,
L_I2,37,,,,,,,,,,,111.0,,,,,
L_I2,38,,,,,,,,,,,114.0,,,,,
L_I2,39,,,,,,,,,,,117.0,,,,,
L_I2,40,,,,,,,,,,,120.0,,,,,
L_I2,41,,,,,,,,,,,123.0,,,,,
L_I2,42,,,,,,,,,,,126.0,,,,,
L_I2,43,,,,,,,,,,,129.0,,,,,
L_I2,44,,,,,,,,,,,132.0,,,,,
L_I2,45,,,,,,,,,,,135.0,,,,,
L_I2,46,,,,,,,,,,,138.0,,,,,
L_I2,47,,,,,,,,,,,144.0,,,,,
L_I2,48,,,,,,,,,,,147.0,,,,,
L_I2,49,,,,,,,,,,,150.0,,,,,
L_I2,50,,,,,,,,,,,153.0,,,,,
L_I2,51,,,,,,,,,,,156.0,,,,,
L_I2,52,,,,,,,,,,,159.0,,,,,
L_I2,53,,,,,,,,,,,162.0,,,,,
L_I2,54,,,,,,,,,,,165.0,,,,,
L_I2,55,,,,,,,,,,,168.0,,,,,
L_I2,56,,,,,,,,,,,171.0,,,,,
L_I2,57,,,,,,,,,,,174.0,,,,,
L_I2,58,,,,,,,,,,,177.0,,,,,
L_I2,59,,,,,,,,,,,180.0,,,,,
L_I2,60,,,,,,,,,,,183.0,,,,,
L_I2,61,,,,,,,,,,,186.0,,,,,
L_I2,62,,,,,,,,,,,189.0,,,,,
L_I2,63,,,,,,,,,,,192.0,,,,,
L_I2,64,,,,,,,,,,,195.0,,,,,
L_I2,65,,,,,,,,,,,198.0,,,,,
L_I2,66,,,,,,,,,,,201.0,,,,,
L_I2,67,,,,,,,,,,,204.0,,,,,
L_I2,68,,,,,,,,,,,207.0,,,,,
L_I2,69,,,,,,,,,,,210.0,,,,,
L_I2,70,,,,,,,,,,,213.0,,,,,
L_I2,71,,,,,,,,,,,216.0,,,,,
L_I2,72,,,,,,,,,,,219.0,,,,,
L_I2,73,,,,,,,,,,,222.0,,,,,
L_I2,74,,,,,,,,,,,225.0,,,,,
L_I2,75,,,,,,,,,,,228.0,,,,,
L_I2,76,,,,,,,,,,,231.0,,,,,
L_I2,77,,,,,,,,,,,234.0,,,,,
L_I2,78,,,,,,,,,,,237.0,,,,,
L_I2,79,,,,,,,,,,,240.0,,,,,
L_I2,80,,,,,,,,,,,243.0,,,,,
L_I2,81,,,,,,,,,,,246.0,,,,,
L_I2,82,,,,,,,,,,,249.0,,,,,
L_I2,83,,,,,,,,,,,252.0,,,,,
L_I2,84,,,,,,,,,,,255.0,,,,,
L_I2,85,,,,,,,,,,,258.0,,,,,
L_I2,86,,,,,,,,,,,261.0,,,,,
L_I2,87,,,,,,,,,,,264.0,,,,,
L_I2,88,,,,,,,,,,,267.0,,,,,
L_I2,89,,,,,,,,,,,270.0,,,,,
L_I2,90,,,,,,,,,,,273.0,,,,,
L_I2,91,,,,,,,,,,,276.0,,,,,
L_I2,92,,,,,,,,,,,279.0,,,,,
L_I2,93,,,,,,,,,,,282.0,,,,,
L_I2,94,,,,,,,,,,,285.0,,,,,
L_TD,1,,,,,,,,,,,2026-01-08 00:00:00,,,,,
L_TD,2,,,,,,,,,,,2025-09-22 00:00:00,,,,,
L_TD,3,,,,,,,,,,,2025-10-11 00:00:00,,,,,
L_TD,4,,,,,,,,,,,2026-02-17 00:00:00,,,,,
L_TD,5,,,,,,,,,,,2025-03-18 00:00:00,,,,,
L_TD,6,,,,,,,,,,,2026-04-09 00:00:00,,,,,
L_TD,7,,,,,,,,,,,2026-03-13 00:00:00,,,,,
L_TD,8,,,,,,,,,,,2026-02-24 00:00:00,,,,,
L_TD,9,,,,,,,,,,,2026-01-26 00:00:00,,,,,
L_TD,10,,,,,,,,,,,2011-01-01 00:00:00,,,,,
L_TD,11,,,,,,,,,,,2025-12-17 00:00:00,,,,,
L_TD,12,,,,,,,,,,,2026-01-14 00:00:00,,,,,
L_TD,13,,,,,,,,,,,2025-09-25 00:00:00,,,,,
L_TD,14,,,,,,,,,,,2025-10-07 00:00:00,,,,,
L_TD,15,,,,,,,,,,,2025-09-10 00:00:00,,,,,
L_TD,16,,,,,,,,,,,2026-01-13 00:00:00,,,,,
L_TD,17,,,,,,,,,,,2026-02-23 00:00:00,,,,,
L_TD,18,,,,,,,,,,,2025-12-17 00:00:00,,,,,
L_TD,19,,,,,,,,,,,2026-02-17 00:00:00,,,,,
L_TD,20,,,,,,,,,,,2026-04-02 00:00:00,,,,,
L_TD,21,,,,,,,,,,,2025-12-09 00:00:00,,,,,
L_TD,22,,,,,,,,,,,2026-01-09 00:00:00,,,,,
L_TD,23,,,,,,,,,,,2025-12-03 00:00:00,,,,,
L_TD,24,,,,,,,,,,,2026-03-20 00:00:00,,,,,
L_TD,25,,,,,,,,,,,2026-02-05 00:00:00,,,,,
L_TD,26,,,,,,,,,,,2025-01-10 00:00:00,,,,,
L_TD,27,,,,,,,,,,,2025-10-09 00:00:00,,,,,
L_TD,28,,,,,,,,,,,2026-01-26 00:00:00,,,,,
L_TD,29,,,,,,,,,,,2026-01-02 00:00:00,,,,,
L_TD,30,,,,,,,,,,,2026-02-17 00:00:00,,,,,
L_TD,31,,,,,,,,,,,2026-01-06 00:00:00,,,,,
L_TD,32,,,,,,,,,,,2026-01-30 00:00:00,,,,,
L_TD,33,,,,,,,,,,,2026-03-25 00:00:00,,,,,
L_TD,34,,,,,,,,,,,2025-11-28 00:00:00,,,,,
L_TD,35,,,,,,,,,,,2025-12-17 00:00:00,,,,,
L_TD,36,,,,,,,,,,,2025-12-19 00:00:00,,,,,
L_TD,37,,,,,,,,,,,2025-01-22 00:00:00,,,,,
L_TD,38,,,,,,,,,,,2026-02-12 00:00:00,,,,,
L_TD,39,,,,,,,,,,,2026-01-29 00:00:00,,,,,
L_TD,40,,,,,,,,,,,2026-01-21 00:00:00,,,,,
L_TD,41,,,,,,,,,,,2026-01-15 00:00:00,,,,,
L_TD,42,,,,,,,,,,,2025-02-06 00:00:00,,,,,
L_TD,43,,,,,,,,,,,2026-03-02 00:00:00,,,,,
L_TD,44,,,,,,,,,,,2025-11-06 00:00:00,,,,,
L_TD,45,,,,,,,,,,,2025-07-18 00:00:00,,,,,
L_TD,46,,,,,,,,,,,2026-04-02 00:00:00,,,,,
L_TD,47,,,,,,,,,,,2026-01-23 00:00:00,,,,,
L_TD,48,,,,,,,,,,,2026-04-01 00:00:00,,,,,
L_TD,49,,,,,,,,,,,2026-01-15 00:00:00,,,,,
L_TD,50,,,,,,,,,,,2025-05-19 00:00:00,,,,,
L_TD,51,,,,,,,,,,,2026-02-03 00:00:00,,,,,
L_TD,52,,,,,,,,,,,2026-04-08 00:00:00,,,,,
L_TD,53,,,,,,,,,,,2025-07-24 00:00:00,,,,,
L_TD,54,,,,,,,,,,,2024-11-06 00:00:00,,,,,
L_TD,55,,,,,,,,,,,2026-01-13 00:00:00,,,,,
L_TD,56,,,,,,,,,,,2025-02-26 00:00:00,,,,,
L_TD,57,,,,,,,,,,,2026-01-30 00:00:00,,,,,
L_TD,58,,,,,,,,,,,00:00:00,,,,,
L_TD,59,,,,,,,,,,,2026-03-20 00:00:00,,,,,
L_TD,60,,,,,,,,,,,2026-02-11 00:00:00,,,,,
L_TD,61,,,,,,,,,,,2025-06-03 00:00:00,,,,,
L_TD,62,,,,,,,,,,,2026-01-21 00:00:00,,,,,
L_TD,63,,,,,,,,,,,2025-07-18 00:00:00,,,,,
L_TD,64,,,,,,,,,,,2026-01-23 00:00:00,,,,,
L_TD,65,,,,,,,,,,,2025-10-21 00:00:00,,,,,
L_TD,66,,,,,,,,,,,2025-12-03 00:00:00,,,,,
L_TD,67,,,,,,,,,,,2025-10-06 00:00:00,,,,,
L_TD,68,,,,,,,,,,,2025-10-06 00:00:00,,,,,
L_TD,69,,,,,,,,,,,2024-09-03 00:00:00,,,,,
L_TD,70,,,,,,,,,,,2024-12-20 00:00:00,,,,,
L_TD,71,,,,,,,,,,,2026-01-28 00:00:00,,,,,
L_TD,72,,,,,,,,,,,2025-10-16 00:00:00,,,,,
L_TD,73,,,,,,,,,,,2026-01-27 00:00:00,,,,,
L_TD,74,,,,,,,,,,,2025-09-02 00:00:00,,,,,
L_TD,75,,,,,,,,,,,2025-10-20 00:00:00,,,,,
L_TD,76,,,,,,,,,,,2025-01-30 00:00:00,,,,,
L_TD,77,,,,,,,,,,,2026-02-12 00:00:00,,,,,
L_TD,78,,,,,,,,,,,2025-01-22 00:00:00,,,,,
L_TD,79,,,,,,,,,,,2025-01-22 00:00:00,,,,,
L_TD,80,,,,,,,,,,,2025-12-12 00:00:00,,,,,
L_TD,81,,,,,,,,,,,2026-03-03 00:00:00,,,,,
L_TD,82,,,,,,,,,,,2026-02-27 00:00:00,,,,,
L_TD,83,,,,,,,,,,,2025-01-29 00:00:00,,,,,
L_TD,84,,,,,,,,,,,2025-04-01 00:00:00,,,,,
L_TD,85,,,,,,,,,,,2025-03-17 00:00:00,,,,,
L_TD,86,,,,,,,,,,,2026-02-10 00:00:00,,,,,
L_TD,87,,,,,,,,,,,2026-03-26 00:00:00,,,,,
L_TD,88,,,,,,,,,,,2025-01-03 00:00:00,,,,,
L_TD,89,,,,,,,,,,,2025-09-19 00:00:00,,,,,
L_TD,90,,,,,,,,,,,2025-10-08 00:00:00,,,,,
L_TD,91,,,,,,,,,,,2026-03-26 00:00:00,,,,,
L_TD,92,,,,,,,,,,,2022-05-25 00:00:00,,,,,
L_TD,93,,,,,,,,,,,2025-12-03 00:00:00,,,,,
L_TD,94,,,,,,,,,,,2026-02-09 00:00:00,,,,,
TradeType,1,,,,,,,,,,,Purchase,,,,,
TradeType,2,,,,,,,,,,,Sale,,,,,
TradeType,3,,,,,,,,,,,Purchase,,,,,
TradeType,4,,,,,,,,,,,Purchase,,,,,
TradeType,5,,,,,,,,,,,Purchase,,,,,
TradeType,6,,,,,,,,,,,Purchase,,,,,
TradeType,7,,,,,,,,,,,Purchase,,,,,
TradeType,8,,,,,,,,,,,Sale,,,,,
TradeType,9,,,,,,,,,,,Purchase,,,,,
TradeType,10,,,,,,,,,,,Purchase,,,,,
TradeType,11,,,,,,,,,,,Sale,,,,,
TradeType,12,,,,,,,,,,,Sale,,,,,
TradeType,13,,,,,,,,,,,Sale,,,,,
TradeType,14,,,,,,,,,,,Sale,,,,,
TradeType,15,,,,,,,,,,,Purchase,,,,,
TradeType,16,,,,,,,,,,,Purchase,,,,,
TradeType,17,,,,,,,,,,,Sale,,,,,
TradeType,18,,,,,,,,,,,Sale,,,,,
TradeType,19,,,,,,,,,,,Sale,,,,,
TradeType,20,,,,,,,,,,,Purchase,,,,,
TradeType,21,,,,,,,,,,,Sale,,,,,
TradeType,22,,,,,,,,,,,Purchase,,,,,
TradeType,23,,,,,,,,,,,Purchase,,,,,
TradeType,24,,,,,,,,,,,Purchase,,,,,
TradeType,25,,,,,,,,,,,Sale,,,,,
TradeType,26,,,,,,,,,,,Sale,,,,,
TradeType,27,,,,,,,,,,,Sale,,,,,
TradeType,28,,,,,,,,,,,Sale,,,,,
TradeType,29,,,,,,,,,,,Purchase,,,,,
TradeType,30,,,,,,,,,,,Sale,,,,,
TradeType,31,,,,,,,,,,,Sale,,,,,
TradeType,32,,,,,,,,,,,Purchase,,,,,
TradeType,33,,,,,,,,,,,Purchase,,,,,
TradeType,34,,,,,,,,,,,Sale,,,,,
TradeType,35,,,,,,,,,,,Sale,,,,,
TradeType,36,,,,,,,,,,,Sale,,,,,
TradeType,37,,,,,,,,,,,Purchase,,,,,
TradeType,38,,,,,,,,,,,Purchase,,,,,
TradeType,39,,,,,,,,,,,Sale,,,,,
TradeType,40,,,,,,,,,,,Purchase,,,,,
TradeType,41,,,,,,,,,,,Sale,,,,,
TradeType,42,,,,,,,,,,,Sale,,,,,
TradeType,43,,,,,,,,,,,Purchase,,,,,
TradeType,44,,,,,,,,,,,Sale,,,,,
TradeType,45,,,,,,,,,,,Purchase,,,,,
TradeType,46,,,,,,,,,,,Sale,,,,,
TradeType,47,,,,,,,,,,,Sale,,,,,
TradeType,48,,,,,,,,,,,Sale,,,,,
TradeType,49,,,,,,,,,,,Sale,,,,,
TradeType,50,,,,,,,,,,,Sale,,,,,
TradeType,51,,,,,,,,,,,Sale,,,,,
TradeType,52,,,,,,,,,,,Purchase,,,,,
TradeType,53,,,,,,,,,,,Purchase,,,,,
TradeType,54,,,,,,,,,,,Sale,,,,,
TradeType,55,,,,,,,,,,,Purchase,,,,,
TradeType,56,,,,,,,,,,,Sale,,,,,
TradeType,57,,,,,,,,,,,Sale,,,,,
TradeType,58,,,,,,,,,,,Sale,,,,,
TradeType,59,,,,,,,,,,,Purchase,,,,,
TradeType,60,,,,,,,,,,,Sale,,,,,
TradeType,61,,,,,,,,,,,Sale,,,,,
TradeType,62,,,,,,,,,,,Purchase,,,,,
TradeType,63,,,,,,,,,,,Purchase,,,,,
TradeType,64,,,,,,,,,,,Purchase,,,,,
TradeType,65,,,,,,,,,,,Sale,,,,,
TradeType,66,,,,,,,,,,,Sale,,,,,
TradeType,67,,,,,,,,,,,Sale,,,,,
TradeType,68,,,,,,,,,,,Purchase,,,,,
TradeType,69,,,,,,,,,,,Sale,,,,,
TradeType,70,,,,,,,,,,,Sale,,,,,
TradeType,71,,,,,,,,,,,Sale,,,,,
TradeType,72,,,,,,,,,,,Sale,,,,,
TradeType,73,,,,,,,,,,,Sale,,,,,
TradeType,74,,,,,,,,,,,Purchase,,,,,
TradeType,75,,,,,,,,,,,Sale,,,,,
TradeType,76,,,,,,,,,,,Sale,,,,,
TradeType,77,,,,,,,,,,,Sale,,,,,
TradeType,78,,,,,,,,,,,Sale,,,,,
TradeType,79,,,,,,,,,,,Purchase,,,,,
TradeType,80,,,,,,,,,,,Sale,,,,,
TradeType,81,,,,,,,,,,,Purchase,,,,,
TradeType,82,,,,,,,,,,,Purchase,,,,,
TradeType,83,,,,,,,,,,,Sale,,,,,
TradeType,84,,,,,,,,,,,Sale,,,,,
TradeType,85,,,,,,,,,,,Purchase,,,,,
TradeType,86,,,,,,,,,,,Sale,,,,,
TradeType,87,,,,,,,,,,,Sale,,,,,
TradeType,88,,,,,,,,,,,Sale,,,,,
TradeType,89,,,,,,,,,,,Purchase,,,,,
TradeType,90,,,,,,,,,,,Purchase,,,,,
TradeType,91,,,,,,,,,,,Purchase,,,,,
TradeType,92,,,,,,,,,,,Purchase,,,,,
TradeType,93,,,,,,,,,,,Sale,,,,,
TradeType,94,,,,,,,,,,,Sale,,,,,
L_T#,1,,,,,,,,,,,500,,,,,
L_T#,2,,,,,,,,,,,1000,,,,,
L_T#,3,,,,,,,,,,,10000,,,,,
L_T#,4,,,,,,,,,,,500,,,,,
L_T#,5,,,,,,,,,,,15000,,,,,
L_T#,6,,,,,,,,,,,400,,,,,
L_T#,7,,,,,,,,,,,300,,,,,
L_T#,8,,,,,,,,,,,1,,,,,
L_T#,9,,,,,,,,,,,5000,,,,,
L_T#,10,,,,,,,,,,,12500,,,,,
L_T#,11,,,,,,,,,,,104,,,,,
L_T#,12,,,,,,,,,,,500,,,,,
L_T#,13,,,,,,,,,,,249,,,,,
L_T#,14,,,,,,,,,,,10000,,,,,
L_T#,15,,,,,,,,,,,800,,,,,
L_T#,16,,,,,,,,,,,4000,,,,,
L_T#,17,,,,,,,,,,,700,,,,,
L_T#,18,,,,,,,,,,,2000,,,,,
L_T#,19,,,,,,,,,,,5000,,,,,
L_T#,20,,,,,,,,,,,25000,,,,,
L_T#,21,,,,,,,,,,,9,,,,,
L_T#,22,,,,,,,,,,,2800,,,,,
L_T#,23,,,,,,,,,,,4000,,,,,
L_T#,24,,,,,,,,,,,20000,,,,,
L_T#,25,,,,,,,,,,,2000,,,,,
L_T#,26,,,,,,,,,,,3000,,,,,
L_T#,27,,,,,,,,,,,990,,,,,
L_T#,28,,,,,,,,,,,3000,,,,,
L_T#,29,,,,,,,,,,,140,,,,,
L_T#,30,,,,,,,,,,,500,,,,,
L_T#,31,,,,,,,,,,,1000,,,,,
L_T#,32,,,,,,,,,,,5000,,,,,
L_T#,33,,,,,,,,,,,25000,,,,,
L_T#,34,,,,,,,,,,,1000,,,,,
L_T#,35,,,,,,,,,,,2000,,,,,
L_T#,36,,,,,,,,,,,2500,,,,,
L_T#,37,,,,,,,,,,,6006,,,,,
L_T#,38,,,,,,,,,,,1199,,,,,
L_T#,39,,,,,,,,,,,1990,,,,,
L_T#,40,,,,,,,,,,,200,,,,,
L_T#,41,,,,,,,,,,,2500,,,,,
L_T#,42,,,,,,,,,,,3000,,,,,
L_T#,43,,,,,,,,,,,9,,,,,
L_T#,44,,,,,,,,,,,300,,,,,
L_T#,45,,,,,,,,,,,350,,,,,
L_T#,46,,,,,,,,,,,2235,,,,,
L_T#,47,,,,,,,,,,,400,,,,,
L_T#,48,,,,,,,,,,,1500,,,,,
L_T#,49,,,,,,,,,,,4999,,,,,
L_T#,50,,,,,,,,,,,4000,,,,,
L_T#,51,,,,,,,,,,,499,,,,,
L_T#,52,,,,,,,,,,,1700,,,,,
L_T#,53,,,,,,,,,,,20000,,,,,
L_T#,54,,,,,,,,,,,5000,,,,,
L_T#,55,,,,,,,,,,,4000,,,,,
L_T#,56,,,,,,,,,,,2990,,,,,
L_T#,57,,,,,,,,,,,3000,,,,,
L_T#,58,,,,,,,,,,,MVEEZJ1,,,,,
L_T#,59,,,,,,,,,,,1500,,,,,
L_T#,60,,,,,,,,,,,1800,,,,,
L_T#,61,,,,,,,,,,,3999,,,,,
L_T#,62,,,,,,,,,,,100,,,,,
L_T#,63,,,,,,,,,,,39,,,,,
L_T#,64,,,,,,,,,,,500,,,,,
L_T#,65,,,,,,,,,,,500,,,,,
L_T#,66,,,,,,,,,,,250,,,,,
L_T#,67,,,,,,,,,,,11000,,,,,
L_T#,68,,,,,,,,,,,530,,,,,
L_T#,69,,,,,,,,,,,2000,,,,,
L_T#,70,,,,,,,,,,,100000,,,,,
L_T#,71,,,,,,,,,,,3000,,,,,
L_T#,72,,,,,,,,,,,12000,,,,,
L_T#,73,,,,,,,,,,,5000,,,,,
L_T#,74,,,,,,,,,,,10000,,,,,
L_T#,75,,,,,,,,,,,3000,,,,,
L_T#,76,,,,,,,,,,,2000,,,,,
L_T#,77,,,,,,,,,,,350,,,,,
L_T#,78,,,,,,,,,,,100,,,,,
L_T#,79,,,,,,,,,,,9647,,,,,
L_T#,80,,,,,,,,,,,1000,,,,,
L_T#,81,,,,,,,,,,,150,,,,,
L_T#,82,,,,,,,,,,,5500,,,,,
L_T#,83,,,,,,,,,,,400,,,,,
L_T#,84,,,,,,,,,,,2000,,,,,
L_T#,85,,,,,,,,,,,1000,,,,,
L_T#,86,,,,,,,,,,,2000,,,,,
L_T#,87,,,,,,,,,,,5000,,,,,
L_T#,88,,,,,,,,,,,5000,,,,,
L_T#,89,,,,,,,,,,,600,,,,,
L_T#,90,,,,,,,,,,,300,,,,,
L_T#,91,,,,,,,,,,,5000,,,,,
L_T#,92,,,,,,,,,,,77100,,,,,
L_T#,93,,,,,,,,,,,200,,,,,
L_T#,94,,,,,,,,,,,3000,,,,,
L_TP,1,,,,,,,,,,,-259.14,,,,,
L_TP,2,,,,,,,,,,,16.86,,,,,
L_TP,3,,,,,,,,,,,-45.6,,,,,
L_TP,4,,,,,,,,,,,-201.04,,,,,
L_TP,5,,,,,,,,,,,-0.93,,,,,
L_TP,6,,,,,,,,,,,-1226.2,,,,,
L_TP,7,,,,,,,,,,,-321.96,,,,,
L_TP,8,,,,,,,,,,,90,,,,,
L_TP,9,,,,,,,,,,,-2.55,,,,,
L_TP,10,,,,,,,,,,,-12.7196,,,,,
L_TP,11,,,,,,,,,,,111.253,,,,,
L_TP,12,,,,,,,,,,,74.18,,,,,
L_TP,13,,,,,,,,,,,74.685,,,,,
L_TP,14,,,,,,,,,,,3.15,,,,,
L_TP,15,,,,,,,,,,,-115.8975,,,,,
L_TP,16,,,,,,,,,,,-24.38,,,,,
L_TP,17,,,,,,,,,,,151.31,,,,,
L_TP,18,,,,,,,,,,,15.35,,,,,
L_TP,19,,,,,,,,,,,18.71,,,,,
L_TP,20,,,,,,,,,,,-382.0466,,,,,
L_TP,21,,,,,,,,,,,76.96,,,,,
L_TP,22,,,,,,,,,,,-22.21,,,,,
L_TP,23,,,,,,,,,,,-25.28,,,,,
L_TP,24,,,,,,,,,,,-346,,,,,
L_TP,25,,,,,,,,,,,66.56,,,,,
L_TP,26,,,,,,,,,,,8.46,,,,,
L_TP,27,,,,,,,,,,,6.8,,,,,
L_TP,28,,,,,,,,,,,48.22,,,,,
L_TP,29,,,,,,,,,,,-472.39,,,,,
L_TP,30,,,,,,,,,,,92.95,,,,,
L_TP,31,,,,,,,,,,,106.2,,,,,
L_TP,32,,,,,,,,,,,-83.49,,,,,
L_TP,33,,,,,,,,,,,-0.54,,,,,
L_TP,34,,,,,,,,,,,45.45,,,,,
L_TP,35,,,,,,,,,,,7.61,,,,,
L_TP,36,,,,,,,,,,,6.79,,,,,
L_TP,37,,,,,,,,,,,-1.1955,,,,,
L_TP,38,,,,,,,,,,,-34.04,,,,,
L_TP,39,,,,,,,,,,,53.58,,,,,
L_TP,40,,,,,,,,,,,-191.38,,,,,
L_TP,41,,,,,,,,,,,17.75,,,,,
L_TP,42,,,,,,,,,,,12.7675333,,,,,
L_TP,43,,,,,,,,,,,-400.45,,,,,
L_TP,44,,,,,,,,,,,288.85,,,,,
L_TP,45,,,,,,,,,,,-37.2407,,,,,
L_TP,46,,,,,,,,,,,10.31,,,,,
L_TP,47,,,,,,,,,,,35.12,,,,,
L_TP,48,,,,,,,,,,,69.5,,,,,
L_TP,49,,,,,,,,,,,12.8314,,,,,
L_TP,50,,,,,,,,,,,11.2511,,,,,
L_TP,51,,,,,,,,,,,143.72,,,,,
L_TP,52,,,,,,,,,,,-5.8,,,,,
L_TP,53,,,,,,,,,,,-0.9582865,,,,,
L_TP,54,,,,,,,,,,,3.52,,,,,
L_TP,55,,,,,,,,,,,-24.36,,,,,
L_TP,56,,,,,,,,,,,12.56,,,,,
L_TP,57,,,,,,,,,,,17.22,,,,,
L_TP,58,,,,,,,,,,,MVEEZJ2,,,,,
L_TP,59,,,,,,,,,,,-64,,,,,
L_TP,60,,,,,,,,,,,16.51,,,,,
L_TP,61,,,,,,,,,,,33.36,,,,,
L_TP,62,,,,,,,,,,,-191.33,,,,,
L_TP,63,,,,,,,,,,,-37.425,,,,,
L_TP,64,,,,,,,,,,,-250.77,,,,,
L_TP,65,,,,,,,,,,,221.65,,,,,
L_TP,66,,,,,,,,,,,963.04,,,,,
L_TP,67,,,,,,,,,,,3.16,,,,,
L_TP,68,,,,,,,,,,,-112.98,,,,,
L_TP,69,,,,,,,,,,,48.6334,,,,,
L_TP,70,,,,,,,,,,,301.92,,,,,
L_TP,71,,,,,,,,,,,44.66,,,,,
L_TP,72,,,,,,,,,,,1.91,,,,,
L_TP,73,,,,,,,,,,,16.82,,,,,
L_TP,74,,,,,,,,,,,-480.9,,,,,
L_TP,75,,,,,,,,,,,12.02,,,,,
L_TP,76,,,,,,,,,,,31.1,,,,,
L_TP,77,,,,,,,,,,,215.83,,,,,
L_TP,78,,,,,,,,,,,631.9,,,,,
L_TP,79,,,,,,,,,,,-6.44,,,,,
L_TP,80,,,,,,,,,,,41.84,,,,,
L_TP,81,,,,,,,,,,,-517.04,,,,,
L_TP,82,,,,,,,,,,,-10.14,,,,,
L_TP,83,,,,,,,,,,,103.0105,,,,,
L_TP,84,,,,,,,,,,,12.03,,,,,
L_TP,85,,,,,,,,,,,-47.24,,,,,
L_TP,86,,,,,,,,,,,26.95,,,,,
L_TP,87,,,,,,,,,,,6.875,,,,,
L_TP,88,,,,,,,,,,,35.859,,,,,
L_TP,89,,,,,,,,,,,-76.94,,,,,
L_TP,90,,,,,,,,,,,-201.24,,,,,
L_TP,91,,,,,,,,,,,-19.77,,,,,
L_TP,92,,,,,,,,,,,-5.34,,,,,
L_TP,93,,,,,,,,,,,962.8,,,,,
L_TP,94,,,,,,,,,,,17.87,,,,,
Resale(ME),1,,,,,,,,,,,455600.0,,,,,
Resale(ME),2,,,,,,,,,,,69756.12786000001,,,,,
Resale(ME),3,,,,,,,,,,,27170663.775810182,,,,,
Resale(ME),4,,,,,,,,,,,434466.7295995,,,,,
Resale(ME),5,,,,,,,,,,,-1720397.3359710025,,,,,
Resale(ME),6,,,,,,,,,,,1168080.1083,,,,,
Resale(ME),7,,,,,,,,,,,22417.76200000004,,,,,
Resale(ME),8,,,,,,,,,,,0.0,,,,,
Resale(ME),9,,,,,,,,,,,12260.640000000012,,,,,
Resale(ME),10,,,,,,,,,,,-131908.38700000002,,,,,
Resale(ME),11,,,,,,,,,,,25.5604042857143,,,,,
Resale(ME),12,,,,,,,,,,,7897.640000000003,,,,,
Resale(ME),13,,,,,,,,,,,22.618063905999996,,,,,
Resale(ME),14,,,,,,,,,,,-93485.13999999998,,,,,
Resale(ME),15,,,,,,,,,,,-15071.892399999995,,,,,
Resale(ME),16,,,,,,,,,,,-105805.50799999997,,,,,
Resale(ME),17,,,,,,,,,,,9053.290800000002,,,,,
Resale(ME),18,,,,,,,,,,,-8650.591999999997,,,,,
Resale(ME),19,,,,,,,,,,,41073.4006,,,,,
Resale(ME),20,,,,,,,,,,,48015506.478777125,,,,,
Resale(ME),21,,,,,,,,,,,29.917642400000005,,,,,
Resale(ME),22,,,,,,,,,,,45903.42527053521,,,,,
Resale(ME),23,,,,,,,,,,,-66945.186,,,,,
Resale(ME),24,,,,,,,,,,,14762115.975600002,,,,,
Resale(ME),25,,,,,,,,,,,5145.674542857151,,,,,
Resale(ME),26,,,,,,,,,,,0.0,,,,,
Resale(ME),27,,,,,,,,,,,24.03522420000001,,,,,
Resale(ME),28,,,,,,,,,,,-184964.53087799996,,,,,
Resale(ME),29,,,,,,,,,,,353151.5470400001,,,,,
Resale(ME),30,,,,,,,,,,,31459.324514343465,,,,,
Resale(ME),31,,,,,,,,,,,829011.5905660003,,,,,
Resale(ME),32,,,,,,,,,,,-395089.37324999913,,,,,
Resale(ME),33,,,,,,,,,,,-433532.38627464,,,,,
Resale(ME),34,,,,,,,,,,,21057.127999999997,,,,,
Resale(ME),35,,,,,,,,,,,2473.0120000000006,,,,,
Resale(ME),36,,,,,,,,,,,19286.159273000038,,,,,
Resale(ME),37,,,,,,,,,,,-2566.12504052,,,,,
Resale(ME),38,,,,,,,,,,,7793.465400000018,,,,,
Resale(ME),39,,,,,,,,,,,304.76238000000006,,,,,
Resale(ME),40,,,,,,,,,,,-406633.59596842085,,,,,
Resale(ME),41,,,,,,,,,,,86655.30233759999,,,,,
Resale(ME),42,,,,,,,,,,,-335080.469314,,,,,
Resale(ME),43,,,,,,,,,,,81.90074000000038,,,,,
Resale(ME),44,,,,,,,,,,,715924.5498000002,,,,,
Resale(ME),45,,,,,,,,,,,-8122.524930000004,,,,,
Resale(ME),46,,,,,,,,,,,6729.0999999999985,,,,,
Resale(ME),47,,,,,,,,,,,18396.334192307695,,,,,
Resale(ME),48,,,,,,,,,,,23739.987999999998,,,,,
Resale(ME),49,,,,,,,,,,,4.125404,,,,,
Resale(ME),50,,,,,,,,,,,-30258.167219999996,,,,,
Resale(ME),51,,,,,,,,,,,41.816382000000004,,,,,
Resale(ME),52,,,,,,,,,,,-28879.036055999983,,,,,
Resale(ME),53,,,,,,,,,,,-392634.7015463924,,,,,
Resale(ME),54,,,,,,,,,,,-5613.699999999997,,,,,
Resale(ME),55,,,,,,,,,,,-268799.32,,,,,
Resale(ME),56,,,,,,,,,,,87.36243999999999,,,,,
Resale(ME),57,,,,,,,,,,,298829.87923500006,,,,,
Resale(ME),58,,,,,,,,,,,0.0,,,,,
Resale(ME),59,,,,,,,,,,,28375.914000000008,,,,,
Resale(ME),60,,,,,,,,,,,106715.75236363636,,,,,
Resale(ME),61,,,,,,,,,,,25.738953000000002,,,,,
Resale(ME),62,,,,,,,,,,,-107140.55435999998,,,,,
Resale(ME),63,,,,,,,,,,,-1707.8205629999998,,,,,
Resale(ME),64,,,,,,,,,,,51098.77851476576,,,,,
Resale(ME),65,,,,,,,,,,,42626.670000000035,,,,,
Resale(ME),66,,,,,,,,,,,0.0,,,,,
Resale(ME),67,,,,,,,,,,,-153640.4939,,,,,
Resale(ME),68,,,,,,,,,,,-13232.985060000005,,,,,
Resale(ME),69,,,,,,,,,,,0.0,,,,,
Resale(ME),70,,,,,,,,,,,0.0,,,,,
Resale(ME),71,,,,,,,,,,,-21229.247598520018,,,,,
Resale(ME),72,,,,,,,,,,,-193691.39639999994,,,,,
Resale(ME),73,,,,,,,,,,,47606.69,,,,,
Resale(ME),74,,,,,,,,,,,-1387652.519999999,,,,,
Resale(ME),75,,,,,,,,,,,0.0,,,,,
Resale(ME),76,,,,,,,,,,,0.0,,,,,
Resale(ME),77,,,,,,,,,,,14182.731200000006,,,,,
Resale(ME),78,,,,,,,,,,,0.0,,,,,
Resale(ME),79,,,,,,,,,,,-336984.1269839999,,,,,
Resale(ME),80,,,,,,,,,,,7003.264563428568,,,,,
Resale(ME),81,,,,,,,,,,,-18853.2785,,,,,
Resale(ME),82,,,,,,,,,,,-12441.468799999988,,,,,
Resale(ME),83,,,,,,,,,,,0.0,,,,,
Resale(ME),84,,,,,,,,,,,0.0,,,,,
Resale(ME),85,,,,,,,,,,,16177.02146000002,,,,,
Resale(ME),86,,,,,,,,,,,0.0,,,,,
Resale(ME),87,,,,,,,,,,,50114.26254545455,,,,,
Resale(ME),88,,,,,,,,,,,0.0,,,,,
Resale(ME),89,,,,,,,,,,,-8652.026399999993,,,,,
Resale(ME),90,,,,,,,,,,,61382.23809900002,,,,,
Resale(ME),91,,,,,,,,,,,-63373.47367799998,,,,,
Resale(ME),92,,,,,,,,,,,359603.3436000001,,,,,
Resale(ME),93,,,,,,,,,,,0.0,,,,,
Resale(ME),94,,,,,,,,,,,64010.46594205714,,,,,
First_Sdate,1,,,,,,,,,,,2024-03-06 00:00:00,,,,,
First_Sdate,2,,,,,,,,,,,2024-03-18 00:00:00,,,,,
First_Sdate,3,,,,,,,,,,,2024-05-30 00:00:00,,,,,
First_Sdate,4,,,,,,,,,,,2024-01-07 00:00:00,,,,,
First_Sdate,5,,,,,,,,,,,00:00:00,,,,,
First_Sdate,6,,,,,,,,,,,2024-06-10 00:00:00,,,,,
First_Sdate,7,,,,,,,,,,,2024-03-12 00:00:00,,,,,
First_Sdate,8,,,,,,,,,,,2024-03-18 00:00:00,,,,,
First_Sdate,9,,,,,,,,,,,2024-05-22 00:00:00,,,,,
First_Sdate,10,,,,,,,,,,,00:00:00,,,,,
First_Sdate,11,,,,,,,,,,,2024-03-25 00:00:00,,,,,
First_Sdate,12,,,,,,,,,,,2024-07-29 00:00:00,,,,,
First_Sdate,13,,,,,,,,,,,2024-04-08 00:00:00,,,,,
First_Sdate,14,,,,,,,,,,,2023-12-18 00:00:00,,,,,
First_Sdate,15,,,,,,,,,,,2024-03-18 00:00:00,,,,,
First_Sdate,16,,,,,,,,,,,2011-01-01 00:00:00,,,,,
First_Sdate,17,,,,,,,,,,,2011-01-01 00:00:00,,,,,
First_Sdate,18,,,,,,,,,,,2024-06-13 00:00:00,,,,,
First_Sdate,19,,,,,,,,,,,2023-11-28 00:00:00,,,,,
First_Sdate,20,,,,,,,,,,,2025-10-25 00:00:00,,,,,
First_Sdate,21,,,,,,,,,,,2024-04-08 00:00:00,,,,,
First_Sdate,22,,,,,,,,,,,2011-01-01 00:00:00,,,,,
First_Sdate,23,,,,,,,,,,,2024-03-18 00:00:00,,,,,
First_Sdate,24,,,,,,,,,,,2024-02-22 00:00:00,,,,,
First_Sdate,25,,,,,,,,,,,2024-01-08 00:00:00,,,,,
First_Sdate,26,,,,,,,,,,,2024-06-10 00:00:00,,,,,
First_Sdate,27,,,,,,,,,,,2024-07-24 00:00:00,,,,,
First_Sdate,28,,,,,,,,,,,2024-06-25 00:00:00,,,,,
First_Sdate,29,,,,,,,,,,,2011-01-01 00:00:00,,,,,
First_Sdate,30,,,,,,,,,,,2024-05-30 00:00:00,,,,,
First_Sdate,31,,,,,,,,,,,2024-05-30 00:00:00,,,,,
First_Sdate,32,,,,,,,,,,,2024-03-14 00:00:00,,,,,
First_Sdate,33,,,,,,,,,,,00:00:00,,,,,
First_Sdate,34,,,,,,,,,,,2024-07-16 00:00:00,,,,,
First_Sdate,35,,,,,,,,,,,2024-02-27 00:00:00,,,,,
First_Sdate,36,,,,,,,,,,,2024-09-18 00:00:00,,,,,
First_Sdate,37,,,,,,,,,,,2011-01-01 00:00:00,,,,,
First_Sdate,38,,,,,,,,,,,2024-02-27 00:00:00,,,,,
First_Sdate,39,,,,,,,,,,,2024-04-26 00:00:00,,,,,
First_Sdate,40,,,,,,,,,,,2020-04-29 00:00:00,,,,,
First_Sdate,41,,,,,,,,,,,2024-03-26 00:00:00,,,,,
First_Sdate,42,,,,,,,,,,,2024-03-18 00:00:00,,,,,
First_Sdate,43,,,,,,,,,,,2024-05-27 00:00:00,,,,,
First_Sdate,44,,,,,,,,,,,2024-03-18 00:00:00,,,,,
First_Sdate,45,,,,,,,,,,,2024-02-27 00:00:00,,,,,
First_Sdate,46,,,,,,,,,,,2026-04-02 00:00:00,,,,,
First_Sdate,47,,,,,,,,,,,2011-01-01 00:00:00,,,,,
First_Sdate,48,,,,,,,,,,,2024-02-21 00:00:00,,,,,
First_Sdate,49,,,,,,,,,,,2024-07-24 00:00:00,,,,,
First_Sdate,50,,,,,,,,,,,2024-03-28 00:00:00,,,,,
First_Sdate,51,,,,,,,,,,,2024-02-22 00:00:00,,,,,
First_Sdate,52,,,,,,,,,,,2024-03-28 00:00:00,,,,,
First_Sdate,53,,,,,,,,,,,00:00:00,,,,,
First_Sdate,54,,,,,,,,,,,2024-01-05 00:00:00,,,,,
First_Sdate,55,,,,,,,,,,,2024-02-27 00:00:00,,,,,
First_Sdate,56,,,,,,,,,,,2023-10-13 00:00:00,,,,,
First_Sdate,57,,,,,,,,,,,2024-07-02 00:00:00,,,,,
First_Sdate,58,,,,,,,,,,,00:00:00,,,,,
First_Sdate,59,,,,,,,,,,,2024-03-15 00:00:00,,,,,
First_Sdate,60,,,,,,,,,,,2024-02-27 00:00:00,,,,,
First_Sdate,61,,,,,,,,,,,2023-10-31 00:00:00,,,,,
First_Sdate,62,,,,,,,,,,,2024-01-24 00:00:00,,,,,
First_Sdate,63,,,,,,,,,,,2024-10-02 00:00:00,,,,,
First_Sdate,64,,,,,,,,,,,2024-03-26 00:00:00,,,,,
First_Sdate,65,,,,,,,,,,,2024-02-26 00:00:00,,,,,
First_Sdate,66,,,,,,,,,,,2024-02-08 00:00:00,,,,,
First_Sdate,67,,,,,,,,,,,2024-03-01 00:00:00,,,,,
First_Sdate,68,,,,,,,,,,,2024-02-28 00:00:00,,,,,
First_Sdate,69,,,,,,,,,,,2022-10-11 00:00:00,,,,,
First_Sdate,70,,,,,,,,,,,2024-04-05 00:00:00,,,,,
First_Sdate,71,,,,,,,,,,,2024-03-01 00:00:00,,,,,
First_Sdate,72,,,,,,,,,,,2024-03-14 00:00:00,,,,,
First_Sdate,73,,,,,,,,,,,2024-02-06 00:00:00,,,,,
First_Sdate,74,,,,,,,,,,,2024-02-23 00:00:00,,,,,
First_Sdate,75,,,,,,,,,,,2024-03-28 00:00:00,,,,,
First_Sdate,76,,,,,,,,,,,2021-08-12 00:00:00,,,,,
First_Sdate,77,,,,,,,,,,,2022-10-11 00:00:00,,,,,
First_Sdate,78,,,,,,,,,,,2024-04-04 00:00:00,,,,,
First_Sdate,79,,,,,,,,,,,00:00:00,,,,,
First_Sdate,80,,,,,,,,,,,2024-02-14 00:00:00,,,,,
First_Sdate,81,,,,,,,,,,,2022-11-10 00:00:00,,,,,
First_Sdate,82,,,,,,,,,,,2024-05-31 00:00:00,,,,,
First_Sdate,83,,,,,,,,,,,2024-01-03 00:00:00,,,,,
First_Sdate,84,,,,,,,,,,,2024-07-17 00:00:00,,,,,
First_Sdate,85,,,,,,,,,,,2024-01-22 00:00:00,,,,,
First_Sdate,86,,,,,,,,,,,2024-03-27 00:00:00,,,,,
First_Sdate,87,,,,,,,,,,,2024-02-28 00:00:00,,,,,
First_Sdate,88,,,,,,,,,,,2024-01-10 00:00:00,,,,,
First_Sdate,89,,,,,,,,,,,2022-10-11 00:00:00,,,,,
First_Sdate,90,,,,,,,,,,,2024-01-10 00:00:00,,,,,
First_Sdate,91,,,,,,,,,,,00:00:00,,,,,
First_Sdate,92,,,,,,,,,,,00:00:00,,,,,
First_Sdate,93,,,,,,,,,,,2025-09-29 00:00:00,,,,,
First_Sdate,94,,,,,,,,,,,2024-05-24 00:00:00,,,,,
Last_Sdate,1,,,,,,,,,,,2025-11-04 00:00:00,,,,,
Last_Sdate,2,,,,,,,,,,,2025-09-22 00:00:00,,,,,
Last_Sdate,3,,,,,,,,,,,2025-06-20 00:00:00,,,,,
Last_Sdate,4,,,,,,,,,,,2025-09-29 00:00:00,,,,,
Last_Sdate,5,,,,,,,,,,,00:00:00,,,,,
Last_Sdate,6,,,,,,,,,,,2026-02-24 00:00:00,,,,,
Last_Sdate,7,,,,,,,,,,,2025-11-17 00:00:00,,,,,
Last_Sdate,8,,,,,,,,,,,2026-02-24 00:00:00,,,,,
Last_Sdate,9,,,,,,,,,,,2025-10-10 00:00:00,,,,,
Last_Sdate,10,,,,,,,,,,,00:00:00,,,,,
Last_Sdate,11,,,,,,,,,,,2025-12-17 00:00:00,,,,,
Last_Sdate,12,,,,,,,,,,,2026-01-14 00:00:00,,,,,
Last_Sdate,13,,,,,,,,,,,2025-09-25 00:00:00,,,,,
Last_Sdate,14,,,,,,,,,,,2025-10-07 00:00:00,,,,,
Last_Sdate,15,,,,,,,,,,,2025-06-25 00:00:00,,,,,
Last_Sdate,16,,,,,,,,,,,2025-10-08 00:00:00,,,,,
Last_Sdate,17,,,,,,,,,,,2026-02-23 00:00:00,,,,,
Last_Sdate,18,,,,,,,,,,,2025-12-17 00:00:00,,,,,
Last_Sdate,19,,,,,,,,,,,2026-02-17 00:00:00,,,,,
Last_Sdate,20,,,,,,,,,,,2025-12-19 00:00:00,,,,,
Last_Sdate,21,,,,,,,,,,,2025-12-09 00:00:00,,,,,
Last_Sdate,22,,,,,,,,,,,2025-12-19 00:00:00,,,,,
Last_Sdate,23,,,,,,,,,,,2025-10-15 00:00:00,,,,,
Last_Sdate,24,,,,,,,,,,,2026-02-09 00:00:00,,,,,
Last_Sdate,25,,,,,,,,,,,2026-02-05 00:00:00,,,,,
Last_Sdate,26,,,,,,,,,,,2025-01-10 00:00:00,,,,,
Last_Sdate,27,,,,,,,,,,,2025-10-09 00:00:00,,,,,
Last_Sdate,28,,,,,,,,,,,2026-01-26 00:00:00,,,,,
Last_Sdate,29,,,,,,,,,,,2025-12-31 00:00:00,,,,,
Last_Sdate,30,,,,,,,,,,,2026-02-17 00:00:00,,,,,
Last_Sdate,31,,,,,,,,,,,2026-01-06 00:00:00,,,,,
Last_Sdate,32,,,,,,,,,,,2025-10-20 00:00:00,,,,,
Last_Sdate,33,,,,,,,,,,,00:00:00,,,,,
Last_Sdate,34,,,,,,,,,,,2025-11-28 00:00:00,,,,,
Last_Sdate,35,,,,,,,,,,,2025-12-17 00:00:00,,,,,
Last_Sdate,36,,,,,,,,,,,2025-12-19 00:00:00,,,,,
Last_Sdate,37,,,,,,,,,,,2024-08-19 00:00:00,,,,,
Last_Sdate,38,,,,,,,,,,,2025-11-25 00:00:00,,,,,
Last_Sdate,39,,,,,,,,,,,2026-01-29 00:00:00,,,,,
Last_Sdate,40,,,,,,,,,,,2025-10-10 00:00:00,,,,,
Last_Sdate,41,,,,,,,,,,,2026-01-15 00:00:00,,,,,
Last_Sdate,42,,,,,,,,,,,2025-02-06 00:00:00,,,,,
Last_Sdate,43,,,,,,,,,,,2025-10-14 00:00:00,,,,,
Last_Sdate,44,,,,,,,,,,,2025-11-06 00:00:00,,,,,
Last_Sdate,45,,,,,,,,,,,2025-02-27 00:00:00,,,,,
Last_Sdate,46,,,,,,,,,,,2026-04-02 00:00:00,,,,,
Last_Sdate,47,,,,,,,,,,,2026-01-23 00:00:00,,,,,
Last_Sdate,48,,,,,,,,,,,2026-04-01 00:00:00,,,,,
Last_Sdate,49,,,,,,,,,,,2026-01-15 00:00:00,,,,,
Last_Sdate,50,,,,,,,,,,,2025-05-19 00:00:00,,,,,
Last_Sdate,51,,,,,,,,,,,2026-02-03 00:00:00,,,,,
Last_Sdate,52,,,,,,,,,,,2024-12-18 00:00:00,,,,,
Last_Sdate,53,,,,,,,,,,,00:00:00,,,,,
Last_Sdate,54,,,,,,,,,,,2024-11-06 00:00:00,,,,,
Last_Sdate,55,,,,,,,,,,,2025-02-12 00:00:00,,,,,
Last_Sdate,56,,,,,,,,,,,2025-02-26 00:00:00,,,,,
Last_Sdate,57,,,,,,,,,,,2026-01-30 00:00:00,,,,,
Last_Sdate,58,,,,,,,,,,,00:00:00,,,,,
Last_Sdate,59,,,,,,,,,,,2025-12-29 00:00:00,,,,,
Last_Sdate,60,,,,,,,,,,,2026-02-11 00:00:00,,,,,
Last_Sdate,61,,,,,,,,,,,2025-06-03 00:00:00,,,,,
Last_Sdate,62,,,,,,,,,,,2025-06-03 00:00:00,,,,,
Last_Sdate,63,,,,,,,,,,,2025-02-14 00:00:00,,,,,
Last_Sdate,64,,,,,,,,,,,2025-10-07 00:00:00,,,,,
Last_Sdate,65,,,,,,,,,,,2025-10-21 00:00:00,,,,,
Last_Sdate,66,,,,,,,,,,,2025-12-03 00:00:00,,,,,
Last_Sdate,67,,,,,,,,,,,2025-10-06 00:00:00,,,,,
Last_Sdate,68,,,,,,,,,,,2025-07-07 00:00:00,,,,,
Last_Sdate,69,,,,,,,,,,,2024-09-03 00:00:00,,,,,
Last_Sdate,70,,,,,,,,,,,2024-12-20 00:00:00,,,,,
Last_Sdate,71,,,,,,,,,,,2026-01-28 00:00:00,,,,,
Last_Sdate,72,,,,,,,,,,,2025-10-16 00:00:00,,,,,
Last_Sdate,73,,,,,,,,,,,2026-01-27 00:00:00,,,,,
Last_Sdate,74,,,,,,,,,,,2025-05-16 00:00:00,,,,,
Last_Sdate,75,,,,,,,,,,,2025-10-20 00:00:00,,,,,
Last_Sdate,76,,,,,,,,,,,2025-01-30 00:00:00,,,,,
Last_Sdate,77,,,,,,,,,,,2026-02-12 00:00:00,,,,,
Last_Sdate,78,,,,,,,,,,,2025-01-22 00:00:00,,,,,
Last_Sdate,79,,,,,,,,,,,00:00:00,,,,,
Last_Sdate,80,,,,,,,,,,,2025-12-12 00:00:00,,,,,
Last_Sdate,81,,,,,,,,,,,2025-09-19 00:00:00,,,,,
Last_Sdate,82,,,,,,,,,,,2025-11-10 00:00:00,,,,,
Last_Sdate,83,,,,,,,,,,,2025-01-29 00:00:00,,,,,
Last_Sdate,84,,,,,,,,,,,2025-04-01 00:00:00,,,,,
Last_Sdate,85,,,,,,,,,,,2025-02-19 00:00:00,,,,,
Last_Sdate,86,,,,,,,,,,,2026-02-10 00:00:00,,,,,
Last_Sdate,87,,,,,,,,,,,2026-03-26 00:00:00,,,,,
Last_Sdate,88,,,,,,,,,,,2025-01-03 00:00:00,,,,,
Last_Sdate,89,,,,,,,,,,,2024-07-31 00:00:00,,,,,
Last_Sdate,90,,,,,,,,,,,2025-10-07 00:00:00,,,,,
Last_Sdate,91,,,,,,,,,,,00:00:00,,,,,
Last_Sdate,92,,,,,,,,,,,00:00:00,,,,,
Last_Sdate,93,,,,,,,,,,,2025-12-03 00:00:00,,,,,
Last_Sdate,94,,,,,,,,,,,2026-02-09 00:00:00,,,,,
First_Bdate,1,,,,,,,,,,,2011-01-01 00:00:00,,,,,
First_Bdate,2,,,,,,,,,,,2011-01-01 00:00:00,,,,,
First_Bdate,3,,,,,,,,,,,2011-01-01 00:00:00,,,,,
First_Bdate,4,,,,,,,,,,,2011-01-01 00:00:00,,,,,
First_Bdate,5,,,,,,,,,,,2011-01-01 00:00:00,,,,,
First_Bdate,6,,,,,,,,,,,2024-05-31 00:00:00,,,,,
First_Bdate,7,,,,,,,,,,,2011-01-01 00:00:00,,,,,
First_Bdate,8,,,,,,,,,,,2011-01-01 00:00:00,,,,,
First_Bdate,9,,,,,,,,,,,2011-01-01 00:00:00,,,,,
First_Bdate,10,,,,,,,,,,,2011-01-01 00:00:00,,,,,
First_Bdate,11,,,,,,,,,,,2011-01-01 00:00:00,,,,,
First_Bdate,12,,,,,,,,,,,2011-01-01 00:00:00,,,,,
First_Bdate,13,,,,,,,,,,,2011-01-01 00:00:00,,,,,
First_Bdate,14,,,,,,,,,,,2011-01-01 00:00:00,,,,,
First_Bdate,15,,,,,,,,,,,2011-01-01 00:00:00,,,,,
First_Bdate,16,,,,,,,,,,,2011-01-01 00:00:00,,,,,
First_Bdate,17,,,,,,,,,,,2011-01-01 00:00:00,,,,,
First_Bdate,18,,,,,,,,,,,2011-01-01 00:00:00,,,,,
First_Bdate,19,,,,,,,,,,,2011-01-01 00:00:00,,,,,
First_Bdate,20,,,,,,,,,,,2025-01-08 00:00:00,,,,,
First_Bdate,21,,,,,,,,,,,2011-01-01 00:00:00,,,,,
First_Bdate,22,,,,,,,,,,,2011-01-01 00:00:00,,,,,
First_Bdate,23,,,,,,,,,,,2011-01-01 00:00:00,,,,,
First_Bdate,24,,,,,,,,,,,2011-01-01 00:00:00,,,,,
First_Bdate,25,,,,,,,,,,,2011-01-01 00:00:00,,,,,
First_Bdate,26,,,,,,,,,,,2011-01-01 00:00:00,,,,,
First_Bdate,27,,,,,,,,,,,2011-01-01 00:00:00,,,,,
First_Bdate,28,,,,,,,,,,,2011-01-01 00:00:00,,,,,
First_Bdate,29,,,,,,,,,,,2011-01-01 00:00:00,,,,,
First_Bdate,30,,,,,,,,,,,2011-01-01 00:00:00,,,,,
First_Bdate,31,,,,,,,,,,,2011-01-01 00:00:00,,,,,
First_Bdate,32,,,,,,,,,,,2011-01-01 00:00:00,,,,,
First_Bdate,33,,,,,,,,,,,2025-09-03 00:00:00,,,,,
First_Bdate,34,,,,,,,,,,,2011-01-01 00:00:00,,,,,
First_Bdate,35,,,,,,,,,,,2011-01-01 00:00:00,,,,,
First_Bdate,36,,,,,,,,,,,2011-01-01 00:00:00,,,,,
First_Bdate,37,,,,,,,,,,,2011-01-01 00:00:00,,,,,
First_Bdate,38,,,,,,,,,,,2011-01-01 00:00:00,,,,,
First_Bdate,39,,,,,,,,,,,2011-01-01 00:00:00,,,,,
First_Bdate,40,,,,,,,,,,,2017-04-28 00:00:00,,,,,
First_Bdate,41,,,,,,,,,,,2011-01-01 00:00:00,,,,,
First_Bdate,42,,,,,,,,,,,2011-01-01 00:00:00,,,,,
First_Bdate,43,,,,,,,,,,,2011-01-01 00:00:00,,,,,
First_Bdate,44,,,,,,,,,,,2011-01-01 00:00:00,,,,,
First_Bdate,45,,,,,,,,,,,2011-01-01 00:00:00,,,,,
First_Bdate,46,,,,,,,,,,,2025-08-05 00:00:00,,,,,
First_Bdate,47,,,,,,,,,,,2011-01-01 00:00:00,,,,,
First_Bdate,48,,,,,,,,,,,2011-01-01 00:00:00,,,,,
First_Bdate,49,,,,,,,,,,,2011-01-01 00:00:00,,,,,
First_Bdate,50,,,,,,,,,,,2011-01-01 00:00:00,,,,,
First_Bdate,51,,,,,,,,,,,2011-01-01 00:00:00,,,,,
First_Bdate,52,,,,,,,,,,,2011-01-01 00:00:00,,,,,
First_Bdate,53,,,,,,,,,,,2011-01-01 00:00:00,,,,,
First_Bdate,54,,,,,,,,,,,2011-01-01 00:00:00,,,,,
First_Bdate,55,,,,,,,,,,,2011-01-01 00:00:00,,,,,
First_Bdate,56,,,,,,,,,,,2011-01-01 00:00:00,,,,,
First_Bdate,57,,,,,,,,,,,2011-01-01 00:00:00,,,,,
First_Bdate,58,,,,,,,,,,,,,,,,
First_Bdate,59,,,,,,,,,,,2011-01-01 00:00:00,,,,,
First_Bdate,60,,,,,,,,,,,2011-01-01 00:00:00,,,,,
First_Bdate,61,,,,,,,,,,,2011-01-01 00:00:00,,,,,
First_Bdate,62,,,,,,,,,,,2011-01-01 00:00:00,,,,,
First_Bdate,63,,,,,,,,,,,2011-01-01 00:00:00,,,,,
First_Bdate,64,,,,,,,,,,,2011-01-01 00:00:00,,,,,
First_Bdate,65,,,,,,,,,,,2011-01-01 00:00:00,,,,,
First_Bdate,66,,,,,,,,,,,2011-01-01 00:00:00,,,,,
First_Bdate,67,,,,,,,,,,,2011-01-01 00:00:00,,,,,
First_Bdate,68,,,,,,,,,,,2011-01-01 00:00:00,,,,,
First_Bdate,69,,,,,,,,,,,2011-01-01 00:00:00,,,,,
First_Bdate,70,,,,,,,,,,,2011-01-01 00:00:00,,,,,
First_Bdate,71,,,,,,,,,,,2011-01-01 00:00:00,,,,,
First_Bdate,72,,,,,,,,,,,2011-01-01 00:00:00,,,,,
First_Bdate,73,,,,,,,,,,,2011-01-01 00:00:00,,,,,
First_Bdate,74,,,,,,,,,,,2024-02-08 00:00:00,,,,,
First_Bdate,75,,,,,,,,,,,2011-01-01 00:00:00,,,,,
First_Bdate,76,,,,,,,,,,,2011-01-01 00:00:00,,,,,
First_Bdate,77,,,,,,,,,,,2011-01-01 00:00:00,,,,,
First_Bdate,78,,,,,,,,,,,2011-01-01 00:00:00,,,,,
First_Bdate,79,,,,,,,,,,,2011-01-01 00:00:00,,,,,
First_Bdate,80,,,,,,,,,,,2011-01-01 00:00:00,,,,,
First_Bdate,81,,,,,,,,,,,2011-01-01 00:00:00,,,,,
First_Bdate,82,,,,,,,,,,,2022-08-10 00:00:00,,,,,
First_Bdate,83,,,,,,,,,,,2011-01-01 00:00:00,,,,,
First_Bdate,84,,,,,,,,,,,2011-01-01 00:00:00,,,,,
First_Bdate,85,,,,,,,,,,,2022-11-25 00:00:00,,,,,
First_Bdate,86,,,,,,,,,,,2011-01-01 00:00:00,,,,,
First_Bdate,87,,,,,,,,,,,2011-01-01 00:00:00,,,,,
First_Bdate,88,,,,,,,,,,,2022-11-25 00:00:00,,,,,
First_Bdate,89,,,,,,,,,,,2011-01-01 00:00:00,,,,,
First_Bdate,90,,,,,,,,,,,2022-11-25 00:00:00,,,,,
First_Bdate,91,,,,,,,,,,,2026-03-26 00:00:00,,,,,
First_Bdate,92,,,,,,,,,,,2022-05-25 00:00:00,,,,,
First_Bdate,93,,,,,,,,,,,2025-01-14 00:00:00,,,,,
First_Bdate,94,,,,,,,,,,,2011-01-01 00:00:00,,,,,
Last_Bdate,1,,,,,,,,,,,2026-01-08 00:00:00,,,,,
Last_Bdate,2,,,,,,,,,,,2025-07-17 00:00:00,,,,,
Last_Bdate,3,,,,,,,,,,,2025-10-11 00:00:00,,,,,
Last_Bdate,4,,,,,,,,,,,2026-02-17 00:00:00,,,,,
Last_Bdate,5,,,,,,,,,,,2025-03-18 00:00:00,,,,,
Last_Bdate,6,,,,,,,,,,,2026-04-09 00:00:00,,,,,
Last_Bdate,7,,,,,,,,,,,2026-03-13 00:00:00,,,,,
Last_Bdate,8,,,,,,,,,,,2025-06-20 00:00:00,,,,,
Last_Bdate,9,,,,,,,,,,,2026-01-26 00:00:00,,,,,
Last_Bdate,10,,,,,,,,,,,2011-01-01 00:00:00,,,,,
Last_Bdate,11,,,,,,,,,,,2025-11-04 00:00:00,,,,,
Last_Bdate,12,,,,,,,,,,,2025-09-26 00:00:00,,,,,
Last_Bdate,13,,,,,,,,,,,2025-01-27 00:00:00,,,,,
Last_Bdate,14,,,,,,,,,,,2025-05-13 00:00:00,,,,,
Last_Bdate,15,,,,,,,,,,,2025-09-10 00:00:00,,,,,
Last_Bdate,16,,,,,,,,,,,2026-01-13 00:00:00,,,,,
Last_Bdate,17,,,,,,,,,,,2026-01-14 00:00:00,,,,,
Last_Bdate,18,,,,,,,,,,,2025-07-21 00:00:00,,,,,
Last_Bdate,19,,,,,,,,,,,2025-12-12 00:00:00,,,,,
Last_Bdate,20,,,,,,,,,,,2026-04-02 00:00:00,,,,,
Last_Bdate,21,,,,,,,,,,,2024-08-07 00:00:00,,,,,
Last_Bdate,22,,,,,,,,,,,2026-01-09 00:00:00,,,,,
Last_Bdate,23,,,,,,,,,,,2025-12-03 00:00:00,,,,,
Last_Bdate,24,,,,,,,,,,,2026-03-20 00:00:00,,,,,
Last_Bdate,25,,,,,,,,,,,2026-01-08 00:00:00,,,,,
Last_Bdate,26,,,,,,,,,,,2024-12-17 00:00:00,,,,,
Last_Bdate,27,,,,,,,,,,,2025-01-27 00:00:00,,,,,
Last_Bdate,28,,,,,,,,,,,2025-01-29 00:00:00,,,,,
Last_Bdate,29,,,,,,,,,,,2026-01-02 00:00:00,,,,,
Last_Bdate,30,,,,,,,,,,,2026-01-09 00:00:00,,,,,
Last_Bdate,31,,,,,,,,,,,2025-12-29 00:00:00,,,,,
Last_Bdate,32,,,,,,,,,,,2026-01-30 00:00:00,,,,,
Last_Bdate,33,,,,,,,,,,,2026-03-25 00:00:00,,,,,
Last_Bdate,34,,,,,,,,,,,2025-10-21 00:00:00,,,,,
Last_Bdate,35,,,,,,,,,,,2025-09-24 00:00:00,,,,,
Last_Bdate,36,,,,,,,,,,,2025-11-12 00:00:00,,,,,
Last_Bdate,37,,,,,,,,,,,2025-01-22 00:00:00,,,,,
Last_Bdate,38,,,,,,,,,,,2026-02-12 00:00:00,,,,,
Last_Bdate,39,,,,,,,,,,,2026-01-21 00:00:00,,,,,
Last_Bdate,40,,,,,,,,,,,2026-01-21 00:00:00,,,,,
Last_Bdate,41,,,,,,,,,,,2025-10-29 00:00:00,,,,,
Last_Bdate,42,,,,,,,,,,,2025-01-07 00:00:00,,,,,
Last_Bdate,43,,,,,,,,,,,2026-03-02 00:00:00,,,,,
Last_Bdate,44,,,,,,,,,,,2025-10-22 00:00:00,,,,,
Last_Bdate,45,,,,,,,,,,,2025-07-18 00:00:00,,,,,
Last_Bdate,46,,,,,,,,,,,2025-08-05 00:00:00,,,,,
Last_Bdate,47,,,,,,,,,,,2025-10-29 00:00:00,,,,,
Last_Bdate,48,,,,,,,,,,,2026-03-13 00:00:00,,,,,
Last_Bdate,49,,,,,,,,,,,2025-09-25 00:00:00,,,,,
Last_Bdate,50,,,,,,,,,,,2025-02-06 00:00:00,,,,,
Last_Bdate,51,,,,,,,,,,,2025-09-26 00:00:00,,,,,
Last_Bdate,52,,,,,,,,,,,2026-04-08 00:00:00,,,,,
Last_Bdate,53,,,,,,,,,,,2025-07-24 00:00:00,,,,,
Last_Bdate,54,,,,,,,,,,,2024-09-13 00:00:00,,,,,
Last_Bdate,55,,,,,,,,,,,2026-01-13 00:00:00,,,,,
Last_Bdate,56,,,,,,,,,,,2025-01-21 00:00:00,,,,,
Last_Bdate,57,,,,,,,,,,,2025-05-30 00:00:00,,,,,
Last_Bdate,58,,,,,,,,,,,,,,,,
Last_Bdate,59,,,,,,,,,,,2026-03-20 00:00:00,,,,,
Last_Bdate,60,,,,,,,,,,,2025-08-15 00:00:00,,,,,
Last_Bdate,61,,,,,,,,,,,2025-05-02 00:00:00,,,,,
Last_Bdate,62,,,,,,,,,,,2026-01-21 00:00:00,,,,,
Last_Bdate,63,,,,,,,,,,,2025-07-18 00:00:00,,,,,
Last_Bdate,64,,,,,,,,,,,2026-01-23 00:00:00,,,,,
Last_Bdate,65,,,,,,,,,,,2025-06-11 00:00:00,,,,,
Last_Bdate,66,,,,,,,,,,,2025-08-06 00:00:00,,,,,
Last_Bdate,67,,,,,,,,,,,2025-05-13 00:00:00,,,,,
Last_Bdate,68,,,,,,,,,,,2025-10-06 00:00:00,,,,,
Last_Bdate,69,,,,,,,,,,,2024-07-30 00:00:00,,,,,
Last_Bdate,70,,,,,,,,,,,2024-10-11 00:00:00,,,,,
Last_Bdate,71,,,,,,,,,,,2025-01-22 00:00:00,,,,,
Last_Bdate,72,,,,,,,,,,,2025-06-26 00:00:00,,,,,
Last_Bdate,73,,,,,,,,,,,2025-09-19 00:00:00,,,,,
Last_Bdate,74,,,,,,,,,,,2025-09-02 00:00:00,,,,,
Last_Bdate,75,,,,,,,,,,,2025-02-18 00:00:00,,,,,
Last_Bdate,76,,,,,,,,,,,2025-01-17 00:00:00,,,,,
Last_Bdate,77,,,,,,,,,,,2025-10-22 00:00:00,,,,,
Last_Bdate,78,,,,,,,,,,,2024-10-01 00:00:00,,,,,
Last_Bdate,79,,,,,,,,,,,2025-01-22 00:00:00,,,,,
Last_Bdate,80,,,,,,,,,,,2025-12-05 00:00:00,,,,,
Last_Bdate,81,,,,,,,,,,,2026-03-03 00:00:00,,,,,
Last_Bdate,82,,,,,,,,,,,2026-02-27 00:00:00,,,,,
Last_Bdate,83,,,,,,,,,,,2025-01-06 00:00:00,,,,,
Last_Bdate,84,,,,,,,,,,,2024-09-12 00:00:00,,,,,
Last_Bdate,85,,,,,,,,,,,2025-03-17 00:00:00,,,,,
Last_Bdate,86,,,,,,,,,,,2025-11-26 00:00:00,,,,,
Last_Bdate,87,,,,,,,,,,,2025-09-22 00:00:00,,,,,
Last_Bdate,88,,,,,,,,,,,2024-12-30 00:00:00,,,,,
Last_Bdate,89,,,,,,,,,,,2025-09-19 00:00:00,,,,,
Last_Bdate,90,,,,,,,,,,,2025-10-08 00:00:00,,,,,
Last_Bdate,91,,,,,,,,,,,2026-03-26 00:00:00,,,,,
Last_Bdate,92,,,,,,,,,,,2022-05-25 00:00:00,,,,,
Last_Bdate,93,,,,,,,,,,,2025-01-14 00:00:00,,,,,
Last_Bdate,94,,,,,,,,,,,2025-11-13 00:00:00,,,,,
Min_Sn,1,,,,,,,,,,,200.0,,,,,
Min_Sn,2,,,,,,,,,,,1000.0,,,,,
Min_Sn,3,,,,,,,,,,,20000.0,,,,,
Min_Sn,4,,,,,,,,,,,200.0,,,,,
Min_Sn,5,,,,,,,,,,,0.0,,,,,
Min_Sn,6,,,,,,,,,,,100.0,,,,,
Min_Sn,7,,,,,,,,,,,80.0,,,,,
Min_Sn,8,,,,,,,,,,,1.0,,,,,
Min_Sn,9,,,,,,,,,,,4990.0,,,,,
Min_Sn,10,,,,,,,,,,,0.0,,,,,
Min_Sn,11,,,,,,,,,,,95.0,,,,,
Min_Sn,12,,,,,,,,,,,500.0,,,,,
Min_Sn,13,,,,,,,,,,,249.0,,,,,
Min_Sn,14,,,,,,,,,,,5000.0,,,,,
Min_Sn,15,,,,,,,,,,,100.0,,,,,
Min_Sn,16,,,,,,,,,,,500.0,,,,,
Min_Sn,17,,,,,,,,,,,400.0,,,,,
Min_Sn,18,,,,,,,,,,,2000.0,,,,,
Min_Sn,19,,,,,,,,,,,1250.0,,,,,
Min_Sn,20,,,,,,,,,,,10000.0,,,,,
Min_Sn,21,,,,,,,,,,,9.0,,,,,
Min_Sn,22,,,,,,,,,,,500.0,,,,,
Min_Sn,23,,,,,,,,,,,900.0,,,,,
Min_Sn,24,,,,,,,,,,,100.0,,,,,
Min_Sn,25,,,,,,,,,,,900.0,,,,,
Min_Sn,26,,,,,,,,,,,2276.0,,,,,
Min_Sn,27,,,,,,,,,,,990.0,,,,,
Min_Sn,28,,,,,,,,,,,500.0,,,,,
Min_Sn,29,,,,,,,,,,,140.0,,,,,
Min_Sn,30,,,,,,,,,,,300.0,,,,,
Min_Sn,31,,,,,,,,,,,200.0,,,,,
Min_Sn,32,,,,,,,,,,,1000.0,,,,,
Min_Sn,33,,,,,,,,,,,0.0,,,,,
Min_Sn,34,,,,,,,,,,,500.0,,,,,
Min_Sn,35,,,,,,,,,,,2000.0,,,,,
Min_Sn,36,,,,,,,,,,,2500.0,,,,,
Min_Sn,37,,,,,,,,,,,3000.0,,,,,
Min_Sn,38,,,,,,,,,,,499.0,,,,,
Min_Sn,39,,,,,,,,,,,1000.0,,,,,
Min_Sn,40,,,,,,,,,,,200.0,,,,,
Min_Sn,41,,,,,,,,,,,632.0,,,,,
Min_Sn,42,,,,,,,,,,,2000.0,,,,,
Min_Sn,43,,,,,,,,,,,9.0,,,,,
Min_Sn,44,,,,,,,,,,,300.0,,,,,
Min_Sn,45,,,,,,,,,,,100.0,,,,,
Min_Sn,46,,,,,,,,,,,2235.0,,,,,
Min_Sn,47,,,,,,,,,,,300.0,,,,,
Min_Sn,48,,,,,,,,,,,21.0,,,,,
Min_Sn,49,,,,,,,,,,,4999.0,,,,,
Min_Sn,50,,,,,,,,,,,750.0,,,,,
Min_Sn,51,,,,,,,,,,,190.0,,,,,
Min_Sn,52,,,,,,,,,,,1200.0,,,,,
Min_Sn,53,,,,,,,,,,,0.0,,,,,
Min_Sn,54,,,,,,,,,,,5000.0,,,,,
Min_Sn,55,,,,,,,,,,,780.0,,,,,
Min_Sn,56,,,,,,,,,,,10.0,,,,,
Min_Sn,57,,,,,,,,,,,2000.0,,,,,
Min_Sn,58,,,,,,,,,,,0.0,,,,,
Min_Sn,59,,,,,,,,,,,500.0,,,,,
Min_Sn,60,,,,,,,,,,,500.0,,,,,
Min_Sn,61,,,,,,,,,,,3999.0,,,,,
Min_Sn,62,,,,,,,,,,,90.0,,,,,
Min_Sn,63,,,,,,,,,,,488.0,,,,,
Min_Sn,64,,,,,,,,,,,150.0,,,,,
Min_Sn,65,,,,,,,,,,,300.0,,,,,
Min_Sn,66,,,,,,,,,,,10.0,,,,,
Min_Sn,67,,,,,,,,,,,5000.0,,,,,
Min_Sn,68,,,,,,,,,,,330.0,,,,,
Min_Sn,69,,,,,,,,,,,1000.0,,,,,
Min_Sn,70,,,,,,,,,,,25000.0,,,,,
Min_Sn,71,,,,,,,,,,,200.0,,,,,
Min_Sn,72,,,,,,,,,,,12000.0,,,,,
Min_Sn,73,,,,,,,,,,,2000.0,,,,,
Min_Sn,74,,,,,,,,,,,6000.0,,,,,
Min_Sn,75,,,,,,,,,,,2000.0,,,,,
Min_Sn,76,,,,,,,,,,,490.0,,,,,
Min_Sn,77,,,,,,,,,,,200.0,,,,,
Min_Sn,78,,,,,,,,,,,100.0,,,,,
Min_Sn,79,,,,,,,,,,,0.0,,,,,
Min_Sn,80,,,,,,,,,,,1000.0,,,,,
Min_Sn,81,,,,,,,,,,,100.0,,,,,
Min_Sn,82,,,,,,,,,,,1000.0,,,,,
Min_Sn,83,,,,,,,,,,,190.0,,,,,
Min_Sn,84,,,,,,,,,,,2000.0,,,,,
Min_Sn,85,,,,,,,,,,,600.0,,,,,
Min_Sn,86,,,,,,,,,,,800.0,,,,,
Min_Sn,87,,,,,,,,,,,3000.0,,,,,
Min_Sn,88,,,,,,,,,,,190.0,,,,,
Min_Sn,89,,,,,,,,,,,400.0,,,,,
Min_Sn,90,,,,,,,,,,,200.0,,,,,
Min_Sn,91,,,,,,,,,,,0.0,,,,,
Min_Sn,92,,,,,,,,,,,0.0,,,,,
Min_Sn,93,,,,,,,,,,,200.0,,,,,
Min_Sn,94,,,,,,,,,,,2000.0,,,,,
Min_Sp,1,,,,,,,,,,,193.66,,,,,
Min_Sp,2,,,,,,,,,,,10.8331,,,,,
Min_Sp,3,,,,,,,,,,,52.01,,,,,
Min_Sp,4,,,,,,,,,,,166.94,,,,,
Min_Sp,5,,,,,,,,,,,0.0,,,,,
Min_Sp,6,,,,,,,,,,,636.7,,,,,
Min_Sp,7,,,,,,,,,,,128.188,,,,,
Min_Sp,8,,,,,,,,,,,66.203,,,,,
Min_Sp,9,,,,,,,,,,,1.96,,,,,
Min_Sp,10,,,,,,,,,,,0.0,,,,,
Min_Sp,11,,,,,,,,,,,60.83,,,,,
Min_Sp,12,,,,,,,,,,,45.47,,,,,
Min_Sp,13,,,,,,,,,,,51.23,,,,,
Min_Sp,14,,,,,,,,,,,3.08,,,,,
Min_Sp,15,,,,,,,,,,,111.54,,,,,
Min_Sp,16,,,,,,,,,,,29.14,,,,,
Min_Sp,17,,,,,,,,,,,105.75184,,,,,
Min_Sp,18,,,,,,,,,,,15.35,,,,,
Min_Sp,19,,,,,,,,,,,11.94,,,,,
Min_Sp,20,,,,,,,,,,,496.0,,,,,
Min_Sp,21,,,,,,,,,,,44.47,,,,,
Min_Sp,22,,,,,,,,,,,15.1217,,,,,
Min_Sp,23,,,,,,,,,,,25.4,,,,,
Min_Sp,24,,,,,,,,,,,152.01,,,,,
Min_Sp,25,,,,,,,,,,,45.85,,,,,
Min_Sp,26,,,,,,,,,,,4.5212,,,,,
Min_Sp,27,,,,,,,,,,,1.5601,,,,,
Min_Sp,28,,,,,,,,,,,48.22,,,,,
Min_Sp,29,,,,,,,,,,,382.8487,,,,,
Min_Sp,30,,,,,,,,,,,69.83,,,,,
Min_Sp,31,,,,,,,,,,,38.51,,,,,
Min_Sp,32,,,,,,,,,,,60.869060000000005,,,,,
Min_Sp,33,,,,,,,,,,,0.0,,,,,
Min_Sp,34,,,,,,,,,,,24.1203,,,,,
Min_Sp,35,,,,,,,,,,,5.61,,,,,
Min_Sp,36,,,,,,,,,,,4.1676,,,,,
Min_Sp,37,,,,,,,,,,,0.5431,,,,,
Min_Sp,38,,,,,,,,,,,9.7767,,,,,
Min_Sp,39,,,,,,,,,,,29.33,,,,,
Min_Sp,40,,,,,,,,,,,107.8,,,,,
Min_Sp,41,,,,,,,,,,,15.3,,,,,
Min_Sp,42,,,,,,,,,,,10.36,,,,,
Min_Sp,43,,,,,,,,,,,176.54,,,,,
Min_Sp,44,,,,,,,,,,,134.16,,,,,
Min_Sp,45,,,,,,,,,,,43.37,,,,,
Min_Sp,46,,,,,,,,,,,10.31,,,,,
Min_Sp,47,,,,,,,,,,,24.09,,,,,
Min_Sp,48,,,,,,,,,,,53.5,,,,,
Min_Sp,49,,,,,,,,,,,10.07,,,,,
Min_Sp,50,,,,,,,,,,,10.765,,,,,
Min_Sp,51,,,,,,,,,,,104.12,,,,,
Min_Sp,52,,,,,,,,,,,8.2769,,,,,
Min_Sp,53,,,,,,,,,,,0.0,,,,,
Min_Sp,54,,,,,,,,,,,3.52,,,,,
Min_Sp,55,,,,,,,,,,,39.55,,,,,
Min_Sp,56,,,,,,,,,,,11.0504,,,,,
Min_Sp,57,,,,,,,,,,,14.263983,,,,,
Min_Sp,58,,,,,,,,,,,0.0,,,,,
Min_Sp,59,,,,,,,,,,,23.055,,,,,
Min_Sp,60,,,,,,,,,,,9.712,,,,,
Min_Sp,61,,,,,,,,,,,29.29,,,,,
Min_Sp,62,,,,,,,,,,,160.04,,,,,
Min_Sp,63,,,,,,,,,,,45.93,,,,,
Min_Sp,64,,,,,,,,,,,170.71,,,,,
Min_Sp,65,,,,,,,,,,,175.36,,,,,
Min_Sp,66,,,,,,,,,,,606.66,,,,,
Min_Sp,67,,,,,,,,,,,3.16,,,,,
Min_Sp,68,,,,,,,,,,,98.98,,,,,
Min_Sp,69,,,,,,,,,,,40.11,,,,,
Min_Sp,70,,,,,,,,,,,171.3,,,,,
Min_Sp,71,,,,,,,,,,,44.66,,,,,
Min_Sp,72,,,,,,,,,,,1.52,,,,,
Min_Sp,73,,,,,,,,,,,13.911,,,,,
Min_Sp,74,,,,,,,,,,,523.4374,,,,,
Min_Sp,75,,,,,,,,,,,9.675,,,,,
Min_Sp,76,,,,,,,,,,,22.3195,,,,,
Min_Sp,77,,,,,,,,,,,108.67,,,,,
Min_Sp,78,,,,,,,,,,,377.07,,,,,
Min_Sp,79,,,,,,,,,,,0.0,,,,,
Min_Sp,80,,,,,,,,,,,28.3102,,,,,
Min_Sp,81,,,,,,,,,,,331.89,,,,,
Min_Sp,82,,,,,,,,,,,14.95,,,,,
Min_Sp,83,,,,,,,,,,,96.18,,,,,
Min_Sp,84,,,,,,,,,,,10.03,,,,,
Min_Sp,85,,,,,,,,,,,51.86,,,,,
Min_Sp,86,,,,,,,,,,,26.81,,,,,
Min_Sp,87,,,,,,,,,,,3.955,,,,,
Min_Sp,88,,,,,,,,,,,30.4,,,,,
Min_Sp,89,,,,,,,,,,,61.26,,,,,
Min_Sp,90,,,,,,,,,,,80.45,,,,,
Min_Sp,91,,,,,,,,,,,0.0,,,,,
Min_Sp,92,,,,,,,,,,,0.0,,,,,
Min_Sp,93,,,,,,,,,,,828.2,,,,,
Min_Sp,94,,,,,,,,,,,12.320458,,,,,
Max_Sn,1,,,,,,,,,,,1000.0,,,,,
Max_Sn,2,,,,,,,,,,,6990.0,,,,,
Max_Sn,3,,,,,,,,,,,100000.0,,,,,
Max_Sn,4,,,,,,,,,,,2000.0,,,,,
Max_Sn,5,,,,,,,,,,,0.0,,,,,
Max_Sn,6,,,,,,,,,,,510.0,,,,,
Max_Sn,7,,,,,,,,,,,250.0,,,,,
Max_Sn,8,,,,,,,,,,,3000.0,,,,,
Max_Sn,9,,,,,,,,,,,10000.0,,,,,
Max_Sn,10,,,,,,,,,,,0.0,,,,,
Max_Sn,11,,,,,,,,,,,1500.0,,,,,
Max_Sn,12,,,,,,,,,,,3000.0,,,,,
Max_Sn,13,,,,,,,,,,,2000.0,,,,,
Max_Sn,14,,,,,,,,,,,20000.0,,,,,
Max_Sn,15,,,,,,,,,,,900.0,,,,,
Max_Sn,16,,,,,,,,,,,5000.0,,,,,
Max_Sn,17,,,,,,,,,,,1600.0,,,,,
Max_Sn,18,,,,,,,,,,,4000.0,,,,,
Max_Sn,19,,,,,,,,,,,260000.0,,,,,
Max_Sn,20,,,,,,,,,,,10000.0,,,,,
Max_Sn,21,,,,,,,,,,,4000.0,,,,,
Max_Sn,22,,,,,,,,,,,5000.0,,,,,
Max_Sn,23,,,,,,,,,,,5000.0,,,,,
Max_Sn,24,,,,,,,,,,,100000.0,,,,,
Max_Sn,25,,,,,,,,,,,4000.0,,,,,
Max_Sn,26,,,,,,,,,,,5000.0,,,,,
Max_Sn,27,,,,,,,,,,,5000.0,,,,,
Max_Sn,28,,,,,,,,,,,3000.0,,,,,
Max_Sn,29,,,,,,,,,,,3000.0,,,,,
Max_Sn,30,,,,,,,,,,,3000.0,,,,,
Max_Sn,31,,,,,,,,,,,10000.0,,,,,
Max_Sn,32,,,,,,,,,,,15000.0,,,,,
Max_Sn,33,,,,,,,,,,,0.0,,,,,
Max_Sn,34,,,,,,,,,,,3000.0,,,,,
Max_Sn,35,,,,,,,,,,,10000.0,,,,,
Max_Sn,36,,,,,,,,,,,5000.0,,,,,
Max_Sn,37,,,,,,,,,,,3006.0,,,,,
Max_Sn,38,,,,,,,,,,,4000.0,,,,,
Max_Sn,39,,,,,,,,,,,15000.0,,,,,
Max_Sn,40,,,,,,,,,,,1490.0,,,,,
Max_Sn,41,,,,,,,,,,,5000.0,,,,,
Max_Sn,42,,,,,,,,,,,4000.0,,,,,
Max_Sn,43,,,,,,,,,,,500.0,,,,,
Max_Sn,44,,,,,,,,,,,1000.0,,,,,
Max_Sn,45,,,,,,,,,,,2500.0,,,,,
Max_Sn,46,,,,,,,,,,,2235.0,,,,,
Max_Sn,47,,,,,,,,,,,9990.0,,,,,
Max_Sn,48,,,,,,,,,,,6000.0,,,,,
Max_Sn,49,,,,,,,,,,,10000.0,,,,,
Max_Sn,50,,,,,,,,,,,4000.0,,,,,
Max_Sn,51,,,,,,,,,,,1800.0,,,,,
Max_Sn,52,,,,,,,,,,,7200.0,,,,,
Max_Sn,53,,,,,,,,,,,0.0,,,,,
Max_Sn,54,,,,,,,,,,,10000.0,,,,,
Max_Sn,55,,,,,,,,,,,2780.0,,,,,
Max_Sn,56,,,,,,,,,,,20000.0,,,,,
Max_Sn,57,,,,,,,,,,,8000.0,,,,,
Max_Sn,58,,,,,,,,,,,0.0,,,,,
Max_Sn,59,,,,,,,,,,,5000.0,,,,,
Max_Sn,60,,,,,,,,,,,7300.0,,,,,
Max_Sn,61,,,,,,,,,,,10000.0,,,,,
Max_Sn,62,,,,,,,,,,,1000.0,,,,,
Max_Sn,63,,,,,,,,,,,500.0,,,,,
Max_Sn,64,,,,,,,,,,,1000.0,,,,,
Max_Sn,65,,,,,,,,,,,2500.0,,,,,
Max_Sn,66,,,,,,,,,,,300.0,,,,,
Max_Sn,67,,,,,,,,,,,20000.0,,,,,
Max_Sn,68,,,,,,,,,,,1500.0,,,,,
Max_Sn,69,,,,,,,,,,,4000.0,,,,,
Max_Sn,70,,,,,,,,,,,100000.0,,,,,
Max_Sn,71,,,,,,,,,,,3000.0,,,,,
Max_Sn,72,,,,,,,,,,,28000.0,,,,,
Max_Sn,73,,,,,,,,,,,7000.0,,,,,
Max_Sn,74,,,,,,,,,,,18000.0,,,,,
Max_Sn,75,,,,,,,,,,,10000.0,,,,,
Max_Sn,76,,,,,,,,,,,2500.0,,,,,
Max_Sn,77,,,,,,,,,,,700.0,,,,,
Max_Sn,78,,,,,,,,,,,310.0,,,,,
Max_Sn,79,,,,,,,,,,,0.0,,,,,
Max_Sn,80,,,,,,,,,,,5000.0,,,,,
Max_Sn,81,,,,,,,,,,,990.0,,,,,
Max_Sn,82,,,,,,,,,,,2700.0,,,,,
Max_Sn,83,,,,,,,,,,,1010.0,,,,,
Max_Sn,84,,,,,,,,,,,6000.0,,,,,
Max_Sn,85,,,,,,,,,,,2000.0,,,,,
Max_Sn,86,,,,,,,,,,,3500.0,,,,,
Max_Sn,87,,,,,,,,,,,8000.0,,,,,
Max_Sn,88,,,,,,,,,,,5000.0,,,,,
Max_Sn,89,,,,,,,,,,,2000.0,,,,,
Max_Sn,90,,,,,,,,,,,1500.0,,,,,
Max_Sn,91,,,,,,,,,,,0.0,,,,,
Max_Sn,92,,,,,,,,,,,0.0,,,,,
Max_Sn,93,,,,,,,,,,,300.0,,,,,
Max_Sn,94,,,,,,,,,,,20000.0,,,,,
Max_Sp,1,,,,,,,,,,,270.04,,,,,
Max_Sp,2,,,,,,,,,,,16.86,,,,,
Max_Sp,3,,,,,,,,,,,58.6,,,,,
Max_Sp,4,,,,,,,,,,,234.24,,,,,
Max_Sp,5,,,,,,,,,,,0.0,,,,,
Max_Sp,6,,,,,,,,,,,1270.7,,,,,
Max_Sp,7,,,,,,,,,,,346.09,,,,,
Max_Sp,8,,,,,,,,,,,90.0,,,,,
Max_Sp,9,,,,,,,,,,,3.3501,,,,,
Max_Sp,10,,,,,,,,,,,0.0,,,,,
Max_Sp,11,,,,,,,,,,,111.253,,,,,
Max_Sp,12,,,,,,,,,,,74.18,,,,,
Max_Sp,13,,,,,,,,,,,74.685,,,,,
Max_Sp,14,,,,,,,,,,,6.22,,,,,
Max_Sp,15,,,,,,,,,,,122.535,,,,,
Max_Sp,16,,,,,,,,,,,42.2,,,,,
Max_Sp,17,,,,,,,,,,,151.72,,,,,
Max_Sp,18,,,,,,,,,,,20.32,,,,,
Max_Sp,19,,,,,,,,,,,18.71,,,,,
Max_Sp,20,,,,,,,,,,,511.0,,,,,
Max_Sp,21,,,,,,,,,,,76.96,,,,,
Max_Sp,22,,,,,,,,,,,26.07,,,,,
Max_Sp,23,,,,,,,,,,,37.14,,,,,
Max_Sp,24,,,,,,,,,,,446.95,,,,,
Max_Sp,25,,,,,,,,,,,71.82,,,,,
Max_Sp,26,,,,,,,,,,,8.46,,,,,
Max_Sp,27,,,,,,,,,,,6.8,,,,,
Max_Sp,28,,,,,,,,,,,136.65,,,,,
Max_Sp,29,,,,,,,,,,,523.92,,,,,
Max_Sp,30,,,,,,,,,,,92.95,,,,,
Max_Sp,31,,,,,,,,,,,106.2,,,,,
Max_Sp,32,,,,,,,,,,,123.53299999999999,,,,,
Max_Sp,33,,,,,,,,,,,0.0,,,,,
Max_Sp,34,,,,,,,,,,,45.45,,,,,
Max_Sp,35,,,,,,,,,,,10.4753,,,,,
Max_Sp,36,,,,,,,,,,,9.07,,,,,
Max_Sp,37,,,,,,,,,,,1.54,,,,,
Max_Sp,38,,,,,,,,,,,48.28,,,,,
Max_Sp,39,,,,,,,,,,,53.58,,,,,
Max_Sp,40,,,,,,,,,,,275.525,,,,,
Max_Sp,41,,,,,,,,,,,22.6,,,,,
Max_Sp,42,,,,,,,,,,,12.7675333,,,,,
Max_Sp,43,,,,,,,,,,,427.54,,,,,
Max_Sp,44,,,,,,,,,,,296.4,,,,,
Max_Sp,45,,,,,,,,,,,59.7067,,,,,
Max_Sp,46,,,,,,,,,,,10.31,,,,,
Max_Sp,47,,,,,,,,,,,35.12,,,,,
Max_Sp,48,,,,,,,,,,,70.3,,,,,
Max_Sp,49,,,,,,,,,,,12.8314,,,,,
Max_Sp,50,,,,,,,,,,,21.31,,,,,
Max_Sp,51,,,,,,,,,,,143.72,,,,,
Max_Sp,52,,,,,,,,,,,11.92,,,,,
Max_Sp,53,,,,,,,,,,,0.0,,,,,
Max_Sp,54,,,,,,,,,,,5.81,,,,,
Max_Sp,55,,,,,,,,,,,43.2425,,,,,
Max_Sp,56,,,,,,,,,,,12.56,,,,,
Max_Sp,57,,,,,,,,,,,17.22,,,,,
Max_Sp,58,,,,,,,,,,,0.0,,,,,
Max_Sp,59,,,,,,,,,,,68.42,,,,,
Max_Sp,60,,,,,,,,,,,16.51,,,,,
Max_Sp,61,,,,,,,,,,,37.65,,,,,
Max_Sp,62,,,,,,,,,,,275.65,,,,,
Max_Sp,63,,,,,,,,,,,54.35,,,,,
Max_Sp,64,,,,,,,,,,,260.0,,,,,
Max_Sp,65,,,,,,,,,,,232.72,,,,,
Max_Sp,66,,,,,,,,,,,989.8,,,,,
Max_Sp,67,,,,,,,,,,,4.6,,,,,
Max_Sp,68,,,,,,,,,,,122.97,,,,,
Max_Sp,69,,,,,,,,,,,48.79,,,,,
Max_Sp,70,,,,,,,,,,,301.92,,,,,
Max_Sp,71,,,,,,,,,,,126.78,,,,,
Max_Sp,72,,,,,,,,,,,3.32,,,,,
Max_Sp,73,,,,,,,,,,,16.82,,,,,
Max_Sp,74,,,,,,,,,,,576.69,,,,,
Max_Sp,75,,,,,,,,,,,14.5,,,,,
Max_Sp,76,,,,,,,,,,,31.1,,,,,
Max_Sp,77,,,,,,,,,,,215.83,,,,,
Max_Sp,78,,,,,,,,,,,631.9,,,,,
Max_Sp,79,,,,,,,,,,,0.0,,,,,
Max_Sp,80,,,,,,,,,,,41.84,,,,,
Max_Sp,81,,,,,,,,,,,592.68,,,,,
Max_Sp,82,,,,,,,,,,,20.855,,,,,
Max_Sp,83,,,,,,,,,,,108.6118,,,,,
Max_Sp,84,,,,,,,,,,,12.03,,,,,
Max_Sp,85,,,,,,,,,,,65.02,,,,,
Max_Sp,86,,,,,,,,,,,29.9022,,,,,
Max_Sp,87,,,,,,,,,,,6.875,,,,,
Max_Sp,88,,,,,,,,,,,36.28,,,,,
Max_Sp,89,,,,,,,,,,,83.82,,,,,
Max_Sp,90,,,,,,,,,,,204.54,,,,,
Max_Sp,91,,,,,,,,,,,0.0,,,,,
Max_Sp,92,,,,,,,,,,,0.0,,,,,
Max_Sp,93,,,,,,,,,,,962.8,,,,,
Max_Sp,94,,,,,,,,,,,17.87,,,,,
Max_Bn,1,,,,,,,,,,,500.0,,,,,
Max_Bn,2,,,,,,,,,,,190.0,,,,,
Max_Bn,3,,,,,,,,,,,100000.0,,,,,
Max_Bn,4,,,,,,,,,,,400.0,,,,,
Max_Bn,5,,,,,,,,,,,2275.0,,,,,
Max_Bn,6,,,,,,,,,,,400.0,,,,,
Max_Bn,7,,,,,,,,,,,210.0,,,,,
Max_Bn,8,,,,,,,,,,,800.0,,,,,
Max_Bn,9,,,,,,,,,,,6000.0,,,,,
Max_Bn,10,,,,,,,,,,,12500.0,,,,,
Max_Bn,11,,,,,,,,,,,100.0,,,,,
Max_Bn,12,,,,,,,,,,,1000.0,,,,,
Max_Bn,13,,,,,,,,,,,2000.0,,,,,
Max_Bn,14,,,,,,,,,,,40000.0,,,,,
Max_Bn,15,,,,,,,,,,,350.0,,,,,
Max_Bn,16,,,,,,,,,,,750.0,,,,,
Max_Bn,17,,,,,,,,,,,400.0,,,,,
Max_Bn,18,,,,,,,,,,,1889.0,,,,,
Max_Bn,19,,,,,,,,,,,14450.0,,,,,
Max_Bn,20,,,,,,,,,,,20000.0,,,,,
Max_Bn,21,,,,,,,,,,,990.0,,,,,
Max_Bn,22,,,,,,,,,,,1200.0,,,,,
Max_Bn,23,,,,,,,,,,,1000.0,,,,,
Max_Bn,24,,,,,,,,,,,10000.0,,,,,
Max_Bn,25,,,,,,,,,,,1340.0,,,,,
Max_Bn,26,,,,,,,,,,,2276.0,,,,,
Max_Bn,27,,,,,,,,,,,2000.0,,,,,
Max_Bn,28,,,,,,,,,,,300.0,,,,,
Max_Bn,29,,,,,,,,,,,150.0,,,,,
Max_Bn,30,,,,,,,,,,,3000.0,,,,,
Max_Bn,31,,,,,,,,,,,1000.0,,,,,
Max_Bn,32,,,,,,,,,,,4000.0,,,,,
Max_Bn,33,,,,,,,,,,,26667.0,,,,,
Max_Bn,34,,,,,,,,,,,1500.0,,,,,
Max_Bn,35,,,,,,,,,,,6000.0,,,,,
Max_Bn,36,,,,,,,,,,,500.0,,,,,
Max_Bn,37,,,,,,,,,,,3000.0,,,,,
Max_Bn,38,,,,,,,,,,,2500.0,,,,,
Max_Bn,39,,,,,,,,,,,1950.0,,,,,
Max_Bn,40,,,,,,,,,,,500.0,,,,,
Max_Bn,41,,,,,,,,,,,6000.0,,,,,
Max_Bn,42,,,,,,,,,,,16000.0,,,,,
Max_Bn,43,,,,,,,,,,,9.0,,,,,
Max_Bn,44,,,,,,,,,,,800.0,,,,,
Max_Bn,45,,,,,,,,,,,700.0,,,,,
Max_Bn,46,,,,,,,,,,,7235.0,,,,,
Max_Bn,47,,,,,,,,,,,1500.0,,,,,
Max_Bn,48,,,,,,,,,,,891.0,,,,,
Max_Bn,49,,,,,,,,,,,5000.0,,,,,
Max_Bn,50,,,,,,,,,,,750.0,,,,,
Max_Bn,51,,,,,,,,,,,200.0,,,,,
Max_Bn,52,,,,,,,,,,,800.0,,,,,
Max_Bn,53,,,,,,,,,,,14969.0,,,,,
Max_Bn,54,,,,,,,,,,,5000.0,,,,,
Max_Bn,55,,,,,,,,,,,2000.0,,,,,
Max_Bn,56,,,,,,,,,,,10000.0,,,,,
Max_Bn,57,,,,,,,,,,,6000.0,,,,,
Max_Bn,58,,,,,,,,,,,,,,,,
Max_Bn,59,,,,,,,,,,,1500.0,,,,,
Max_Bn,60,,,,,,,,,,,3000.0,,,,,
Max_Bn,61,,,,,,,,,,,10000.0,,,,,
Max_Bn,62,,,,,,,,,,,500.0,,,,,
Max_Bn,63,,,,,,,,,,,45.0,,,,,
Max_Bn,64,,,,,,,,,,,500.0,,,,,
Max_Bn,65,,,,,,,,,,,250.0,,,,,
Max_Bn,66,,,,,,,,,,,300.0,,,,,
Max_Bn,67,,,,,,,,,,,850.0,,,,,
Max_Bn,68,,,,,,,,,,,500.0,,,,,
Max_Bn,69,,,,,,,,,,,1500.0,,,,,
Max_Bn,70,,,,,,,,,,,25000.0,,,,,
Max_Bn,71,,,,,,,,,,,500.0,,,,,
Max_Bn,72,,,,,,,,,,,30000.0,,,,,
Max_Bn,73,,,,,,,,,,,5000.0,,,,,
Max_Bn,74,,,,,,,,,,,10000.0,,,,,
Max_Bn,75,,,,,,,,,,,12000.0,,,,,
Max_Bn,76,,,,,,,,,,,2000.0,,,,,
Max_Bn,77,,,,,,,,,,,550.0,,,,,
Max_Bn,78,,,,,,,,,,,100.0,,,,,
Max_Bn,79,,,,,,,,,,,5353.0,,,,,
Max_Bn,80,,,,,,,,,,,2100.0,,,,,
Max_Bn,81,,,,,,,,,,,100.0,,,,,
Max_Bn,82,,,,,,,,,,,2600.0,,,,,
Max_Bn,83,,,,,,,,,,,1000.0,,,,,
Max_Bn,84,,,,,,,,,,,7700.0,,,,,
Max_Bn,85,,,,,,,,,,,1100.0,,,,,
Max_Bn,86,,,,,,,,,,,2000.0,,,,,
Max_Bn,87,,,,,,,,,,,8000.0,,,,,
Max_Bn,88,,,,,,,,,,,2300.0,,,,,
Max_Bn,89,,,,,,,,,,,450.0,,,,,
Max_Bn,90,,,,,,,,,,,300.0,,,,,
Max_Bn,91,,,,,,,,,,,5000.0,,,,,
Max_Bn,92,,,,,,,,,,,77100.0,,,,,
Max_Bn,93,,,,,,,,,,,500.0,,,,,
Max_Bn,94,,,,,,,,,,,3000.0,,,,,
Max_Bp,1,,,,,,,,,,,259.14,,,,,
Max_Bp,2,,,,,,,,,,,14.25,,,,,
Max_Bp,3,,,,,,,,,,,53.54,,,,,
Max_Bp,4,,,,,,,,,,,236.7075,,,,,
Max_Bp,5,,,,,,,,,,,3.3727,,,,,
Max_Bp,6,,,,,,,,,,,1226.2,,,,,
Max_Bp,7,,,,,,,,,,,331.63,,,,,
Max_Bp,8,,,,,,,,,,,78.287,,,,,
Max_Bp,9,,,,,,,,,,,2.85,,,,,
Max_Bp,10,,,,,,,,,,,12.7196,,,,,
Max_Bp,11,,,,,,,,,,,100.93,,,,,
Max_Bp,12,,,,,,,,,,,67.2,,,,,
Max_Bp,13,,,,,,,,,,,108.31,,,,,
Max_Bp,14,,,,,,,,,,,10.359875,,,,,
Max_Bp,15,,,,,,,,,,,170.71425714285715,,,,,
Max_Bp,16,,,,,,,,,,,46.17,,,,,
Max_Bp,17,,,,,,,,,,,148.52,,,,,
Max_Bp,18,,,,,,,,,,,46.62,,,,,
Max_Bp,19,,,,,,,,,,,16.04,,,,,
Max_Bp,20,,,,,,,,,,,486.0,,,,,
Max_Bp,21,,,,,,,,,,,46.676,,,,,
Max_Bp,22,,,,,,,,,,,24.92,,,,,
Max_Bp,23,,,,,,,,,,,35.159,,,,,
Max_Bp,24,,,,,,,,,,,375.2,,,,,
Max_Bp,25,,,,,,,,,,,68.98,,,,,
Max_Bp,26,,,,,,,,,,,17.760724956063267,,,,,
Max_Bp,27,,,,,,,,,,,27.37655,,,,,
Max_Bp,28,,,,,,,,,,,132.763,,,,,
Max_Bp,29,,,,,,,,,,,513.83,,,,,
Max_Bp,30,,,,,,,,,,,83.78,,,,,
Max_Bp,31,,,,,,,,,,,99.78,,,,,
Max_Bp,32,,,,,,,,,,,120.899,,,,,
Max_Bp,33,,,,,,,,,,,9.4328,,,,,
Max_Bp,34,,,,,,,,,,,35.72,,,,,
Max_Bp,35,,,,,,,,,,,15.19,,,,,
Max_Bp,36,,,,,,,,,,,7.09,,,,,
Max_Bp,37,,,,,,,,,,,3.16695,,,,,
Max_Bp,38,,,,,,,,,,,40.215868,,,,,
Max_Bp,39,,,,,,,,,,,51.72,,,,,
Max_Bp,40,,,,,,,,,,,262.9,,,,,
Max_Bp,41,,,,,,,,,,,20.27,,,,,
Max_Bp,42,,,,,,,,,,,54.70047,,,,,
Max_Bp,43,,,,,,,,,,,400.45,,,,,
Max_Bp,44,,,,,,,,,,,286.4025,,,,,
Max_Bp,45,,,,,,,,,,,263.42,,,,,
Max_Bp,46,,,,,,,,,,,9.3,,,,,
Max_Bp,47,,,,,,,,,,,28.0,,,,,
Max_Bp,48,,,,,,,,,,,68.1,,,,,
Max_Bp,49,,,,,,,,,,,30.28879,,,,,
Max_Bp,50,,,,,,,,,,,49.34390666666667,,,,,
Max_Bp,51,,,,,,,,,,,121.512,,,,,
Max_Bp,52,,,,,,,,,,,69.2077875,,,,,
Max_Bp,53,,,,,,,,,,,4.3852,,,,,
Max_Bp,54,,,,,,,,,,,5.1596,,,,,
Max_Bp,55,,,,,,,,,,,44.0,,,,,
Max_Bp,56,,,,,,,,,,,12.595,,,,,
Max_Bp,57,,,,,,,,,,,15.668,,,,,
Max_Bp,58,,,,,,,,,,,0.0,,,,,
Max_Bp,59,,,,,,,,,,,64.0,,,,,
Max_Bp,60,,,,,,,,,,,14.35,,,,,
Max_Bp,61,,,,,,,,,,,36.9176,,,,,
Max_Bp,62,,,,,,,,,,,262.88,,,,,
Max_Bp,63,,,,,,,,,,,78.7427,,,,,
Max_Bp,64,,,,,,,,,,,250.77,,,,,
Max_Bp,65,,,,,,,,,,,236.91,,,,,
Max_Bp,66,,,,,,,,,,,905.25,,,,,
Max_Bp,67,,,,,,,,,,,49.61,,,,,
Max_Bp,68,,,,,,,,,,,116.73,,,,,
Max_Bp,69,,,,,,,,,,,47.857,,,,,
Max_Bp,70,,,,,,,,,,,198.16,,,,,
Max_Bp,71,,,,,,,,,,,126.35,,,,,
Max_Bp,72,,,,,,,,,,,7.04,,,,,
Max_Bp,73,,,,,,,,,,,15.7,,,,,
Max_Bp,74,,,,,,,,,,,569.0,,,,,
Max_Bp,75,,,,,,,,,,,13.49,,,,,
Max_Bp,76,,,,,,,,,,,28.94,,,,,
Max_Bp,77,,,,,,,,,,,189.96,,,,,
Max_Bp,78,,,,,,,,,,,561.6015,,,,,
Max_Bp,79,,,,,,,,,,,47.08,,,,,
Max_Bp,80,,,,,,,,,,,44.67,,,,,
Max_Bp,81,,,,,,,,,,,565.89,,,,,
Max_Bp,82,,,,,,,,,,,38.7327,,,,,
Max_Bp,83,,,,,,,,,,,105.963625,,,,,
Max_Bp,84,,,,,,,,,,,12.54,,,,,
Max_Bp,85,,,,,,,,,,,71.47,,,,,
Max_Bp,86,,,,,,,,,,,27.925,,,,,
Max_Bp,87,,,,,,,,,,,6.59,,,,,
Max_Bp,88,,,,,,,,,,,36.7891,,,,,
Max_Bp,89,,,,,,,,,,,262.89,,,,,
Max_Bp,90,,,,,,,,,,,201.24,,,,,
Max_Bp,91,,,,,,,,,,,19.77,,,,,
Max_Bp,92,,,,,,,,,,,5.34,,,,,
Max_Bp,93,,,,,,,,,,,723.74,,,,,
Max_Bp,94,,,,,,,,,,,15.547513,,,,,
Min_Pn,1,,,,,,,,,,,200.0,,,,,
Min_Pn,2,,,,,,,,,,,190.0,,,,,
Min_Pn,3,,,,,,,,,,,7000.0,,,,,
Min_Pn,4,,,,,,,,,,,200.0,,,,,
Min_Pn,5,,,,,,,,,,,2275.0,,,,,
Min_Pn,6,,,,,,,,,,,100.0,,,,,
Min_Pn,7,,,,,,,,,,,40.0,,,,,
Min_Pn,8,,,,,,,,,,,800.0,,,,,
Min_Pn,9,,,,,,,,,,,1000.0,,,,,
Min_Pn,10,,,,,,,,,,,12500.0,,,,,
Min_Pn,11,,,,,,,,,,,100.0,,,,,
Min_Pn,12,,,,,,,,,,,1000.0,,,,,
Min_Pn,13,,,,,,,,,,,700.0,,,,,
Min_Pn,14,,,,,,,,,,,5000.0,,,,,
Min_Pn,15,,,,,,,,,,,10.0,,,,,
Min_Pn,16,,,,,,,,,,,250.0,,,,,
Min_Pn,17,,,,,,,,,,,300.0,,,,,
Min_Pn,18,,,,,,,,,,,1889.0,,,,,
Min_Pn,19,,,,,,,,,,,1250.0,,,,,
Min_Pn,20,,,,,,,,,,,1016.0,,,,,
Min_Pn,21,,,,,,,,,,,990.0,,,,,
Min_Pn,22,,,,,,,,,,,1200.0,,,,,
Min_Pn,23,,,,,,,,,,,500.0,,,,,
Min_Pn,24,,,,,,,,,,,1000.0,,,,,
Min_Pn,25,,,,,,,,,,,660.0,,,,,
Min_Pn,26,,,,,,,,,,,2276.0,,,,,
Min_Pn,27,,,,,,,,,,,2000.0,,,,,
Min_Pn,28,,,,,,,,,,,200.0,,,,,
Min_Pn,29,,,,,,,,,,,140.0,,,,,
Min_Pn,30,,,,,,,,,,,499.0,,,,,
Min_Pn,31,,,,,,,,,,,1000.0,,,,,
Min_Pn,32,,,,,,,,,,,200.0,,,,,
Min_Pn,33,,,,,,,,,,,3333.0,,,,,
Min_Pn,34,,,,,,,,,,,1000.0,,,,,
Min_Pn,35,,,,,,,,,,,1800.0,,,,,
Min_Pn,36,,,,,,,,,,,500.0,,,,,
Min_Pn,37,,,,,,,,,,,3000.0,,,,,
Min_Pn,38,,,,,,,,,,,1000.0,,,,,
Min_Pn,39,,,,,,,,,,,1914.0,,,,,
Min_Pn,40,,,,,,,,,,,120.0,,,,,
Min_Pn,41,,,,,,,,,,,1000.0,,,,,
Min_Pn,42,,,,,,,,,,,2000.0,,,,,
Min_Pn,43,,,,,,,,,,,9.0,,,,,
Min_Pn,44,,,,,,,,,,,200.0,,,,,
Min_Pn,45,,,,,,,,,,,137.0,,,,,
Min_Pn,46,,,,,,,,,,,7235.0,,,,,
Min_Pn,47,,,,,,,,,,,1500.0,,,,,
Min_Pn,48,,,,,,,,,,,891.0,,,,,
Min_Pn,49,,,,,,,,,,,5000.0,,,,,
Min_Pn,50,,,,,,,,,,,750.0,,,,,
Min_Pn,51,,,,,,,,,,,200.0,,,,,
Min_Pn,52,,,,,,,,,,,800.0,,,,,
Min_Pn,53,,,,,,,,,,,2942.0,,,,,
Min_Pn,54,,,,,,,,,,,5000.0,,,,,
Min_Pn,55,,,,,,,,,,,400.0,,,,,
Min_Pn,56,,,,,,,,,,,6000.0,,,,,
Min_Pn,57,,,,,,,,,,,2000.0,,,,,
Min_Pn,58,,,,,,,,,,,,,,,,
Min_Pn,59,,,,,,,,,,,1000.0,,,,,
Min_Pn,60,,,,,,,,,,,2300.0,,,,,
Min_Pn,61,,,,,,,,,,,3000.0,,,,,
Min_Pn,62,,,,,,,,,,,100.0,,,,,
Min_Pn,63,,,,,,,,,,,9.0,,,,,
Min_Pn,64,,,,,,,,,,,200.0,,,,,
Min_Pn,65,,,,,,,,,,,250.0,,,,,
Min_Pn,66,,,,,,,,,,,50.0,,,,,
Min_Pn,67,,,,,,,,,,,850.0,,,,,
Min_Pn,68,,,,,,,,,,,500.0,,,,,
Min_Pn,69,,,,,,,,,,,750.0,,,,,
Min_Pn,70,,,,,,,,,,,25000.0,,,,,
Min_Pn,71,,,,,,,,,,,300.0,,,,,
Min_Pn,72,,,,,,,,,,,15000.0,,,,,
Min_Pn,73,,,,,,,,,,,700.0,,,,,
Min_Pn,74,,,,,,,,,,,5000.0,,,,,
Min_Pn,75,,,,,,,,,,,6000.0,,,,,
Min_Pn,76,,,,,,,,,,,1990.0,,,,,
Min_Pn,77,,,,,,,,,,,200.0,,,,,
Min_Pn,78,,,,,,,,,,,100.0,,,,,
Min_Pn,79,,,,,,,,,,,518.0,,,,,
Min_Pn,80,,,,,,,,,,,900.0,,,,,
Min_Pn,81,,,,,,,,,,,100.0,,,,,
Min_Pn,82,,,,,,,,,,,1100.0,,,,,
Min_Pn,83,,,,,,,,,,,200.0,,,,,
Min_Pn,84,,,,,,,,,,,4000.0,,,,,
Min_Pn,85,,,,,,,,,,,500.0,,,,,
Min_Pn,86,,,,,,,,,,,1300.0,,,,,
Min_Pn,87,,,,,,,,,,,1000.0,,,,,
Min_Pn,88,,,,,,,,,,,1200.0,,,,,
Min_Pn,89,,,,,,,,,,,200.0,,,,,
Min_Pn,90,,,,,,,,,,,150.0,,,,,
Min_Pn,91,,,,,,,,,,,5000.0,,,,,
Min_Pn,92,,,,,,,,,,,77100.0,,,,,
Min_Pn,93,,,,,,,,,,,500.0,,,,,
Min_Pn,94,,,,,,,,,,,2000.0,,,,,
Min_PP,1,,,,,,,,,,,-259.14,,,,,
Min_PP,2,,,,,,,,,,,-14.25,,,,,
Min_PP,3,,,,,,,,,,,-53.54,,,,,
Min_PP,4,,,,,,,,,,,-236.7075,,,,,
Min_PP,5,,,,,,,,,,,-3.3727,,,,,
Min_PP,6,,,,,,,,,,,-1226.2,,,,,
Min_PP,7,,,,,,,,,,,-331.63,,,,,
Min_PP,8,,,,,,,,,,,-78.287,,,,,
Min_PP,9,,,,,,,,,,,-2.85,,,,,
Min_PP,10,,,,,,,,,,,-12.7196,,,,,
Min_PP,11,,,,,,,,,,,-100.93,,,,,
Min_PP,12,,,,,,,,,,,-67.2,,,,,
Min_PP,13,,,,,,,,,,,-108.31,,,,,
Min_PP,14,,,,,,,,,,,-10.359875,,,,,
Min_PP,15,,,,,,,,,,,-170.71425714285715,,,,,
Min_PP,16,,,,,,,,,,,-46.17,,,,,
Min_PP,17,,,,,,,,,,,-148.52,,,,,
Min_PP,18,,,,,,,,,,,-46.62,,,,,
Min_PP,19,,,,,,,,,,,-16.04,,,,,
Min_PP,20,,,,,,,,,,,-486.0,,,,,
Min_PP,21,,,,,,,,,,,-46.676,,,,,
Min_PP,22,,,,,,,,,,,-24.92,,,,,
Min_PP,23,,,,,,,,,,,-35.159,,,,,
Min_PP,24,,,,,,,,,,,-375.2,,,,,
Min_PP,25,,,,,,,,,,,-68.98,,,,,
Min_PP,26,,,,,,,,,,,-17.760724956063267,,,,,
Min_PP,27,,,,,,,,,,,-27.37655,,,,,
Min_PP,28,,,,,,,,,,,-132.763,,,,,
Min_PP,29,,,,,,,,,,,-513.83,,,,,
Min_PP,30,,,,,,,,,,,-83.78,,,,,
Min_PP,31,,,,,,,,,,,-99.78,,,,,
Min_PP,32,,,,,,,,,,,-120.899,,,,,
Min_PP,33,,,,,,,,,,,-9.4328,,,,,
Min_PP,34,,,,,,,,,,,-35.72,,,,,
Min_PP,35,,,,,,,,,,,-15.19,,,,,
Min_PP,36,,,,,,,,,,,-7.09,,,,,
Min_PP,37,,,,,,,,,,,-3.16695,,,,,
Min_PP,38,,,,,,,,,,,-40.215868,,,,,
Min_PP,39,,,,,,,,,,,-51.72,,,,,
Min_PP,40,,,,,,,,,,,-262.9,,,,,
Min_PP,41,,,,,,,,,,,-20.27,,,,,
Min_PP,42,,,,,,,,,,,-54.70047,,,,,
Min_PP,43,,,,,,,,,,,-400.45,,,,,
Min_PP,44,,,,,,,,,,,-286.4025,,,,,
Min_PP,45,,,,,,,,,,,-263.42,,,,,
Min_PP,46,,,,,,,,,,,-9.3,,,,,
Min_PP,47,,,,,,,,,,,-28.0,,,,,
Min_PP,48,,,,,,,,,,,-68.1,,,,,
Min_PP,49,,,,,,,,,,,-30.28879,,,,,
Min_PP,50,,,,,,,,,,,-49.34390666666667,,,,,
Min_PP,51,,,,,,,,,,,-121.512,,,,,
Min_PP,52,,,,,,,,,,,-69.2077875,,,,,
Min_PP,53,,,,,,,,,,,-4.3852,,,,,
Min_PP,54,,,,,,,,,,,-5.1596,,,,,
Min_PP,55,,,,,,,,,,,-44.0,,,,,
Min_PP,56,,,,,,,,,,,-12.595,,,,,
Min_PP,57,,,,,,,,,,,-15.668,,,,,
Min_PP,58,,,,,,,,,,,,,,,,
Min_PP,59,,,,,,,,,,,-64.0,,,,,
Min_PP,60,,,,,,,,,,,-14.35,,,,,
Min_PP,61,,,,,,,,,,,-36.9176,,,,,
Min_PP,62,,,,,,,,,,,-262.88,,,,,
Min_PP,63,,,,,,,,,,,-78.7427,,,,,
Min_PP,64,,,,,,,,,,,-250.77,,,,,
Min_PP,65,,,,,,,,,,,-236.91,,,,,
Min_PP,66,,,,,,,,,,,-905.25,,,,,
Min_PP,67,,,,,,,,,,,-49.61,,,,,
Min_PP,68,,,,,,,,,,,-116.73,,,,,
Min_PP,69,,,,,,,,,,,-47.857,,,,,
Min_PP,70,,,,,,,,,,,-198.16,,,,,
Min_PP,71,,,,,,,,,,,-126.35,,,,,
Min_PP,72,,,,,,,,,,,-7.04,,,,,
Min_PP,73,,,,,,,,,,,-15.7,,,,,
Min_PP,74,,,,,,,,,,,-569.0,,,,,
Min_PP,75,,,,,,,,,,,-13.49,,,,,
Min_PP,76,,,,,,,,,,,-28.94,,,,,
Min_PP,77,,,,,,,,,,,-189.96,,,,,
Min_PP,78,,,,,,,,,,,-561.6015,,,,,
Min_PP,79,,,,,,,,,,,-47.08,,,,,
Min_PP,80,,,,,,,,,,,-44.67,,,,,
Min_PP,81,,,,,,,,,,,-565.89,,,,,
Min_PP,82,,,,,,,,,,,-38.7327,,,,,
Min_PP,83,,,,,,,,,,,-105.963625,,,,,
Min_PP,84,,,,,,,,,,,-12.54,,,,,
Min_PP,85,,,,,,,,,,,-71.47,,,,,
Min_PP,86,,,,,,,,,,,-27.925,,,,,
Min_PP,87,,,,,,,,,,,-6.59,,,,,
Min_PP,88,,,,,,,,,,,-36.7891,,,,,
Min_PP,89,,,,,,,,,,,-262.89,,,,,
Min_PP,90,,,,,,,,,,,-201.24,,,,,
Min_PP,91,,,,,,,,,,,-19.77,,,,,
Min_PP,92,,,,,,,,,,,-5.34,,,,,
Min_PP,93,,,,,,,,,,,-723.74,,,,,
Min_PP,94,,,,,,,,,,,-15.547513,,,,,
Best_Bn,1,,,,,,,,,,,5000.0,,,,,
Best_Bn,2,,,,,,,,,,,9000.0,,,,,
Best_Bn,3,,,,,,,,,,,400000.0,,,,,
Best_Bn,4,,,,,,,,,,,8000.0,,,,,
Best_Bn,5,,,,,,,,,,,2448050.0,,,,,
Best_Bn,6,,,,,,,,,,,1000.0,,,,,
Best_Bn,7,,,,,,,,,,,500.0,,,,,
Best_Bn,8,,,,,,,,,,,5000.0,,,,,
Best_Bn,9,,,,,,,,,,,17990.0,,,,,
Best_Bn,10,,,,,,,,,,,12500.0,,,,,
Best_Bn,11,,,,,,,,,,,2000.0,,,,,
Best_Bn,12,,,,,,,,,,,5000.0,,,,,
Best_Bn,13,,,,,,,,,,,2300.0,,,,,
Best_Bn,14,,,,,,,,,,,40000.0,,,,,
Best_Bn,15,,,,,,,,,,,990.0,,,,,
Best_Bn,16,,,,,,,,,,,5250.0,,,,,
Best_Bn,17,,,,,,,,,,,1600.0,,,,,
Best_Bn,18,,,,,,,,,,,8111.0,,,,,
Best_Bn,19,,,,,,,,,,,340000.0,,,,,
Best_Bn,20,,,,,,,,,,,50000.0,,,,,
Best_Bn,21,,,,,,,,,,,4000.0,,,,,
Best_Bn,22,,,,,,,,,,,12000.0,,,,,
Best_Bn,23,,,,,,,,,,,5000.0,,,,,
Best_Bn,24,,,,,,,,,,,500000.0,,,,,
Best_Bn,25,,,,,,,,,,,5000.0,,,,,
Best_Bn,26,,,,,,,,,,,7724.0,,,,,
Best_Bn,27,,,,,,,,,,,15000.0,,,,,
Best_Bn,28,,,,,,,,,,,3000.0,,,,,
Best_Bn,29,,,,,,,,,,,10000.0,,,,,
Best_Bn,30,,,,,,,,,,,4200.0,,,,,
Best_Bn,31,,,,,,,,,,,15000.0,,,,,
Best_Bn,32,,,,,,,,,,,40000.0,,,,,
Best_Bn,33,,,,,,,,,,,26667.0,,,,,
Best_Bn,34,,,,,,,,,,,3000.0,,,,,
Best_Bn,35,,,,,,,,,,,7200.0,,,,,
Best_Bn,36,,,,,,,,,,,45000.0,,,,,
Best_Bn,37,,,,,,,,,,,10000.0,,,,,
Best_Bn,38,,,,,,,,,,,6000.0,,,,,
Best_Bn,39,,,,,,,,,,,30000.0,,,,,
Best_Bn,40,,,,,,,,,,,1500.0,,,,,
Best_Bn,41,,,,,,,,,,,12500.0,,,,,
Best_Bn,42,,,,,,,,,,,16000.0,,,,,
Best_Bn,43,,,,,,,,,,,1000.0,,,,,
Best_Bn,44,,,,,,,,,,,2000.0,,,,,
Best_Bn,45,,,,,,,,,,,2640.0,,,,,
Best_Bn,46,,,,,,,,,,,7235.0,,,,,
Best_Bn,47,,,,,,,,,,,10000.0,,,,,
Best_Bn,48,,,,,,,,,,,20000.0,,,,,
Best_Bn,49,,,,,,,,,,,10000.0,,,,,
Best_Bn,50,,,,,,,,,,,6500.0,,,,,
Best_Bn,51,,,,,,,,,,,1800.0,,,,,
Best_Bn,52,,,,,,,,,,,6000.0,,,,,
Best_Bn,53,,,,,,,,,,,395031.0,,,,,
Best_Bn,54,,,,,,,,,,,10000.0,,,,,
Best_Bn,55,,,,,,,,,,,6000.0,,,,,
Best_Bn,56,,,,,,,,,,,30000.0,,,,,
Best_Bn,57,,,,,,,,,,,10000.0,,,,,
Best_Bn,58,,,,,,,,,,,,,,,,
Best_Bn,59,,,,,,,,,,,10000.0,,,,,
Best_Bn,60,,,,,,,,,,,7700.0,,,,,
Best_Bn,61,,,,,,,,,,,10000.0,,,,,
Best_Bn,62,,,,,,,,,,,1500.0,,,,,
Best_Bn,63,,,,,,,,,,,955.0,,,,,
Best_Bn,64,,,,,,,,,,,1100.0,,,,,
Best_Bn,65,,,,,,,,,,,2990.0,,,,,
Best_Bn,66,,,,,,,,,,,300.0,,,,,
Best_Bn,67,,,,,,,,,,,25000.0,,,,,
Best_Bn,68,,,,,,,,,,,1790.0,,,,,
Best_Bn,69,,,,,,,,,,,3900.0,,,,,
Best_Bn,70,,,,,,,,,,,200000.0,,,,,
Best_Bn,71,,,,,,,,,,,3000.0,,,,,
Best_Bn,72,,,,,,,,,,,40000.0,,,,,
Best_Bn,73,,,,,,,,,,,10010.0,,,,,
Best_Bn,74,,,,,,,,,,,10000.0,,,,,
Best_Bn,75,,,,,,,,,,,12000.0,,,,,
Best_Bn,76,,,,,,,,,,,5000.0,,,,,
Best_Bn,77,,,,,,,,,,,700.0,,,,,
Best_Bn,78,,,,,,,,,,,310.0,,,,,
Best_Bn,79,,,,,,,,,,,9647.0,,,,,
Best_Bn,80,,,,,,,,,,,5000.0,,,,,
Best_Bn,81,,,,,,,,,,,990.0,,,,,
Best_Bn,82,,,,,,,,,,,5500.0,,,,,
Best_Bn,83,,,,,,,,,,,1000.0,,,,,
Best_Bn,84,,,,,,,,,,,8300.0,,,,,
Best_Bn,85,,,,,,,,,,,2000.0,,,,,
Best_Bn,86,,,,,,,,,,,3500.0,,,,,
Best_Bn,87,,,,,,,,,,,25000.0,,,,,
Best_Bn,88,,,,,,,,,,,2700.0,,,,,
Best_Bn,89,,,,,,,,,,,2000.0,,,,,
Best_Bn,90,,,,,,,,,,,2000.0,,,,,
Best_Bn,91,,,,,,,,,,,5000.0,,,,,
Best_Bn,92,,,,,,,,,,,77100.0,,,,,
Best_Bn,93,,,,,,,,,,,500.0,,,,,
Best_Bn,94,,,,,,,,,,,50000.0,,,,,
Best_Bp,1,,,,,,,,,,,-107.46,,,,,
Best_Bp,2,,,,,,,,,,,-9.836556,,,,,
Best_Bp,3,,,,,,,,,,,-40.4,,,,,
Best_Bp,4,,,,,,,,,,,-132.55,,,,,
Best_Bp,5,,,,,,,,,,,-0.93,,,,,
Best_Bp,6,,,,,,,,,,,-599.3,,,,,
Best_Bp,7,,,,,,,,,,,-109.65132,,,,,
Best_Bp,8,,,,,,,,,,,-54.11,,,,,
Best_Bp,9,,,,,,,,,,,-1.83,,,,,
Best_Bp,10,,,,,,,,,,,-12.7196,,,,,
Best_Bp,11,,,,,,,,,,,-49.07,,,,,
Best_Bp,12,,,,,,,,,,,-39.77,,,,,
Best_Bp,13,,,,,,,,,,,-44.94,,,,,
Best_Bp,14,,,,,,,,,,,-1.91,,,,,
Best_Bp,15,,,,,,,,,,,-97.93,,,,,
Best_Bp,16,,,,,,,,,,,-1.0,,,,,
Best_Bp,17,,,,,,,,,,,-80.2,,,,,
Best_Bp,18,,,,,,,,,,,-14.48,,,,,
Best_Bp,19,,,,,,,,,,,-8.98,,,,,
Best_Bp,20,,,,,,,,,,,-0.0001,,,,,
Best_Bp,21,,,,,,,,,,,-37.4,,,,,
Best_Bp,22,,,,,,,,,,,-11.16,,,,,
Best_Bp,23,,,,,,,,,,,-15.7,,,,,
Best_Bp,24,,,,,,,,,,,-142.5,,,,,
Best_Bp,25,,,,,,,,,,,-35.54,,,,,
Best_Bp,26,,,,,,,,,,,-3.8536,,,,,
Best_Bp,27,,,,,,,,,,,-1.08,,,,,
Best_Bp,28,,,,,,,,,,,-39.67,,,,,
Best_Bp,29,,,,,,,,,,,-105.48,,,,,
Best_Bp,30,,,,,,,,,,,-66.36,,,,,
Best_Bp,31,,,,,,,,,,,-19.10476,,,,,
Best_Bp,32,,,,,,,,,,,-39.315,,,,,
Best_Bp,33,,,,,,,,,,,-0.54,,,,,
Best_Bp,34,,,,,,,,,,,-22.6062,,,,,
Best_Bp,35,,,,,,,,,,,-5.19,,,,,
Best_Bp,36,,,,,,,,,,,-3.5412,,,,,
Best_Bp,37,,,,,,,,,,,-0.85,,,,,
Best_Bp,38,,,,,,,,,,,-8.2023,,,,,
Best_Bp,39,,,,,,,,,,,-28.37,,,,,
Best_Bp,40,,,,,,,,,,,-93.0487,,,,,
Best_Bp,41,,,,,,,,,,,-11.2137168,,,,,
Best_Bp,42,,,,,,,,,,,-9.1165,,,,,
Best_Bp,43,,,,,,,,,,,-172.548,,,,,
Best_Bp,44,,,,,,,,,,,-0.001,,,,,
Best_Bp,45,,,,,,,,,,,-37.2407,,,,,
Best_Bp,46,,,,,,,,,,,-9.3,,,,,
Best_Bp,47,,,,,,,,,,,-19.13,,,,,
Best_Bp,48,,,,,,,,,,,-49.1,,,,,
Best_Bp,49,,,,,,,,,,,-8.23,,,,,
Best_Bp,50,,,,,,,,,,,-10.0599,,,,,
Best_Bp,51,,,,,,,,,,,-99.51,,,,,
Best_Bp,52,,,,,,,,,,,-5.8,,,,,
Best_Bp,53,,,,,,,,,,,-0.9582865,,,,,
Best_Bp,54,,,,,,,,,,,-2.45,,,,,
Best_Bp,55,,,,,,,,,,,-24.36,,,,,
Best_Bp,56,,,,,,,,,,,-10.665,,,,,
Best_Bp,57,,,,,,,,,,,-12.59,,,,,
Best_Bp,58,,,,,,,,,,,,,,,,
Best_Bp,59,,,,,,,,,,,-20.6643,,,,,
Best_Bp,60,,,,,,,,,,,-9.5829,,,,,
Best_Bp,61,,,,,,,,,,,-28.21,,,,,
Best_Bp,62,,,,,,,,,,,-144.56,,,,,
Best_Bp,63,,,,,,,,,,,-37.425,,,,,
Best_Bp,64,,,,,,,,,,,-68.84720000000004,,,,,
Best_Bp,65,,,,,,,,,,,-157.14,,,,,
Best_Bp,66,,,,,,,,,,,-407.17,,,,,
Best_Bp,67,,,,,,,,,,,-1.929,,,,,
Best_Bp,68,,,,,,,,,,,-92.95,,,,,
Best_Bp,69,,,,,,,,,,,-34.78,,,,,
Best_Bp,70,,,,,,,,,,,-162.6,,,,,
Best_Bp,71,,,,,,,,,,,-38.8126,,,,,
Best_Bp,72,,,,,,,,,,,-1.012,,,,,
Best_Bp,73,,,,,,,,,,,-13.37,,,,,
Best_Bp,74,,,,,,,,,,,-480.9,,,,,
Best_Bp,75,,,,,,,,,,,-9.235,,,,,
Best_Bp,76,,,,,,,,,,,-19.63,,,,,
Best_Bp,77,,,,,,,,,,,-101.51,,,,,
Best_Bp,78,,,,,,,,,,,-358.7,,,,,
Best_Bp,79,,,,,,,,,,,-6.44,,,,,
Best_Bp,80,,,,,,,,,,,-27.5497,,,,,
Best_Bp,81,,,,,,,,,,,-323.02,,,,,
Best_Bp,82,,,,,,,,,,,-0.001,,,,,
Best_Bp,83,,,,,,,,,,,-85.85,,,,,
Best_Bp,84,,,,,,,,,,,-9.596,,,,,
Best_Bp,85,,,,,,,,,,,-47.24,,,,,
Best_Bp,86,,,,,,,,,,,-0.001,,,,,
Best_Bp,87,,,,,,,,,,,-2.87,,,,,
Best_Bp,88,,,,,,,,,,,-30.31,,,,,
Best_Bp,89,,,,,,,,,,,-60.14,,,,,
Best_Bp,90,,,,,,,,,,,-46.07,,,,,
Best_Bp,91,,,,,,,,,,,-19.77,,,,,
Best_Bp,92,,,,,,,,,,,-5.34,,,,,
Best_Bp,93,,,,,,,,,,,-723.74,,,,,
Best_Bp,94,,,,,,,,,,,-9.02,,,,,
BS2D,1,,,,,,,,,,,2025-10-21 00:00:00,,,,,
BS2D,2,,,,,,,,,,,2025-02-24 00:00:00,,,,,
BS2D,3,,,,,,,,,,,2024-07-13 00:00:00,,,,,
BS2D,4,,,,,,,,,,,2025-01-16 00:00:00,,,,,
BS2D,5,,,,,,,,,,,2024-11-26 00:00:00,,,,,
BS2D,6,,,,,,,,,,,2026-02-24 00:00:00,,,,,
BS2D,7,,,,,,,,,,,2025-11-17 00:00:00,,,,,
BS2D,8,,,,,,,,,,,2025-12-12 00:00:00,,,,,
BS2D,9,,,,,,,,,,,2024-05-22 00:00:00,,,,,
BS2D,10,,,,,,,,,,,00:00:00,,,,,
BS2D,11,,,,,,,,,,,2025-09-10 00:00:00,,,,,
BS2D,12,,,,,,,,,,,2025-10-15 00:00:00,,,,,
BS2D,13,,,,,,,,,,,2024-04-08 00:00:00,,,,,
BS2D,14,,,,,,,,,,,2025-02-06 00:00:00,,,,,
BS2D,15,,,,,,,,,,,2025-06-25 00:00:00,,,,,
BS2D,16,,,,,,,,,,,2025-02-04 00:00:00,,,,,
BS2D,17,,,,,,,,,,,2026-02-23 00:00:00,,,,,
BS2D,18,,,,,,,,,,,2024-07-16 00:00:00,,,,,
BS2D,19,,,,,,,,,,,2026-02-06 00:00:00,,,,,
BS2D,20,,,,,,,,,,,2025-10-25 00:00:00,,,,,
BS2D,21,,,,,,,,,,,2024-11-07 00:00:00,,,,,
BS2D,22,,,,,,,,,,,2025-10-01 00:00:00,,,,,
BS2D,23,,,,,,,,,,,2024-06-25 00:00:00,,,,,
BS2D,24,,,,,,,,,,,2026-01-07 00:00:00,,,,,
BS2D,25,,,,,,,,,,,2025-04-17 00:00:00,,,,,
BS2D,26,,,,,,,,,,,2024-07-17 00:00:00,,,,,
BS2D,27,,,,,,,,,,,2024-12-05 00:00:00,,,,,
BS2D,28,,,,,,,,,,,2024-07-18 00:00:00,,,,,
BS2D,29,,,,,,,,,,,2025-09-29 00:00:00,,,,,
BS2D,30,,,,,,,,,,,2025-10-14 00:00:00,,,,,
BS2D,31,,,,,,,,,,,2025-12-22 00:00:00,,,,,
BS2D,32,,,,,,,,,,,2025-10-20 00:00:00,,,,,
BS2D,33,,,,,,,,,,,2025-12-08 00:00:00,,,,,
BS2D,34,,,,,,,,,,,2025-09-29 00:00:00,,,,,
BS2D,35,,,,,,,,,,,2024-07-30 00:00:00,,,,,
BS2D,36,,,,,,,,,,,2025-01-06 00:00:00,,,,,
BS2D,37,,,,,,,,,,,2024-08-13 00:00:00,,,,,
BS2D,38,,,,,,,,,,,2025-11-21 00:00:00,,,,,
BS2D,39,,,,,,,,,,,2024-05-15 00:00:00,,,,,
BS2D,40,,,,,,,,,,,2025-06-05 00:00:00,,,,,
BS2D,41,,,,,,,,,,,2024-07-31 00:00:00,,,,,
BS2D,42,,,,,,,,,,,2024-03-18 00:00:00,,,,,
BS2D,43,,,,,,,,,,,2025-01-07 00:00:00,,,,,
BS2D,44,,,,,,,,,,,2025-11-06 00:00:00,,,,,
BS2D,45,,,,,,,,,,,2024-03-06 00:00:00,,,,,
BS2D,46,,,,,,,,,,,2025-08-05 00:00:00,,,,,
BS2D,47,,,,,,,,,,,2026-01-08 00:00:00,,,,,
BS2D,48,,,,,,,,,,,2026-02-20 00:00:00,,,,,
BS2D,49,,,,,,,,,,,2024-07-24 00:00:00,,,,,
BS2D,50,,,,,,,,,,,2025-01-16 00:00:00,,,,,
BS2D,51,,,,,,,,,,,2024-07-30 00:00:00,,,,,
BS2D,52,,,,,,,,,,,2024-12-18 00:00:00,,,,,
BS2D,53,,,,,,,,,,,2025-02-28 00:00:00,,,,,
BS2D,54,,,,,,,,,,,2024-04-03 00:00:00,,,,,
BS2D,55,,,,,,,,,,,2024-03-21 00:00:00,,,,,
BS2D,56,,,,,,,,,,,2024-07-22 00:00:00,,,,,
BS2D,57,,,,,,,,,,,2026-01-27 00:00:00,,,,,
BS2D,58,,,,,,,,,,,00:00:00,,,,,
BS2D,59,,,,,,,,,,,2025-12-18 00:00:00,,,,,
BS2D,60,,,,,,,,,,,2025-08-08 00:00:00,,,,,
BS2D,61,,,,,,,,,,,2023-10-31 00:00:00,,,,,
BS2D,62,,,,,,,,,,,2025-06-03 00:00:00,,,,,
BS2D,63,,,,,,,,,,,2024-10-04 00:00:00,,,,,
BS2D,64,,,,,,,,,,,2025-02-19 00:00:00,,,,,
BS2D,65,,,,,,,,,,,2025-01-17 00:00:00,,,,,
BS2D,66,,,,,,,,,,,2025-12-03 00:00:00,,,,,
BS2D,67,,,,,,,,,,,2025-02-18 00:00:00,,,,,
BS2D,68,,,,,,,,,,,2025-06-25 00:00:00,,,,,
BS2D,69,,,,,,,,,,,2024-07-19 00:00:00,,,,,
BS2D,70,,,,,,,,,,,2024-10-18 00:00:00,,,,,
BS2D,71,,,,,,,,,,,2024-07-18 00:00:00,,,,,
BS2D,72,,,,,,,,,,,2024-03-14 00:00:00,,,,,
BS2D,73,,,,,,,,,,,2025-12-03 00:00:00,,,,,
BS2D,74,,,,,,,,,,,2024-12-04 00:00:00,,,,,
BS2D,75,,,,,,,,,,,2024-03-28 00:00:00,,,,,
BS2D,76,,,,,,,,,,,2024-05-29 00:00:00,,,,,
BS2D,77,,,,,,,,,,,2025-10-15 00:00:00,,,,,
BS2D,78,,,,,,,,,,,2024-08-01 00:00:00,,,,,
BS2D,79,,,,,,,,,,,2024-06-12 00:00:00,,,,,
BS2D,80,,,,,,,,,,,2025-03-28 00:00:00,,,,,
BS2D,81,,,,,,,,,,,2025-01-28 00:00:00,,,,,
BS2D,82,,,,,,,,,,,2024-05-31 00:00:00,,,,,
BS2D,83,,,,,,,,,,,2024-06-26 00:00:00,,,,,
BS2D,84,,,,,,,,,,,2025-03-21 00:00:00,,,,,
BS2D,85,,,,,,,,,,,2024-05-15 00:00:00,,,,,
BS2D,86,,,,,,,,,,,2024-07-01 00:00:00,,,,,
BS2D,87,,,,,,,,,,,2024-07-31 00:00:00,,,,,
BS2D,88,,,,,,,,,,,2025-01-03 00:00:00,,,,,
BS2D,89,,,,,,,,,,,2024-02-23 00:00:00,,,,,
BS2D,90,,,,,,,,,,,2025-09-09 00:00:00,,,,,
BS2D,91,,,,,,,,,,,00:00:00,,,,,
BS2D,92,,,,,,,,,,,00:00:00,,,,,
BS2D,93,,,,,,,,,,,2025-09-29 00:00:00,,,,,
BS2D,94,,,,,,,,,,,2026-01-15 00:00:00,,,,,
BS2n,1,,,,,,,,,,,500.0,,,,,
BS2n,2,,,,,,,,,,,2990.0,,,,,
BS2n,3,,,,,,,,,,,100000.0,,,,,
BS2n,4,,,,,,,,,,,500.0,,,,,
BS2n,5,,,,,,,,,,,19675.0,,,,,
BS2n,6,,,,,,,,,,,200.0,,,,,
BS2n,7,,,,,,,,,,,200.0,,,,,
BS2n,8,,,,,,,,,,,499.0,,,,,
BS2n,9,,,,,,,,,,,5000.0,,,,,
BS2n,10,,,,,,,,,,,0.0,,,,,
BS2n,11,,,,,,,,,,,95.0,,,,,
BS2n,12,,,,,,,,,,,1000.0,,,,,
BS2n,13,,,,,,,,,,,1000.0,,,,,
BS2n,14,,,,,,,,,,,15000.0,,,,,
BS2n,15,,,,,,,,,,,800.0,,,,,
BS2n,16,,,,,,,,,,,2000.0,,,,,
BS2n,17,,,,,,,,,,,700.0,,,,,
BS2n,18,,,,,,,,,,,4000.0,,,,,
BS2n,19,,,,,,,,,,,5000.0,,,,,
BS2n,20,,,,,,,,,,,10000.0,,,,,
BS2n,21,,,,,,,,,,,990.0,,,,,
BS2n,22,,,,,,,,,,,800.0,,,,,
BS2n,23,,,,,,,,,,,2000.0,,,,,
BS2n,24,,,,,,,,,,,100.0,,,,,
BS2n,25,,,,,,,,,,,1000.0,,,,,
BS2n,26,,,,,,,,,,,2724.0,,,,,
BS2n,27,,,,,,,,,,,5000.0,,,,,
BS2n,28,,,,,,,,,,,2800.0,,,,,
BS2n,29,,,,,,,,,,,200.0,,,,,
BS2n,30,,,,,,,,,,,300.0,,,,,
BS2n,31,,,,,,,,,,,1000.0,,,,,
BS2n,32,,,,,,,,,,,1000.0,,,,,
BS2n,33,,,,,,,,,,,10000.0,,,,,
BS2n,34,,,,,,,,,,,500.0,,,,,
BS2n,35,,,,,,,,,,,6000.0,,,,,
BS2n,36,,,,,,,,,,,2500.0,,,,,
BS2n,37,,,,,,,,,,,3006.0,,,,,
BS2n,38,,,,,,,,,,,499.0,,,,,
BS2n,39,,,,,,,,,,,10000.0,,,,,
BS2n,40,,,,,,,,,,,500.0,,,,,
BS2n,41,,,,,,,,,,,2000.0,,,,,
BS2n,42,,,,,,,,,,,2000.0,,,,,
BS2n,43,,,,,,,,,,,400.0,,,,,
BS2n,44,,,,,,,,,,,300.0,,,,,
BS2n,45,,,,,,,,,,,1300.0,,,,,
BS2n,46,,,,,,,,,,,7235.0,,,,,
BS2n,47,,,,,,,,,,,300.0,,,,,
BS2n,48,,,,,,,,,,,391.0,,,,,
BS2n,49,,,,,,,,,,,10000.0,,,,,
BS2n,50,,,,,,,,,,,1500.0,,,,,
BS2n,51,,,,,,,,,,,1800.0,,,,,
BS2n,52,,,,,,,,,,,7200.0,,,,,
BS2n,53,,,,,,,,,,,20000.0,,,,,
BS2n,54,,,,,,,,,,,5000.0,,,,,
BS2n,55,,,,,,,,,,,780.0,,,,,
BS2n,56,,,,,,,,,,,10.0,,,,,
BS2n,57,,,,,,,,,,,2000.0,,,,,
BS2n,58,,,,,,,,,,,0.0,,,,,
BS2n,59,,,,,,,,,,,1000.0,,,,,
BS2n,60,,,,,,,,,,,2000.0,,,,,
BS2n,61,,,,,,,,,,,10000.0,,,,,
BS2n,62,,,,,,,,,,,500.0,,,,,
BS2n,63,,,,,,,,,,,490.0,,,,,
BS2n,64,,,,,,,,,,,240.0,,,,,
BS2n,65,,,,,,,,,,,500.0,,,,,
BS2n,66,,,,,,,,,,,250.0,,,,,
BS2n,67,,,,,,,,,,,5000.0,,,,,
BS2n,68,,,,,,,,,,,800.0,,,,,
BS2n,69,,,,,,,,,,,4000.0,,,,,
BS2n,70,,,,,,,,,,,25000.0,,,,,
BS2n,71,,,,,,,,,,,200.0,,,,,
BS2n,72,,,,,,,,,,,20000.0,,,,,
BS2n,73,,,,,,,,,,,5000.0,,,,,
BS2n,74,,,,,,,,,,,8000.0,,,,,
BS2n,75,,,,,,,,,,,6000.0,,,,,
BS2n,76,,,,,,,,,,,1000.0,,,,,
BS2n,77,,,,,,,,,,,200.0,,,,,
BS2n,78,,,,,,,,,,,100.0,,,,,
BS2n,79,,,,,,,,,,,518.0,,,,,
BS2n,80,,,,,,,,,,,1200.0,,,,,
BS2n,81,,,,,,,,,,,100.0,,,,,
BS2n,82,,,,,,,,,,,2700.0,,,,,
BS2n,83,,,,,,,,,,,1010.0,,,,,
BS2n,84,,,,,,,,,,,2000.0,,,,,
BS2n,85,,,,,,,,,,,990.0,,,,,
BS2n,86,,,,,,,,,,,1990.0,,,,,
BS2n,87,,,,,,,,,,,3000.0,,,,,
BS2n,88,,,,,,,,,,,5000.0,,,,,
BS2n,89,,,,,,,,,,,1000.0,,,,,
BS2n,90,,,,,,,,,,,250.0,,,,,
BS2n,91,,,,,,,,,,,0.0,,,,,
BS2n,92,,,,,,,,,,,0.0,,,,,
BS2n,93,,,,,,,,,,,300.0,,,,,
BS2n,94,,,,,,,,,,,3000.0,,,,,
BS2P,1,,,,,,,,,,,263.58,,,,,
BS2P,2,,,,,,,,,,,16.67,,,,,
BS2P,3,,,,,,,,,,,56.0,,,,,
BS2P,4,,,,,,,,,,,223.01,,,,,
BS2P,5,,,,,,,,,,,-1.0,,,,,
BS2P,6,,,,,,,,,,,1265.4,,,,,
BS2P,7,,,,,,,,,,,342.32,,,,,
BS2P,8,,,,,,,,,,,89.72,,,,,
BS2P,9,,,,,,,,,,,3.17,,,,,
BS2P,10,,,,,,,,,,,0.0,,,,,
BS2P,11,,,,,,,,,,,97.375,,,,,
BS2P,12,,,,,,,,,,,69.34,,,,,
BS2P,13,,,,,,,,,,,74.32,,,,,
BS2P,14,,,,,,,,,,,4.64,,,,,
BS2P,15,,,,,,,,,,,119.38,,,,,
BS2P,16,,,,,,,,,,,40.12,,,,,
BS2P,17,,,,,,,,,,,151.31,,,,,
BS2P,18,,,,,,,,,,,19.3311,,,,,
BS2P,19,,,,,,,,,,,17.79,,,,,
BS2P,20,,,,,,,,,,,496.0,,,,,
BS2P,21,,,,,,,,,,,47.633,,,,,
BS2P,22,,,,,,,,,,,24.82,,,,,
BS2P,23,,,,,,,,,,,36.25,,,,,
BS2P,24,,,,,,,,,,,438.01,,,,,
BS2P,25,,,,,,,,,,,69.12,,,,,
BS2P,26,,,,,,,,,,,5.0339,,,,,
BS2P,27,,,,,,,,,,,6.37,,,,,
BS2P,28,,,,,,,,,,,125.31,,,,,
BS2P,29,,,,,,,,,,,515.245,,,,,
BS2P,30,,,,,,,,,,,84.705,,,,,
BS2P,31,,,,,,,,,,,104.77,,,,,
BS2P,32,,,,,,,,,,,123.356,,,,,
BS2P,33,,,,,,,,,,,-1.88,,,,,
BS2P,34,,,,,,,,,,,39.3005,,,,,
BS2P,35,,,,,,,,,,,10.2969,,,,,
BS2P,36,,,,,,,,,,,9.06,,,,,
BS2P,37,,,,,,,,,,,1.39,,,,,
BS2P,38,,,,,,,,,,,46.8,,,,,
BS2P,39,,,,,,,,,,,36.226,,,,,
BS2P,40,,,,,,,,,,,273.15,,,,,
BS2P,41,,,,,,,,,,,22.141,,,,,
BS2P,42,,,,,,,,,,,11.5916,,,,,
BS2P,43,,,,,,,,,,,397.49,,,,,
BS2P,44,,,,,,,,,,,288.85,,,,,
BS2P,45,,,,,,,,,,,55.9,,,,,
BS2P,46,,,,,,,,,,,-9.3,,,,,
BS2P,47,,,,,,,,,,,33.33,,,,,
BS2P,48,,,,,,,,,,,69.6,,,,,
BS2P,49,,,,,,,,,,,11.69,,,,,
BS2P,50,,,,,,,,,,,12.46,,,,,
BS2P,51,,,,,,,,,,,117.2,,,,,
BS2P,52,,,,,,,,,,,10.55,,,,,
BS2P,53,,,,,,,,,,,-1.01,,,,,
BS2P,54,,,,,,,,,,,4.1538,,,,,
BS2P,55,,,,,,,,,,,41.2935,,,,,
BS2P,56,,,,,,,,,,,12.49,,,,,
BS2P,57,,,,,,,,,,,16.76,,,,,
BS2P,58,,,,,,,,,,,0.0,,,,,
BS2P,59,,,,,,,,,,,67.22,,,,,
BS2P,60,,,,,,,,,,,13.93,,,,,
BS2P,61,,,,,,,,,,,36.92,,,,,
BS2P,62,,,,,,,,,,,267.48,,,,,
BS2P,63,,,,,,,,,,,51.5,,,,,
BS2P,64,,,,,,,,,,,244.79,,,,,
BS2P,65,,,,,,,,,,,224.0,,,,,
BS2P,66,,,,,,,,,,,963.04,,,,,
BS2P,67,,,,,,,,,,,4.481,,,,,
BS2P,68,,,,,,,,,,,119.32,,,,,
BS2P,69,,,,,,,,,,,48.6602,,,,,
BS2P,70,,,,,,,,,,,212.3,,,,,
BS2P,71,,,,,,,,,,,124.1,,,,,
BS2P,72,,,,,,,,,,,3.270658,,,,,
BS2P,73,,,,,,,,,,,16.35,,,,,
BS2P,74,,,,,,,,,,,565.97,,,,,
BS2P,75,,,,,,,,,,,13.26,,,,,
BS2P,76,,,,,,,,,,,27.2528,,,,,
BS2P,77,,,,,,,,,,,192.01,,,,,
BS2P,78,,,,,,,,,,,573.67,,,,,
BS2P,79,,,,,,,,,,,-42.94,,,,,
BS2P,80,,,,,,,,,,,33.646525,,,,,
BS2P,81,,,,,,,,,,,546.67,,,,,
BS2P,82,,,,,,,,,,,14.95,,,,,
BS2P,83,,,,,,,,,,,107.2019,,,,,
BS2P,84,,,,,,,,,,,11.845,,,,,
BS2P,85,,,,,,,,,,,63.24,,,,,
BS2P,86,,,,,,,,,,,28.225,,,,,
BS2P,87,,,,,,,,,,,5.8333,,,,,
BS2P,88,,,,,,,,,,,35.859,,,,,
BS2P,89,,,,,,,,,,,81.42,,,,,
BS2P,90,,,,,,,,,,,194.28,,,,,
BS2P,91,,,,,,,,,,,0.0,,,,,
BS2P,92,,,,,,,,,,,0.0,,,,,
BS2P,93,,,,,,,,,,,828.2,,,,,
BS2P,94,,,,,,,,,,,17.17,,,,,
WB2D,1,,,,,,,,,,,2025-10-13 00:00:00,,,,,
WB2D,2,,,,,,,,,,,2024-11-12 00:00:00,,,,,
WB2D,3,,,,,,,,,,,2024-08-12 00:00:00,,,,,
WB2D,4,,,,,,,,,,,2025-02-10 00:00:00,,,,,
WB2D,5,,,,,,,,,,,2025-02-28 00:00:00,,,,,
WB2D,6,,,,,,,,,,,2026-02-27 00:00:00,,,,,
WB2D,7,,,,,,,,,,,2026-01-22 00:00:00,,,,,
WB2D,8,,,,,,,,,,,2025-03-06 00:00:00,,,,,
WB2D,9,,,,,,,,,,,2024-06-18 00:00:00,,,,,
WB2D,10,,,,,,,,,,,00:00:00,,,,,
WB2D,11,,,,,,,,,,,2025-01-06 00:00:00,,,,,
WB2D,12,,,,,,,,,,,2025-01-27 00:00:00,,,,,
WB2D,13,,,,,,,,,,,2024-03-18 00:00:00,,,,,
WB2D,14,,,,,,,,,,,2024-02-15 00:00:00,,,,,
WB2D,15,,,,,,,,,,,2025-09-10 00:00:00,,,,,
WB2D,16,,,,,,,,,,,2024-03-28 00:00:00,,,,,
WB2D,17,,,,,,,,,,,2024-03-06 00:00:00,,,,,
WB2D,18,,,,,,,,,,,2024-06-20 00:00:00,,,,,
WB2D,19,,,,,,,,,,,2025-12-09 00:00:00,,,,,
WB2D,20,,,,,,,,,,,2026-01-18 00:00:00,,,,,
WB2D,21,,,,,,,,,,,2024-04-05 00:00:00,,,,,
WB2D,22,,,,,,,,,,,2025-10-20 00:00:00,,,,,
WB2D,23,,,,,,,,,,,2024-06-03 00:00:00,,,,,
WB2D,24,,,,,,,,,,,2026-03-11 00:00:00,,,,,
WB2D,25,,,,,,,,,,,2025-05-30 00:00:00,,,,,
WB2D,26,,,,,,,,,,,2024-12-17 00:00:00,,,,,
WB2D,27,,,,,,,,,,,2025-01-27 00:00:00,,,,,
WB2D,28,,,,,,,,,,,2011-01-01 00:00:00,,,,,
WB2D,29,,,,,,,,,,,2025-12-03 00:00:00,,,,,
WB2D,30,,,,,,,,,,,2024-10-10 00:00:00,,,,,
WB2D,31,,,,,,,,,,,2025-12-16 00:00:00,,,,,
WB2D,32,,,,,,,,,,,2025-10-16 00:00:00,,,,,
WB2D,33,,,,,,,,,,,2025-11-11 00:00:00,,,,,
WB2D,34,,,,,,,,,,,2011-01-01 00:00:00,,,,,
WB2D,35,,,,,,,,,,,2024-06-18 00:00:00,,,,,
WB2D,36,,,,,,,,,,,2011-01-01 00:00:00,,,,,
WB2D,37,,,,,,,,,,,2025-01-22 00:00:00,,,,,
WB2D,38,,,,,,,,,,,2011-01-01 00:00:00,,,,,
WB2D,39,,,,,,,,,,,2011-01-01 00:00:00,,,,,
WB2D,40,,,,,,,,,,,2025-03-24 00:00:00,,,,,
WB2D,41,,,,,,,,,,,2024-11-09 00:00:00,,,,,
WB2D,42,,,,,,,,,,,2024-04-30 00:00:00,,,,,
WB2D,43,,,,,,,,,,,2025-02-05 00:00:00,,,,,
WB2D,44,,,,,,,,,,,2025-07-18 00:00:00,,,,,
WB2D,45,,,,,,,,,,,2011-01-01 00:00:00,,,,,
WB2D,46,,,,,,,,,,,2026-04-02 00:00:00,,,,,
WB2D,47,,,,,,,,,,,2024-07-05 00:00:00,,,,,
WB2D,48,,,,,,,,,,,2026-03-13 00:00:00,,,,,
WB2D,49,,,,,,,,,,,2024-07-12 00:00:00,,,,,
WB2D,50,,,,,,,,,,,2024-03-25 00:00:00,,,,,
WB2D,51,,,,,,,,,,,2025-09-26 00:00:00,,,,,
WB2D,52,,,,,,,,,,,2024-03-25 00:00:00,,,,,
WB2D,53,,,,,,,,,,,2024-03-04 00:00:00,,,,,
WB2D,54,,,,,,,,,,,2011-01-01 00:00:00,,,,,
WB2D,55,,,,,,,,,,,2011-01-01 00:00:00,,,,,
WB2D,56,,,,,,,,,,,2011-01-01 00:00:00,,,,,
WB2D,57,,,,,,,,,,,2011-01-01 00:00:00,,,,,
WB2D,58,,,,,,,,,,,00:00:00,,,,,
WB2D,59,,,,,,,,,,,2025-08-15 00:00:00,,,,,
WB2D,60,,,,,,,,,,,2025-05-30 00:00:00,,,,,
WB2D,61,,,,,,,,,,,2011-01-01 00:00:00,,,,,
WB2D,62,,,,,,,,,,,2025-07-17 00:00:00,,,,,
WB2D,63,,,,,,,,,,,2024-11-10 00:00:00,,,,,
WB2D,64,,,,,,,,,,,2025-01-22 00:00:00,,,,,
WB2D,65,,,,,,,,,,,2025-06-11 00:00:00,,,,,
WB2D,66,,,,,,,,,,,2024-04-05 00:00:00,,,,,
WB2D,67,,,,,,,,,,,2024-07-06 00:00:00,,,,,
WB2D,68,,,,,,,,,,,2024-03-21 00:00:00,,,,,
WB2D,69,,,,,,,,,,,2024-06-10 00:00:00,,,,,
WB2D,70,,,,,,,,,,,2011-01-01 00:00:00,,,,,
WB2D,71,,,,,,,,,,,2024-07-29 00:00:00,,,,,
WB2D,72,,,,,,,,,,,2011-01-01 00:00:00,,,,,
WB2D,73,,,,,,,,,,,2024-04-26 00:00:00,,,,,
WB2D,74,,,,,,,,,,,2025-07-10 00:00:00,,,,,
WB2D,75,,,,,,,,,,,2024-04-25 00:00:00,,,,,
WB2D,76,,,,,,,,,,,2024-05-15 00:00:00,,,,,
WB2D,77,,,,,,,,,,,2025-09-15 00:00:00,,,,,
WB2D,78,,,,,,,,,,,2024-08-08 00:00:00,,,,,
WB2D,79,,,,,,,,,,,2024-06-12 00:00:00,,,,,
WB2D,80,,,,,,,,,,,2025-12-05 00:00:00,,,,,
WB2D,81,,,,,,,,,,,2025-06-18 00:00:00,,,,,
WB2D,82,,,,,,,,,,,2026-02-27 00:00:00,,,,,
WB2D,83,,,,,,,,,,,2024-06-21 00:00:00,,,,,
WB2D,84,,,,,,,,,,,2024-05-15 00:00:00,,,,,
WB2D,85,,,,,,,,,,,2024-05-14 00:00:00,,,,,
WB2D,86,,,,,,,,,,,2024-06-21 00:00:00,,,,,
WB2D,87,,,,,,,,,,,2024-03-28 00:00:00,,,,,
WB2D,88,,,,,,,,,,,2024-06-24 00:00:00,,,,,
WB2D,89,,,,,,,,,,,2021-09-20 00:00:00,,,,,
WB2D,90,,,,,,,,,,,2024-10-07 00:00:00,,,,,
WB2D,91,,,,,,,,,,,00:00:00,,,,,
WB2D,92,,,,,,,,,,,00:00:00,,,,,
WB2D,93,,,,,,,,,,,2025-09-29 00:00:00,,,,,
WB2D,94,,,,,,,,,,,2025-11-13 00:00:00,,,,,
WB2n,1,,,,,,,,,,,200.0,,,,,
WB2n,2,,,,,,,,,,,3000.0,,,,,
WB2n,3,,,,,,,,,,,190000.0,,,,,
WB2n,4,,,,,,,,,,,250.0,,,,,
WB2n,5,,,,,,,,,,,15000.0,,,,,
WB2n,6,,,,,,,,,,,300.0,,,,,
WB2n,7,,,,,,,,,,,500.0,,,,,
WB2n,8,,,,,,,,,,,800.0,,,,,
WB2n,9,,,,,,,,,,,1000.0,,,,,
WB2n,10,,,,,,,,,,,0.0,,,,,
WB2n,11,,,,,,,,,,,1000.0,,,,,
WB2n,12,,,,,,,,,,,2000.0,,,,,
WB2n,13,,,,,,,,,,,2000.0,,,,,
WB2n,14,,,,,,,,,,,5000.0,,,,,
WB2n,15,,,,,,,,,,,800.0,,,,,
WB2n,16,,,,,,,,,,,800.0,,,,,
WB2n,17,,,,,,,,,,,300.0,,,,,
WB2n,18,,,,,,,,,,,4000.0,,,,,
WB2n,19,,,,,,,,,,,10000.0,,,,,
WB2n,20,,,,,,,,,,,10000.0,,,,,
WB2n,21,,,,,,,,,,,4000.0,,,,,
WB2n,22,,,,,,,,,,,1800.0,,,,,
WB2n,23,,,,,,,,,,,500.0,,,,,
WB2n,24,,,,,,,,,,,80000.0,,,,,
WB2n,25,,,,,,,,,,,2000.0,,,,,
WB2n,26,,,,,,,,,,,3000.0,,,,,
WB2n,27,,,,,,,,,,,2000.0,,,,,
WB2n,28,,,,,,,,,,,200.0,,,,,
WB2n,29,,,,,,,,,,,200.0,,,,,
WB2n,30,,,,,,,,,,,1000.0,,,,,
WB2n,31,,,,,,,,,,,1000.0,,,,,
WB2n,32,,,,,,,,,,,1000.0,,,,,
WB2n,33,,,,,,,,,,,3333.0,,,,,
WB2n,34,,,,,,,,,,,3000.0,,,,,
WB2n,35,,,,,,,,,,,4000.0,,,,,
WB2n,36,,,,,,,,,,,45000.0,,,,,
WB2n,37,,,,,,,,,,,6006.0,,,,,
WB2n,38,,,,,,,,,,,2700.0,,,,,
WB2n,39,,,,,,,,,,,30000.0,,,,,
WB2n,40,,,,,,,,,,,1000.0,,,,,
WB2n,41,,,,,,,,,,,4000.0,,,,,
WB2n,42,,,,,,,,,,,2000.0,,,,,
WB2n,43,,,,,,,,,,,100.0,,,,,
WB2n,44,,,,,,,,,,,500.0,,,,,
WB2n,45,,,,,,,,,,,1300.0,,,,,
WB2n,46,,,,,,,,,,,2235.0,,,,,
WB2n,47,,,,,,,,,,,3000.0,,,,,
WB2n,48,,,,,,,,,,,1500.0,,,,,
WB2n,49,,,,,,,,,,,10000.0,,,,,
WB2n,50,,,,,,,,,,,750.0,,,,,
WB2n,51,,,,,,,,,,,300.0,,,,,
WB2n,52,,,,,,,,,,,1200.0,,,,,
WB2n,53,,,,,,,,,,,5000.0,,,,,
WB2n,54,,,,,,,,,,,10000.0,,,,,
WB2n,55,,,,,,,,,,,2000.0,,,,,
WB2n,56,,,,,,,,,,,20000.0,,,,,
WB2n,57,,,,,,,,,,,10000.0,,,,,
WB2n,58,,,,,,,,,,,0.0,,,,,
WB2n,59,,,,,,,,,,,1990.0,,,,,
WB2n,60,,,,,,,,,,,6000.0,,,,,
WB2n,61,,,,,,,,,,,10000.0,,,,,
WB2n,62,,,,,,,,,,,200.0,,,,,
WB2n,63,,,,,,,,,,,490.0,,,,,
WB2n,64,,,,,,,,,,,500.0,,,,,
WB2n,65,,,,,,,,,,,500.0,,,,,
WB2n,66,,,,,,,,,,,300.0,,,,,
WB2n,67,,,,,,,,,,,10000.0,,,,,
WB2n,68,,,,,,,,,,,710.0,,,,,
WB2n,69,,,,,,,,,,,1250.0,,,,,
WB2n,70,,,,,,,,,,,200000.0,,,,,
WB2n,71,,,,,,,,,,,500.0,,,,,
WB2n,72,,,,,,,,,,,30000.0,,,,,
WB2n,73,,,,,,,,,,,700.0,,,,,
WB2n,74,,,,,,,,,,,10000.0,,,,,
WB2n,75,,,,,,,,,,,6000.0,,,,,
WB2n,76,,,,,,,,,,,2000.0,,,,,
WB2n,77,,,,,,,,,,,600.0,,,,,
WB2n,78,,,,,,,,,,,200.0,,,,,
WB2n,79,,,,,,,,,,,518.0,,,,,
WB2n,80,,,,,,,,,,,900.0,,,,,
WB2n,81,,,,,,,,,,,200.0,,,,,
WB2n,82,,,,,,,,,,,5500.0,,,,,
WB2n,83,,,,,,,,,,,1000.0,,,,,
WB2n,84,,,,,,,,,,,4000.0,,,,,
WB2n,85,,,,,,,,,,,500.0,,,,,
WB2n,86,,,,,,,,,,,1500.0,,,,,
WB2n,87,,,,,,,,,,,1000.0,,,,,
WB2n,88,,,,,,,,,,,1200.0,,,,,
WB2n,89,,,,,,,,,,,200.0,,,,,
WB2n,90,,,,,,,,,,,1000.0,,,,,
WB2n,91,,,,,,,,,,,0.0,,,,,
WB2n,92,,,,,,,,,,,0.0,,,,,
WB2n,93,,,,,,,,,,,300.0,,,,,
WB2n,94,,,,,,,,,,,3000.0,,,,,
WB2P,1,,,,,,,,,,,-248.52,,,,,
WB2P,2,,,,,,,,,,,-14.02,,,,,
WB2P,3,,,,,,,,,,,-53.111,,,,,
WB2P,4,,,,,,,,,,,-232.89,,,,,
WB2P,5,,,,,,,,,,,-1.2,,,,,
WB2P,6,,,,,,,,,,,-1222.8,,,,,
WB2P,7,,,,,,,,,,,-327.78,,,,,
WB2P,8,,,,,,,,,,,-77.67,,,,,
WB2P,9,,,,,,,,,,,-2.745,,,,,
WB2P,10,,,,,,,,,,,0.0,,,,,
WB2P,11,,,,,,,,,,,-73.18,,,,,
WB2P,12,,,,,,,,,,,-59.125,,,,,
WB2P,13,,,,,,,,,,,-77.38,,,,,
WB2P,14,,,,,,,,,,,-5.5999,,,,,
WB2P,15,,,,,,,,,,,-115.8975,,,,,
WB2P,16,,,,,,,,,,,-41.2293,,,,,
WB2P,17,,,,,,,,,,,-146.51,,,,,
WB2P,18,,,,,,,,,,,-18.5675,,,,,
WB2P,19,,,,,,,,,,,-15.5,,,,,
WB2P,20,,,,,,,,,,,-481.0,,,,,
WB2P,21,,,,,,,,,,,-43.55,,,,,
WB2P,22,,,,,,,,,,,-22.63,,,,,
WB2P,23,,,,,,,,,,,-35.117,,,,,
WB2P,24,,,,,,,,,,,-374.0,,,,,
WB2P,25,,,,,,,,,,,-68.3995,,,,,
WB2P,26,,,,,,,,,,,-7.42,,,,,
WB2P,27,,,,,,,,,,,-5.0683,,,,,
WB2P,28,,,,,,,,,,,-125.15535,,,,,
WB2P,29,,,,,,,,,,,-478.88,,,,,
WB2P,30,,,,,,,,,,,-81.61,,,,,
WB2P,31,,,,,,,,,,,-98.38,,,,,
WB2P,32,,,,,,,,,,,-117.96600000000001,,,,,
WB2P,33,,,,,,,,,,,-2.76,,,,,
WB2P,34,,,,,,,,,,,-28.96,,,,,
WB2P,35,,,,,,,,,,,-8.7273,,,,,
WB2P,36,,,,,,,,,,,-6.570766888888889,,,,,
WB2P,37,,,,,,,,,,,-1.1955,,,,,
WB2P,38,,,,,,,,,,,-36.9220481481481,,,,,
WB2P,39,,,,,,,,,,,-33.802068,,,,,
WB2P,40,,,,,,,,,,,-255.19,,,,,
WB2P,41,,,,,,,,,,,-19.82,,,,,
WB2P,42,,,,,,,,,,,-10.0133,,,,,
WB2P,43,,,,,,,,,,,-382.162,,,,,
WB2P,44,,,,,,,,,,,-241.39,,,,,
WB2P,45,,,,,,,,,,,-57.7617,,,,,
WB2P,46,,,,,,,,,,,10.31,,,,,
WB2P,47,,,,,,,,,,,-25.5355,,,,,
WB2P,48,,,,,,,,,,,-67.6,,,,,
WB2P,49,,,,,,,,,,,-11.33,,,,,
WB2P,50,,,,,,,,,,,-20.667,,,,,
WB2P,51,,,,,,,,,,,-117.49,,,,,
WB2P,52,,,,,,,,,,,-10.897,,,,,
WB2P,53,,,,,,,,,,,-3.41,,,,,
WB2P,54,,,,,,,,,,,-4.33,,,,,
WB2P,55,,,,,,,,,,,-43.0254,,,,,
WB2P,56,,,,,,,,,,,-11.0603,,,,,
WB2P,57,,,,,,,,,,,-15.5926,,,,,
WB2P,58,,,,,,,,,,,0.0,,,,,
WB2P,59,,,,,,,,,,,-59.09,,,,,
WB2P,60,,,,,,,,,,,-13.19,,,,,
WB2P,61,,,,,,,,,,,-35.88,,,,,
WB2P,62,,,,,,,,,,,-259.6,,,,,
WB2P,63,,,,,,,,,,,-48.84,,,,,
WB2P,64,,,,,,,,,,,-222.018,,,,,
WB2P,65,,,,,,,,,,,-213.25,,,,,
WB2P,66,,,,,,,,,,,-903.2,,,,,
WB2P,67,,,,,,,,,,,-4.135,,,,,
WB2P,68,,,,,,,,,,,-116.3,,,,,
WB2P,69,,,,,,,,,,,-47.31,,,,,
WB2P,70,,,,,,,,,,,-166.0,,,,,
WB2P,71,,,,,,,,,,,-121.66,,,,,
WB2P,72,,,,,,,,,,,-3.430985,,,,,
WB2P,73,,,,,,,,,,,-15.21,,,,,
WB2P,74,,,,,,,,,,,-524.2,,,,,
WB2P,75,,,,,,,,,,,-12.95,,,,,
WB2P,76,,,,,,,,,,,-27.47,,,,,
WB2P,77,,,,,,,,,,,-186.39,,,,,
WB2P,78,,,,,,,,,,,-486.0973,,,,,
WB2P,79,,,,,,,,,,,-42.94,,,,,
WB2P,80,,,,,,,,,,,-37.81,,,,,
WB2P,81,,,,,,,,,,,-546.81,,,,,
WB2P,82,,,,,,,,,,,-10.14,,,,,
WB2P,83,,,,,,,,,,,-105.18,,,,,
WB2P,84,,,,,,,,,,,-10.71,,,,,
WB2P,85,,,,,,,,,,,-62.73,,,,,
WB2P,86,,,,,,,,,,,-27.8155,,,,,
WB2P,87,,,,,,,,,,,-6.31,,,,,
WB2P,88,,,,,,,,,,,-34.9,,,,,
WB2P,89,,,,,,,,,,,-248.79,,,,,
WB2P,90,,,,,,,,,,,-154.9964,,,,,
WB2P,91,,,,,,,,,,,0.0,,,,,
WB2P,92,,,,,,,,,,,0.0,,,,,
WB2P,93,,,,,,,,,,,828.2,,,,,
WB2P,94,,,,,,,,,,,-15.15,,,,,
ntoBuy,1,,,,,,,,,,,523.5602094240832,,,,,
ntoBuy,2,,,,,,,,,,,0.0,,,,,
ntoBuy,3,,,,,,,,,,,0.0,,,,,
ntoBuy,4,,,,,,,,,,,0.0,,,,,
ntoBuy,5,,,,,,,,,,,0.0,,,,,
ntoBuy,6,,,,,,,,,,,163.3986928104568,,,,,
ntoBuy,7,,,,,,,,,,,0.0,,,,,
ntoBuy,8,,,,,,,,,,,0.0,,,,,
ntoBuy,9,,,,,,,,,,,7041.261794113508,,,,,
ntoBuy,10,,,,,,,,,,,0.0,,,,,
ntoBuy,11,,,,,,,,,,,0.0,,,,,
ntoBuy,12,,,,,,,,,,,0.0,,,,,
ntoBuy,13,,,,,,,,,,,0.0,,,,,
ntoBuy,14,,,,,,,,,,,3984.0637450199206,,,,,
ntoBuy,15,,,,,,,,,,,255.36261491317674,,,,,
ntoBuy,16,,,,,,,,,,,409.3327875562833,,,,,
ntoBuy,17,,,,,,,,,,,7352.941176470515,,,,,
ntoBuy,18,,,,,,,,,,,1669.4490818030054,,,,,
ntoBuy,19,,,,,,,,,,,0.0,,,,,
ntoBuy,20,,,,,,,,,,,39.0015600624025,,,,,
ntoBuy,21,,,,,,,,,,,20408.16326530693,,,,,
ntoBuy,22,,,,,,,,,,,0.0,,,,,
ntoBuy,23,,,,,,,,,,,472.7238347357473,,,,,
ntoBuy,24,,,,,,,,,,,84.24599831508009,,,,,
ntoBuy,25,,,,,,,,,,,0.0,,,,,
ntoBuy,26,,,,,,,,,,,1666.666666666666,,,,,
ntoBuy,27,,,,,,,,,,,0.0,,,,,
ntoBuy,28,,,,,,,,,,,0.0,,,,,
ntoBuy,29,,,,,,,,,,,44.89539373260303,,,,,
ntoBuy,30,,,,,,,,,,,0.0,,,,,
ntoBuy,31,,,,,,,,,,,0.0,,,,,
ntoBuy,32,,,,,,,,,,,235.11708830997847,,,,,
ntoBuy,33,,,,,,,,,,,0.0,,,,,
ntoBuy,34,,,,,,,,,,,0.0,,,,,
ntoBuy,35,,,,,,,,,,,4273.504273504273,,,,,
ntoBuy,36,,,,,,,,,,,7042.253521126761,,,,,
ntoBuy,37,,,,,,,,,,,6872.852233676976,,,,,
ntoBuy,38,,,,,,,,,,,281.37310073157005,,,,,
ntoBuy,39,,,,,,,,,,,0.0,,,,,
ntoBuy,40,,,,,,,,,,,50.864699898270594,,,,,
ntoBuy,41,,,,,,,,,,,0.0,,,,,
ntoBuy,42,,,,,,,,,,,1126.7521079785474,,,,,
ntoBuy,43,,,,,,,,,,,61.001647044470175,,,,,
ntoBuy,44,,,,,,,,,,,0.0,,,,,
ntoBuy,45,,,,,,,,,,,943.6152163615334,,,,,
ntoBuy,46,,,,,,,,,,,0.0,,,,,
ntoBuy,47,,,,,,,,,,,0.0,,,,,
ntoBuy,48,,,,,,,,,,,0.0,,,,,
ntoBuy,49,,,,,,,,,,,0.0,,,,,
ntoBuy,50,,,,,,,,,,,444.40099190301396,,,,,
ntoBuy,51,,,,,,,,,,,0.0,,,,,
ntoBuy,52,,,,,,,,,,,1057.0824524312895,,,,,
ntoBuy,53,,,,,,,,,,,0.0,,,,,
ntoBuy,54,,,,,,,,,,,3076.923076923077,,,,,
ntoBuy,55,,,,,,,,,,,216.5908598657137,,,,,
ntoBuy,56,,,,,,,,,,,0.0,,,,,
ntoBuy,57,,,,,,,,,,,0.0,,,,,
ntoBuy,58,,,,,,,,,,,0.0,,,,,
ntoBuy,59,,,,,,,,,,,0.0,,,,,
ntoBuy,60,,,,,,,,,,,0.0,,,,,
ntoBuy,61,,,,,,,,,,,0.0,,,,,
ntoBuy,62,,,,,,,,,,,39.068604469448346,,,,,
ntoBuy,63,,,,,,,,,,,721.5007215007215,,,,,
ntoBuy,64,,,,,,,,,,,0.0,,,,,
ntoBuy,65,,,,,,,,,,,0.0,,,,,
ntoBuy,66,,,,,,,,,,,0.0,,,,,
ntoBuy,67,,,,,,,,,,,3952.569169960474,,,,,
ntoBuy,68,,,,,,,,,,,215.79628830384115,,,,,
ntoBuy,69,,,,,,,,,,,0.0,,,,,
ntoBuy,70,,,,,,,,,,,0.0,,,,,
ntoBuy,71,,,,,,,,,,,0.0,,,,,
ntoBuy,72,,,,,,,,,,,3783.292978208233,,,,,
ntoBuy,73,,,,,,,,,,,0.0,,,,,
ntoBuy,74,,,,,,,,,,,30.978934324659225,,,,,
ntoBuy,75,,,,,,,,,,,0.0,,,,,
ntoBuy,76,,,,,,,,,,,0.0,,,,,
ntoBuy,77,,,,,,,,,,,579.0387955993039,,,,,
ntoBuy,78,,,,,,,,,,,0.0,,,,,
ntoBuy,79,,,,,,,,,,,0.0,,,,,
ntoBuy,80,,,,,,,,,,,3048.780487804877,,,,,
ntoBuy,81,,,,,,,,,,,56.33802816901412,,,,,
ntoBuy,82,,,,,,,,,,,405.67951318458415,,,,,
ntoBuy,83,,,,,,,,,,,0.0,,,,,
ntoBuy,84,,,,,,,,,,,0.0,,,,,
ntoBuy,85,,,,,,,,,,,0.0,,,,,
ntoBuy,86,,,,,,,,,,,0.0,,,,,
ntoBuy,87,,,,,,,,,,,15384.615384615376,,,,,
ntoBuy,88,,,,,,,,,,,0.0,,,,,
ntoBuy,89,,,,,,,,,,,0.0,,,,,
ntoBuy,90,,,,,,,,,,,1838.2352941176478,,,,,
ntoBuy,91,,,,,,,,,,,0.0,,,,,
ntoBuy,92,,,,,,,,,,,0.0,,,,,
ntoBuy,93,,,,,,,,,,,0.0,,,,,
ntoBuy,94,,,,,,,,,,,0.0,,,,,
BuyCost,1,,,,,,,,,,,136382.19895287944,,,,,
BuyCost,2,,,,,,,,,,,0.0,,,,,
BuyCost,3,,,,,,,,,,,0.0,,,,,
BuyCost,4,,,,,,,,,,,0.0,,,,,
BuyCost,5,,,,,,,,,,,0.0,,,,,
BuyCost,6,,,,,,,,,,,201764.70588235205,,,,,
BuyCost,7,,,,,,,,,,,0.0,,,,,
BuyCost,8,,,,,,,,,,,0.0,,,,,
BuyCost,9,,,,,,,,,,,18588.93113645966,,,,,
BuyCost,10,,,,,,,,,,,0.0,,,,,
BuyCost,11,,,,,,,,,,,0.0,,,,,
BuyCost,12,,,,,,,,,,,0.0,,,,,
BuyCost,13,,,,,,,,,,,0.0,,,,,
BuyCost,14,,,,,,,,,,,7549.8007968127495,,,,,
BuyCost,15,,,,,,,,,,,25485.18896833504,,,,,
BuyCost,16,,,,,,,,,,,6927.957429390095,,,,,
BuyCost,17,,,,,,,,,,,1107573.5294117536,,,,,
BuyCost,18,,,,,,,,,,,20626.043405676133,,,,,
BuyCost,19,,,,,,,,,,,0.0,,,,,
BuyCost,20,,,,,,,,,,,14929.797191887676,,,,,
BuyCost,21,,,,,,,,,,,1565612.244898021,,,,,
BuyCost,22,,,,,,,,,,,0.0,,,,,
BuyCost,23,,,,,,,,,,,8680.627777252526,,,,,
BuyCost,24,,,,,,,,,,,32653.748946925043,,,,,
BuyCost,25,,,,,,,,,,,0.0,,,,,
BuyCost,26,,,,,,,,,,,9099.999999999996,,,,,
BuyCost,27,,,,,,,,,,,0.0,,,,,
BuyCost,28,,,,,,,,,,,0.0,,,,,
BuyCost,29,,,,,,,,,,,16749.124539822213,,,,,
BuyCost,30,,,,,,,,,,,0.0,,,,,
BuyCost,31,,,,,,,,,,,0.0,,,,,
BuyCost,32,,,,,,,,,,,24003.103545565704,,,,,
BuyCost,33,,,,,,,,,,,0.0,,,,,
BuyCost,34,,,,,,,,,,,0.0,,,,,
BuyCost,35,,,,,,,,,,,27521.367521367523,,,,,
BuyCost,36,,,,,,,,,,,42816.90140845071,,,,,
BuyCost,37,,,,,,,,,,,5584.192439862542,,,,,
BuyCost,38,,,,,,,,,,,8584.693303320202,,,,,
BuyCost,39,,,,,,,,,,,0.0,,,,,
BuyCost,40,,,,,,,,,,,7095.625635808748,,,,,
BuyCost,41,,,,,,,,,,,0.0,,,,,
BuyCost,42,,,,,,,,,,,9385.8450594613,,,,,
BuyCost,43,,,,,,,,,,,21080.64417739278,,,,,
BuyCost,44,,,,,,,,,,,0.0,,,,,
BuyCost,45,,,,,,,,,,,36800.9934380998,,,,,
BuyCost,46,,,,,,,,,,,0.0,,,,,
BuyCost,47,,,,,,,,,,,0.0,,,,,
BuyCost,48,,,,,,,,,,,0.0,,,,,
BuyCost,49,,,,,,,,,,,0.0,,,,,
BuyCost,50,,,,,,,,,,,0.0,,,,,
BuyCost,51,,,,,,,,,,,0.0,,,,,
BuyCost,52,,,,,,,,,,,6152.219873150106,,,,,
BuyCost,53,,,,,,,,,,,0.0,,,,,
BuyCost,54,,,,,,,,,,,5830.769230769231,,,,,
BuyCost,55,,,,,,,,,,,3665.8003032272045,,,,,
BuyCost,56,,,,,,,,,,,0.0,,,,,
BuyCost,57,,,,,,,,,,,0.0,,,,,
BuyCost,58,,,,,,,,,,,0.0,,,,,
BuyCost,59,,,,,,,,,,,0.0,,,,,
BuyCost,60,,,,,,,,,,,0.0,,,,,
BuyCost,61,,,,,,,,,,,0.0,,,,,
BuyCost,62,,,,,,,,,,,5450.070323488044,,,,,
BuyCost,63,,,,,,,,,,,28138.528138528138,,,,,
BuyCost,64,,,,,,,,,,,0.0,,,,,
BuyCost,65,,,,,,,,,,,0.0,,,,,
BuyCost,66,,,,,,,,,,,0.0,,,,,
BuyCost,67,,,,,,,,,,,7490.118577075098,,,,,
BuyCost,68,,,,,,,,,,,21536.469572723345,,,,,
BuyCost,69,,,,,,,,,,,0.0,,,,,
BuyCost,70,,,,,,,,,,,0.0,,,,,
BuyCost,71,,,,,,,,,,,0.0,,,,,
BuyCost,72,,,,,,,,,,,2226.0895883777243,,,,,
BuyCost,73,,,,,,,,,,,0.0,,,,,
BuyCost,74,,,,,,,,,,,11858.736059479552,,,,,
BuyCost,75,,,,,,,,,,,0.0,,,,,
BuyCost,76,,,,,,,,,,,0.0,,,,,
BuyCost,77,,,,,,,,,,,119973.94325419776,,,,,
BuyCost,78,,,,,,,,,,,0.0,,,,,
BuyCost,79,,,,,,,,,,,0.0,,,,,
BuyCost,80,,,,,,,,,,,122560.97560975606,,,,,
BuyCost,81,,,,,,,,,,,28390.422535211288,,,,,
BuyCost,82,,,,,,,,,,,3460.4462474645024,,,,,
BuyCost,83,,,,,,,,,,,0.0,,,,,
BuyCost,84,,,,,,,,,,,0.0,,,,,
BuyCost,85,,,,,,,,,,,0.0,,,,,
BuyCost,86,,,,,,,,,,,0.0,,,,,
BuyCost,87,,,,,,,,,,,100769.23076923071,,,,,
BuyCost,88,,,,,,,,,,,0.0,,,,,
BuyCost,89,,,,,,,,,,,0.0,,,,,
BuyCost,90,,,,,,,,,,,370992.64705882367,,,,,
BuyCost,91,,,,,,,,,,,0.0,,,,,
BuyCost,92,,,,,,,,,,,0.0,,,,,
BuyCost,93,,,,,,,,,,,0.0,,,,,
BuyCost,94,,,,,,,,,,,0.0,,,,,
ntoSell,1,,,,,,,,,,,3703.703703703641,,,,,
ntoSell,2,,,,,,,,,,,390.32006245121005,,,,,
ntoSell,3,,,,,,,,,,,13550.135501355015,,,,,
ntoSell,4,,,,,,,,,,,153.32720024532347,,,,,
ntoSell,5,,,,,,,,,,,0.0,,,,,
ntoSell,6,,,,,,,,,,,581.3953488372155,,,,,
ntoSell,7,,,,,,,,,,,151.74506828528052,,,,,
ntoSell,8,,,,,,,,,,,0.0,,,,,
ntoSell,9,,,,,,,,,,,25000.0,,,,,
ntoSell,10,,,,,,,,,,,0.0,,,,,
ntoSell,11,,,,,,,,,,,1.0,,,,,
ntoSell,12,,,,,,,,,,,313.08703819661866,,,,,
ntoSell,13,,,,,,,,,,,1.0,,,,,
ntoSell,14,,,,,,,,,,,0.0,,,,,
ntoSell,15,,,,,,,,,,,0.0,,,,,
ntoSell,16,,,,,,,,,,,0.0,,,,,
ntoSell,17,,,,,,,,,,,102.18679746576744,,,,,
ntoSell,18,,,,,,,,,,,0.0,,,,,
ntoSell,19,,,,,,,,,,,1053.7407797681772,,,,,
ntoSell,20,,,,,,,,,,,663658.083355456,,,,,
ntoSell,21,,,,,,,,,,,1.0,,,,,
ntoSell,22,,,,,,,,,,,1915.708812260537,,,,,
ntoSell,23,,,,,,,,,,,0.0,,,,,
ntoSell,24,,,,,,,,,,,12019.230769230762,,,,,
ntoSell,25,,,,,,,,,,,478.9272030651342,,,,,
ntoSell,26,,,,,,,,,,,0.0,,,,,
ntoSell,27,,,,,,,,,,,10.0,,,,,
ntoSell,28,,,,,,,,,,,503.5246727089627,,,,,
ntoSell,29,,,,,,,,,,,0.0,,,,,
ntoSell,30,,,,,,,,,,,344.1156228492773,,,,,
ntoSell,31,,,,,,,,,,,260.1456815816858,,,,,
ntoSell,32,,,,,,,,,,,268.81720430107515,,,,,
ntoSell,33,,,,,,,,,,,0.0,,,,,
ntoSell,34,,,,,,,,,,,236.4066193853428,,,,,
ntoSell,35,,,,,,,,,,,2000.0,,,,,
ntoSell,36,,,,,,,,,,,4540.913631822724,,,,,
ntoSell,37,,,,,,,,,,,0.0,,,,,
ntoSell,38,,,,,,,,,,,0.0,,,,,
ntoSell,39,,,,,,,,,,,10.0,,,,,
ntoSell,40,,,,,,,,,,,0.0,,,,,
ntoSell,41,,,,,,,,,,,907.441016333938,,,,,
ntoSell,42,,,,,,,,,,,0.0,,,,,
ntoSell,43,,,,,,,,,,,0.0,,,,,
ntoSell,44,,,,,,,,,,,63.229110682558215,,,,,
ntoSell,45,,,,,,,,,,,2842.0394475075263,,,,,
ntoSell,46,,,,,,,,,,,3649.6350364963523,,,,,
ntoSell,47,,,,,,,,,,,615.6119182467372,,,,,
ntoSell,48,,,,,,,,,,,1470.5882352941153,,,,,
ntoSell,49,,,,,,,,,,,1.0,,,,,
ntoSell,50,,,,,,,,,,,0.0,,,,,
ntoSell,51,,,,,,,,,,,1.0,,,,,
ntoSell,52,,,,,,,,,,,11700.0,,,,,
ntoSell,53,,,,,,,,,,,0.0,,,,,
ntoSell,54,,,,,,,,,,,0.0,,,,,
ntoSell,55,,,,,,,,,,,0.0,,,,,
ntoSell,56,,,,,,,,,,,10.0,,,,,
ntoSell,57,,,,,,,,,,,435.9197907585005,,,,,
ntoSell,58,,,,,,,,,,,,,,,,
ntoSell,59,,,,,,,,,,,725.6894049346879,,,,,
ntoSell,60,,,,,,,,,,,1342.281879194631,,,,,
ntoSell,61,,,,,,,,,,,1.0,,,,,
ntoSell,62,,,,,,,,,,,0.0,,,,,
ntoSell,63,,,,,,,,,,,560.0,,,,,
ntoSell,64,,,,,,,,,,,514.40329218107,,,,,
ntoSell,65,,,,,,,,,,,245.0980392156862,,,,,
ntoSell,66,,,,,,,,,,,0.0,,,,,
ntoSell,67,,,,,,,,,,,0.0,,,,,
ntoSell,68,,,,,,,,,,,0.0,,,,,
ntoSell,69,,,,,,,,,,,0.0,,,,,
ntoSell,70,,,,,,,,,,,0.0,,,,,
ntoSell,71,,,,,,,,,,,401.0459277796494,,,,,
ntoSell,72,,,,,,,,,,,0.0,,,,,
ntoSell,73,,,,,,,,,,,523.0125523012553,,,,,
ntoSell,74,,,,,,,,,,,0.0,,,,,
ntoSell,75,,,,,,,,,,,0.0,,,,,
ntoSell,76,,,,,,,,,,,0.0,,,,,
ntoSell,77,,,,,,,,,,,208.0299563137092,,,,,
ntoSell,78,,,,,,,,,,,0.0,,,,,
ntoSell,79,,,,,,,,,,,0.0,,,,,
ntoSell,80,,,,,,,,,,,1100.0,,,,,
ntoSell,81,,,,,,,,,,,0.0,,,,,
ntoSell,82,,,,,,,,,,,0.0,,,,,
ntoSell,83,,,,,,,,,,,0.0,,,,,
ntoSell,84,,,,,,,,,,,0.0,,,,,
ntoSell,85,,,,,,,,,,,443.2624113475177,,,,,
ntoSell,86,,,,,,,,,,,0.0,,,,,
ntoSell,87,,,,,,,,,,,1577.2870662460568,,,,,
ntoSell,88,,,,,,,,,,,0.0,,,,,
ntoSell,89,,,,,,,,,,,0.0,,,,,
ntoSell,90,,,,,,,,,,,1500.0,,,,,
ntoSell,91,,,,,,,,,,,0.0,,,,,
ntoSell,92,,,,,,,,,,,1068.832834544677,,,,,
ntoSell,93,,,,,,,,,,,0.0,,,,,
ntoSell,94,,,,,,,,,,,1069.5187165775403,,,,,
vReverse,1,,,,,,,,,,,964777.7777777616,,,,,
vReverse,2,,,,,,,,,,,10562.060889929744,,,,,
vReverse,3,,,,,,,,,,,1117886.1788617887,,,,,
vReverse,4,,,,,,,,,,,35824.90033731983,,,,,
vReverse,5,,,,,,,,,,,0.0,,,,,
vReverse,6,,,,,,,,,,,717906.9767441936,,,,,
vReverse,7,,,,,,,,,,,53855.84218512892,,,,,
vReverse,8,,,,,,,,,,,0.0,,,,,
vReverse,9,,,,,,,,,,,66000.0,,,,,
vReverse,10,,,,,,,,,,,0.0,,,,,
vReverse,11,,,,,,,,,,,124.93,,,,,
vReverse,12,,,,,,,,,,,26039.448966812775,,,,,
vReverse,13,,,,,,,,,,,78.82,,,,,
vReverse,14,,,,,,,,,,,0.0,,,,,
vReverse,15,,,,,,,,,,,0.0,,,,,
vReverse,16,,,,,,,,,,,0.0,,,,,
vReverse,17,,,,,,,,,,,15392.39730226855,,,,,
vReverse,18,,,,,,,,,,,0.0,,,,,
vReverse,19,,,,,,,,,,,20890.41095890411,,,,,
vReverse,20,,,,,,,,,,,254048314.30846858,,,,,
vReverse,21,,,,,,,,,,,76.715,,,,,
vReverse,22,,,,,,,,,,,47547.892720306525,,,,,
vReverse,23,,,,,,,,,,,0.0,,,,,
vReverse,24,,,,,,,,,,,4658653.846153844,,,,,
vReverse,25,,,,,,,,,,,33682.95019157089,,,,,
vReverse,26,,,,,,,,,,,0.0,,,,,
vReverse,27,,,,,,,,,,,74.85000000000001,,,,,
vReverse,28,,,,,,,,,,,25820.74521651561,,,,,
vReverse,29,,,,,,,,,,,0.0,,,,,
vReverse,30,,,,,,,,,,,32512.04404679972,,,,,
vReverse,31,,,,,,,,,,,30957.336108220607,,,,,
vReverse,32,,,,,,,,,,,27443.548387096762,,,,,
vReverse,33,,,,,,,,,,,0.0,,,,,
vReverse,34,,,,,,,,,,,13444.444444444443,,,,,
vReverse,35,,,,,,,,,,,12880.0,,,,,
vReverse,36,,,,,,,,,,,27608.75488148216,,,,,
vReverse,37,,,,,,,,,,,0.0,,,,,
vReverse,38,,,,,,,,,,,0.0,,,,,
vReverse,39,,,,,,,,,,,589.2,,,,,
vReverse,40,,,,,,,,,,,0.0,,,,,
vReverse,41,,,,,,,,,,,18793.10344827586,,,,,
vReverse,42,,,,,,,,,,,0.0,,,,,
vReverse,43,,,,,,,,,,,0.0,,,,,
vReverse,44,,,,,,,,,,,23108.97537226138,,,,,
vReverse,45,,,,,,,,,,,110839.53845279352,,,,,
vReverse,46,,,,,,,,,,,38941.60583941608,,,,,
vReverse,47,,,,,,,,,,,22237.13371090864,,,,,
vReverse,48,,,,,,,,,,,104411.76470588219,,,,,
vReverse,49,,,,,,,,,,,13.61,,,,,
vReverse,50,,,,,,,,,,,0.0,,,,,
vReverse,51,,,,,,,,,,,155.04,,,,,
vReverse,52,,,,,,,,,,,68094.0,,,,,
vReverse,53,,,,,,,,,,,0.0,,,,,
vReverse,54,,,,,,,,,,,0.0,,,,,
vReverse,55,,,,,,,,,,,0.0,,,,,
vReverse,56,,,,,,,,,,,198.25,,,,,
vReverse,57,,,,,,,,,,,10649.520488230166,,,,,
vReverse,58,,,,,,,,,,,,,,,,
vReverse,59,,,,,,,,,,,51444.121915820026,,,,,
vReverse,60,,,,,,,,,,,24261.744966442955,,,,,
vReverse,61,,,,,,,,,,,58.92,,,,,
vReverse,62,,,,,,,,,,,0.0,,,,,
vReverse,63,,,,,,,,,,,21840.0,,,,,
vReverse,64,,,,,,,,,,,133996.91358024694,,,,,
vReverse,65,,,,,,,,,,,57267.15686274508,,,,,
vReverse,66,,,,,,,,,,,0.0,,,,,
vReverse,67,,,,,,,,,,,0.0,,,,,
vReverse,68,,,,,,,,,,,0.0,,,,,
vReverse,69,,,,,,,,,,,0.0,,,,,
vReverse,70,,,,,,,,,,,0.0,,,,,
vReverse,71,,,,,,,,,,,20565.63517654042,,,,,
vReverse,72,,,,,,,,,,,0.0,,,,,
vReverse,73,,,,,,,,,,,12777.196652719666,,,,,
vReverse,74,,,,,,,,,,,0.0,,,,,
vReverse,75,,,,,,,,,,,0.0,,,,,
vReverse,76,,,,,,,,,,,0.0,,,,,
vReverse,77,,,,,,,,,,,43102.766798418976,,,,,
vReverse,78,,,,,,,,,,,0.0,,,,,
vReverse,79,,,,,,,,,,,0.0,,,,,
vReverse,80,,,,,,,,,,,44220.0,,,,,
vReverse,81,,,,,,,,,,,0.0,,,,,
vReverse,82,,,,,,,,,,,0.0,,,,,
vReverse,83,,,,,,,,,,,0.0,,,,,
vReverse,84,,,,,,,,,,,0.0,,,,,
vReverse,85,,,,,,,,,,,25939.716312056735,,,,,
vReverse,86,,,,,,,,,,,0.0,,,,,
vReverse,87,,,,,,,,,,,10331.230283911673,,,,,
vReverse,88,,,,,,,,,,,0.0,,,,,
vReverse,89,,,,,,,,,,,0.0,,,,,
vReverse,90,,,,,,,,,,,302730.0,,,,,
vReverse,91,,,,,,,,,,,0.0,,,,,
vReverse,92,,,,,,,,,,,10707.567336468575,,,,,
vReverse,93,,,,,,,,,,,0.0,,,,,
vReverse,94,,,,,,,,,,,21203.208556149737,,,,,
Sell_n_MA,1,,,,,,,,,,,109.0,,,,,
Sell_n_MA,2,,,,,,,,,,,358.0,,,,,
Sell_n_MA,3,,,,,,,,,,,150.0,,,,,
Sell_n_MA,4,,,,,,,,,,,166.0,,,,,
Sell_n_MA,5,,,,,,,,,,,0.0,,,,,
Sell_n_MA,6,,,,,,,,,,,8.0,,,,,
Sell_n_MA,7,,,,,,,,,,,223.0,,,,,
Sell_n_MA,8,,,,,,,,,,,0.0,,,,,
Sell_n_MA,9,,,,,,,,,,,10195.0,,,,,
Sell_n_MA,10,,,,,,,,,,,0.0,,,,,
Sell_n_MA,11,,,,,,,,,,,0.0,,,,,
Sell_n_MA,12,,,,,,,,,,,316.0,,,,,
Sell_n_MA,13,,,,,,,,,,,0.0,,,,,
Sell_n_MA,14,,,,,,,,,,,0.0,,,,,
Sell_n_MA,15,,,,,,,,,,,0.0,,,,,
Sell_n_MA,16,,,,,,,,,,,0.0,,,,,
Sell_n_MA,17,,,,,,,,,,,165.0,,,,,
Sell_n_MA,18,,,,,,,,,,,0.0,,,,,
Sell_n_MA,19,,,,,,,,,,,1217.0,,,,,
Sell_n_MA,20,,,,,,,,,,,13.0,,,,,
Sell_n_MA,21,,,,,,,,,,,0.0,,,,,
Sell_n_MA,22,,,,,,,,,,,1307.0,,,,,
Sell_n_MA,23,,,,,,,,,,,0.0,,,,,
Sell_n_MA,24,,,,,,,,,,,50.0,,,,,
Sell_n_MA,25,,,,,,,,,,,971.0,,,,,
Sell_n_MA,26,,,,,,,,,,,0.0,,,,,
Sell_n_MA,27,,,,,,,,,,,0.0,,,,,
Sell_n_MA,28,,,,,,,,,,,0.0,,,,,
Sell_n_MA,29,,,,,,,,,,,141.0,,,,,
Sell_n_MA,30,,,,,,,,,,,476.0,,,,,
Sell_n_MA,31,,,,,,,,,,,102.0,,,,,
Sell_n_MA,32,,,,,,,,,,,0.0,,,,,
Sell_n_MA,33,,,,,,,,,,,0.0,,,,,
Sell_n_MA,34,,,,,,,,,,,237.0,,,,,
Sell_n_MA,35,,,,,,,,,,,0.0,,,,,
Sell_n_MA,36,,,,,,,,,,,11666.0,,,,,
Sell_n_MA,37,,,,,,,,,,,0.0,,,,,
Sell_n_MA,38,,,,,,,,,,,2373.0,,,,,
Sell_n_MA,39,,,,,,,,,,,0.0,,,,,
Sell_n_MA,40,,,,,,,,,,,0.0,,,,,
Sell_n_MA,41,,,,,,,,,,,1298.0,,,,,
Sell_n_MA,42,,,,,,,,,,,0.0,,,,,
Sell_n_MA,43,,,,,,,,,,,0.0,,,,,
Sell_n_MA,44,,,,,,,,,,,31.0,,,,,
Sell_n_MA,45,,,,,,,,,,,0.0,,,,,
Sell_n_MA,46,,,,,,,,,,,3715.0,,,,,
Sell_n_MA,47,,,,,,,,,,,516.0,,,,,
Sell_n_MA,48,,,,,,,,,,,421.0,,,,,
Sell_n_MA,49,,,,,,,,,,,0.0,,,,,
Sell_n_MA,50,,,,,,,,,,,0.0,,,,,
Sell_n_MA,51,,,,,,,,,,,0.0,,,,,
Sell_n_MA,52,,,,,,,,,,,0.0,,,,,
Sell_n_MA,53,,,,,,,,,,,0.0,,,,,
Sell_n_MA,54,,,,,,,,,,,0.0,,,,,
Sell_n_MA,55,,,,,,,,,,,0.0,,,,,
Sell_n_MA,56,,,,,,,,,,,0.0,,,,,
Sell_n_MA,57,,,,,,,,,,,451.0,,,,,
Sell_n_MA,58,,,,,,,,,,,0.0,,,,,
Sell_n_MA,59,,,,,,,,,,,352.0,,,,,
Sell_n_MA,60,,,,,,,,,,,843.0,,,,,
Sell_n_MA,61,,,,,,,,,,,0.0,,,,,
Sell_n_MA,62,,,,,,,,,,,0.0,,,,,
Sell_n_MA,63,,,,,,,,,,,0.0,,,,,
Sell_n_MA,64,,,,,,,,,,,83.0,,,,,
Sell_n_MA,65,,,,,,,,,,,175.0,,,,,
Sell_n_MA,66,,,,,,,,,,,0.0,,,,,
Sell_n_MA,67,,,,,,,,,,,0.0,,,,,
Sell_n_MA,68,,,,,,,,,,,0.0,,,,,
Sell_n_MA,69,,,,,,,,,,,0.0,,,,,
Sell_n_MA,70,,,,,,,,,,,0.0,,,,,
Sell_n_MA,71,,,,,,,,,,,0.0,,,,,
Sell_n_MA,72,,,,,,,,,,,0.0,,,,,
Sell_n_MA,73,,,,,,,,,,,525.0,,,,,
Sell_n_MA,74,,,,,,,,,,,0.0,,,,,
Sell_n_MA,75,,,,,,,,,,,0.0,,,,,
Sell_n_MA,76,,,,,,,,,,,0.0,,,,,
Sell_n_MA,77,,,,,,,,,,,193.0,,,,,
Sell_n_MA,78,,,,,,,,,,,0.0,,,,,
Sell_n_MA,79,,,,,,,,,,,0.0,,,,,
Sell_n_MA,80,,,,,,,,,,,785.0,,,,,
Sell_n_MA,81,,,,,,,,,,,0.0,,,,,
Sell_n_MA,82,,,,,,,,,,,0.0,,,,,
Sell_n_MA,83,,,,,,,,,,,0.0,,,,,
Sell_n_MA,84,,,,,,,,,,,0.0,,,,,
Sell_n_MA,85,,,,,,,,,,,1236.0,,,,,
Sell_n_MA,86,,,,,,,,,,,0.0,,,,,
Sell_n_MA,87,,,,,,,,,,,1496.0,,,,,
Sell_n_MA,88,,,,,,,,,,,0.0,,,,,
Sell_n_MA,89,,,,,,,,,,,0.0,,,,,
Sell_n_MA,90,,,,,,,,,,,122.0,,,,,
Sell_n_MA,91,,,,,,,,,,,0.0,,,,,
Sell_n_MA,92,,,,,,,,,,,1072.0,,,,,
Sell_n_MA,93,,,,,,,,,,,0.0,,,,,
Sell_n_MA,94,,,,,,,,,,,937.0,,,,,
Revenue,1,,,,,,,,,,,28393.41,,,,,
Revenue,2,,,,,,,,,,,9687.48,,,,,
Revenue,3,,,,,,,,,,,12375.0,,,,,
Revenue,4,,,,,,,,,,,38785.9,,,,,
Revenue,5,,,,,,,,,,,0.0,,,,,
Revenue,6,,,,,,,,,,,9878.4,,,,,
Revenue,7,,,,,,,,,,,79144.93000000001,,,,,
Revenue,8,,,,,,,,,,,0.0,,,,,
Revenue,9,,,,,,,,,,,26914.800000000003,,,,,
Revenue,10,,,,,,,,,,,0.0,,,,,
Revenue,11,,,,,,,,,,,0.0,,,,,
Revenue,12,,,,,,,,,,,26281.72,,,,,
Revenue,13,,,,,,,,,,,0.0,,,,,
Revenue,14,,,,,,,,,,,0.0,,,,,
Revenue,15,,,,,,,,,,,0.0,,,,,
Revenue,16,,,,,,,,,,,0.0,,,,,
Revenue,17,,,,,,,,,,,24853.95,,,,,
Revenue,18,,,,,,,,,,,0.0,,,,,
Revenue,19,,,,,,,,,,,24127.024999999998,,,,,
Revenue,20,,,,,,,,,,,4976.400000000001,,,,,
Revenue,21,,,,,,,,,,,0.0,,,,,
Revenue,22,,,,,,,,,,,32439.74,,,,,
Revenue,23,,,,,,,,,,,0.0,,,,,
Revenue,24,,,,,,,,,,,19380.0,,,,,
Revenue,25,,,,,,,,,,,68290.43,,,,,
Revenue,26,,,,,,,,,,,0.0,,,,,
Revenue,27,,,,,,,,,,,0.0,,,,,
Revenue,28,,,,,,,,,,,0.0,,,,,
Revenue,29,,,,,,,,,,,52602.87,,,,,
Revenue,30,,,,,,,,,,,44972.48,,,,,
Revenue,31,,,,,,,,,,,12138.0,,,,,
Revenue,32,,,,,,,,,,,0.0,,,,,
Revenue,33,,,,,,,,,,,0.0,,,,,
Revenue,34,,,,,,,,,,,13478.189999999999,,,,,
Revenue,35,,,,,,,,,,,0.0,,,,,
Revenue,36,,,,,,,,,,,70929.28,,,,,
Revenue,37,,,,,,,,,,,0.0,,,,,
Revenue,38,,,,,,,,,,,72400.23000000001,,,,,
Revenue,39,,,,,,,,,,,0.0,,,,,
Revenue,40,,,,,,,,,,,0.0,,,,,
Revenue,41,,,,,,,,,,,26881.58,,,,,
Revenue,42,,,,,,,,,,,0.0,,,,,
Revenue,43,,,,,,,,,,,0.0,,,,,
Revenue,44,,,,,,,,,,,11329.880000000001,,,,,
Revenue,45,,,,,,,,,,,0.0,,,,,
Revenue,46,,,,,,,,,,,39639.05,,,,,
Revenue,47,,,,,,,,,,,18638.952,,,,,
Revenue,48,,,,,,,,,,,29891.0,,,,,
Revenue,49,,,,,,,,,,,0.0,,,,,
Revenue,50,,,,,,,,,,,0.0,,,,,
Revenue,51,,,,,,,,,,,0.0,,,,,
Revenue,52,,,,,,,,,,,0.0,,,,,
Revenue,53,,,,,,,,,,,0.0,,,,,
Revenue,54,,,,,,,,,,,0.0,,,,,
Revenue,55,,,,,,,,,,,0.0,,,,,
Revenue,56,,,,,,,,,,,0.0,,,,,
Revenue,57,,,,,,,,,,,11017.93,,,,,
Revenue,58,,,,,,,,,,,0.0,,,,,
Revenue,59,,,,,,,,,,,24953.28,,,,,
Revenue,60,,,,,,,,,,,15237.224999999999,,,,,
Revenue,61,,,,,,,,,,,0.0,,,,,
Revenue,62,,,,,,,,,,,0.0,,,,,
Revenue,63,,,,,,,,,,,0.0,,,,,
Revenue,64,,,,,,,,,,,21620.670000000002,,,,,
Revenue,65,,,,,,,,,,,40888.75,,,,,
Revenue,66,,,,,,,,,,,0.0,,,,,
Revenue,67,,,,,,,,,,,0.0,,,,,
Revenue,68,,,,,,,,,,,0.0,,,,,
Revenue,69,,,,,,,,,,,0.0,,,,,
Revenue,70,,,,,,,,,,,0.0,,,,,
Revenue,71,,,,,,,,,,,0.0,,,,,
Revenue,72,,,,,,,,,,,0.0,,,,,
Revenue,73,,,,,,,,,,,12825.75,,,,,
Revenue,74,,,,,,,,,,,0.0,,,,,
Revenue,75,,,,,,,,,,,0.0,,,,,
Revenue,76,,,,,,,,,,,0.0,,,,,
Revenue,77,,,,,,,,,,,39988.635,,,,,
Revenue,78,,,,,,,,,,,0.0,,,,,
Revenue,79,,,,,,,,,,,0.0,,,,,
Revenue,80,,,,,,,,,,,31557.000000000004,,,,,
Revenue,81,,,,,,,,,,,0.0,,,,,
Revenue,82,,,,,,,,,,,0.0,,,,,
Revenue,83,,,,,,,,,,,0.0,,,,,
Revenue,84,,,,,,,,,,,0.0,,,,,
Revenue,85,,,,,,,,,,,72330.72,,,,,
Revenue,86,,,,,,,,,,,0.0,,,,,
Revenue,87,,,,,,,,,,,9798.8,,,,,
Revenue,88,,,,,,,,,,,0.0,,,,,
Revenue,89,,,,,,,,,,,0.0,,,,,
Revenue,90,,,,,,,,,,,24622.04,,,,,
Revenue,91,,,,,,,,,,,0.0,,,,,
Revenue,92,,,,,,,,,,,10739.296,,,,,
Revenue,93,,,,,,,,,,,0.0,,,,,
Revenue,94,,,,,,,,,,,18576.024999999998,,,,,
GLMore@A,1,,,,,,,,,,,455600.0,,,,,
GLMore@A,2,,,,,,,,,,,69756.12786000001,,,,,
GLMore@A,3,,,,,,,,,,,271706.6377581018,,,,,
GLMore@A,4,,,,,,,,,,,434466.7295995,,,,,
GLMore@A,5,,,,,,,,,,,-1720397.3359710025,,,,,
GLMore@A,6,,,,,,,,,,,1168080.1083,,,,,
GLMore@A,7,,,,,,,,,,,22417.76200000004,,,,,
GLMore@A,8,,,,,,,,,,,0.0,,,,,
GLMore@A,9,,,,,,,,,,,12260.640000000012,,,,,
GLMore@A,10,,,,,,,,,,,-131908.38700000002,,,,,
GLMore@A,11,,,,,,,,,,,25.5604042857143,,,,,
GLMore@A,12,,,,,,,,,,,7897.640000000003,,,,,
GLMore@A,13,,,,,,,,,,,22.618063905999996,,,,,
GLMore@A,14,,,,,,,,,,,-93485.13999999998,,,,,
GLMore@A,15,,,,,,,,,,,-15071.892399999995,,,,,
GLMore@A,16,,,,,,,,,,,-105805.50799999997,,,,,
GLMore@A,17,,,,,,,,,,,9053.290800000002,,,,,
GLMore@A,18,,,,,,,,,,,-8650.591999999997,,,,,
GLMore@A,19,,,,,,,,,,,41073.4006,,,,,
GLMore@A,20,,,,,,,,,,,480155.06478777126,,,,,
GLMore@A,21,,,,,,,,,,,29.917642400000005,,,,,
GLMore@A,22,,,,,,,,,,,45903.42527053521,,,,,
GLMore@A,23,,,,,,,,,,,-66945.186,,,,,
GLMore@A,24,,,,,,,,,,,147621.15975600004,,,,,
GLMore@A,25,,,,,,,,,,,5145.674542857151,,,,,
GLMore@A,26,,,,,,,,,,,0.0,,,,,
GLMore@A,27,,,,,,,,,,,24.03522420000001,,,,,
GLMore@A,28,,,,,,,,,,,-184964.53087799996,,,,,
GLMore@A,29,,,,,,,,,,,353151.5470400001,,,,,
GLMore@A,30,,,,,,,,,,,31459.324514343465,,,,,
GLMore@A,31,,,,,,,,,,,829011.5905660003,,,,,
GLMore@A,32,,,,,,,,,,,-395089.37324999913,,,,,
GLMore@A,33,,,,,,,,,,,-433532.38627464,,,,,
GLMore@A,34,,,,,,,,,,,21057.127999999997,,,,,
GLMore@A,35,,,,,,,,,,,2473.0120000000006,,,,,
GLMore@A,36,,,,,,,,,,,19286.159273000038,,,,,
GLMore@A,37,,,,,,,,,,,-2566.12504052,,,,,
GLMore@A,38,,,,,,,,,,,7793.465400000018,,,,,
GLMore@A,39,,,,,,,,,,,304.76238000000006,,,,,
GLMore@A,40,,,,,,,,,,,-406633.59596842085,,,,,
GLMore@A,41,,,,,,,,,,,86655.30233759999,,,,,
GLMore@A,42,,,,,,,,,,,-335080.469314,,,,,
GLMore@A,43,,,,,,,,,,,81.90074000000038,,,,,
GLMore@A,44,,,,,,,,,,,715924.5498000002,,,,,
GLMore@A,45,,,,,,,,,,,-8122.524930000004,,,,,
GLMore@A,46,,,,,,,,,,,6729.0999999999985,,,,,
GLMore@A,47,,,,,,,,,,,18396.334192307695,,,,,
GLMore@A,48,,,,,,,,,,,23739.987999999998,,,,,
GLMore@A,49,,,,,,,,,,,4.125404,,,,,
GLMore@A,50,,,,,,,,,,,-30258.167219999996,,,,,
GLMore@A,51,,,,,,,,,,,41.816382000000004,,,,,
GLMore@A,52,,,,,,,,,,,-28879.036055999983,,,,,
GLMore@A,53,,,,,,,,,,,-392634.7015463924,,,,,
GLMore@A,54,,,,,,,,,,,-5613.699999999997,,,,,
GLMore@A,55,,,,,,,,,,,-268799.32,,,,,
GLMore@A,56,,,,,,,,,,,87.36243999999999,,,,,
GLMore@A,57,,,,,,,,,,,298829.87923500006,,,,,
GLMore@A,58,,,,,,,,,,,0.0,,,,,
GLMore@A,59,,,,,,,,,,,28375.914000000008,,,,,
GLMore@A,60,,,,,,,,,,,106715.75236363636,,,,,
GLMore@A,61,,,,,,,,,,,25.738953000000002,,,,,
GLMore@A,62,,,,,,,,,,,-107140.55435999998,,,,,
GLMore@A,63,,,,,,,,,,,-1707.8205629999998,,,,,
GLMore@A,64,,,,,,,,,,,51098.77851476576,,,,,
GLMore@A,65,,,,,,,,,,,42626.670000000035,,,,,
GLMore@A,66,,,,,,,,,,,0.0,,,,,
GLMore@A,67,,,,,,,,,,,-153640.4939,,,,,
GLMore@A,68,,,,,,,,,,,-13232.985060000005,,,,,
GLMore@A,69,,,,,,,,,,,0.0,,,,,
GLMore@A,70,,,,,,,,,,,0.0,,,,,
GLMore@A,71,,,,,,,,,,,-21229.247598520018,,,,,
GLMore@A,72,,,,,,,,,,,-193691.39639999994,,,,,
GLMore@A,73,,,,,,,,,,,47606.69,,,,,
GLMore@A,74,,,,,,,,,,,-13876.525199999991,,,,,
GLMore@A,75,,,,,,,,,,,0.0,,,,,
GLMore@A,76,,,,,,,,,,,0.0,,,,,
GLMore@A,77,,,,,,,,,,,14182.731200000006,,,,,
GLMore@A,78,,,,,,,,,,,0.0,,,,,
GLMore@A,79,,,,,,,,,,,-336984.1269839999,,,,,
GLMore@A,80,,,,,,,,,,,7003.264563428568,,,,,
GLMore@A,81,,,,,,,,,,,-18853.2785,,,,,
GLMore@A,82,,,,,,,,,,,-12441.468799999988,,,,,
GLMore@A,83,,,,,,,,,,,0.0,,,,,
GLMore@A,84,,,,,,,,,,,0.0,,,,,
GLMore@A,85,,,,,,,,,,,16177.02146000002,,,,,
GLMore@A,86,,,,,,,,,,,0.0,,,,,
GLMore@A,87,,,,,,,,,,,50114.26254545455,,,,,
GLMore@A,88,,,,,,,,,,,0.0,,,,,
GLMore@A,89,,,,,,,,,,,-8652.026399999993,,,,,
GLMore@A,90,,,,,,,,,,,61382.23809900002,,,,,
GLMore@A,91,,,,,,,,,,,-63373.47367799998,,,,,
GLMore@A,92,,,,,,,,,,,359603.3436000001,,,,,
GLMore@A,93,,,,,,,,,,,0.0,,,,,
GLMore@A,94,,,,,,,,,,,64010.46594205714,,,,,
Ann%RevLB,1,,,,,,,,,,,0.02060916624473038,,,,,
Ann%RevLB,2,,,,,,,,,,,1.2166204986149582,,,,,
Ann%RevLB,3,,,,,,,,,,,1.6184210526315788,,,,,
Ann%RevLB,4,,,,,,,,,,,1.1449872428079872,,,,,
Ann%RevLB,5,,,,,,,,,,,-0.4401100275068767,,,,,
Ann%RevLB,6,,,,,,,,,,,,,,,,
Ann%RevLB,7,,,,,,,,,,,1.3645587443574791,,,,,
Ann%RevLB,8,,,,,,,,,,,2.3765877344217308,,,,,
Ann%RevLB,9,,,,,,,,,,,0.174053182917003,,,,,
Ann%RevLB,10,,,,,,,,,,,-0.053386030303543434,,,,,
Ann%RevLB,11,,,,,,,,,,,0.5487428453840819,,,,,
Ann%RevLB,12,,,,,,,,,,,0.4387362637362637,,,,,
Ann%RevLB,13,,,,,,,,,,,0.33453567613747837,,,,,
Ann%RevLB,14,,,,,,,,,,,-0.008541465652235753,,,,,
Ann%RevLB,15,,,,,,,,,,,-0.2369760254531168,,,,,
Ann%RevLB,16,,,,,,,,,,,-1.2800236564473357,,,,,
Ann%RevLB,17,,,,,,,,,,,2.0376887038001037,,,,,
Ann%RevLB,18,,,,,,,,,,,-0.20164691493399692,,,,,
Ann%RevLB,19,,,,,,,,,,,0.9599649327878432,,,,,
Ann%RevLB,20,,,,,,,,,,,0.10141769541800835,,,,,
Ann%RevLB,21,,,,,,,,,,,0.37980834746399667,,,,,
Ann%RevLB,22,,,,,,,,,,,0.4700585321927059,,,,,
Ann%RevLB,23,,,,,,,,,,,-0.7756030100667798,,,,,
Ann%RevLB,24,,,,,,,,,,,2.164161849710984,,,,,
Ann%RevLB,25,,,,,,,,,,,0.6896159442494388,,,,,
Ann%RevLB,26,,,,,,,,,,,-0.19894213310176048,,,,,
Ann%RevLB,27,,,,,,,,,,,0.39280905666129295,,,,,
Ann%RevLB,28,,,,,,,,,,,0.1987407747154234,,,,,
Ann%RevLB,29,,,,,,,,,,,-0.7803092979918087,,,,,
Ann%RevLB,30,,,,,,,,,,,0.7269543464665417,,,,,
Ann%RevLB,31,,,,,,,,,,,0.6865797824520876,,,,,
Ann%RevLB,32,,,,,,,,,,,1.1623365464231599,,,,,
Ann%RevLB,33,,,,,,,,,,,-14.222222222222225,,,,,
Ann%RevLB,34,,,,,,,,,,,1.2538699690402477,,,,,
Ann%RevLB,35,,,,,,,,,,,0.44012793051847066,,,,,
Ann%RevLB,36,,,,,,,,,,,0.5379403786682501,,,,,
Ann%RevLB,37,,,,,,,,,,,-0.26093325082180346,,,,,
Ann%RevLB,38,,,,,,,,,,,-0.6666526775222423,,,,,
Ann%RevLB,39,,,,,,,,,,,0.6425129394966984,,,,,
Ann%RevLB,40,,,,,,,,,,,-1.2511555744913463,,,,,
Ann%RevLB,41,,,,,,,,,,,0.8055555555555557,,,,,
Ann%RevLB,42,,,,,,,,,,,-0.07834880832692649,,,,,
Ann%RevLB,43,,,,,,,,,,,-1.2982105657451157,,,,,
Ann%RevLB,44,,,,,,,,,,,0.5881551747140322,,,,,
Ann%RevLB,45,,,,,,,,,,,0.06417689390452362,,,,,
Ann%RevLB,46,,,,,,,,,,,0.21470549823690727,,,,,
Ann%RevLB,47,,,,,,,,,,,0.6446031746031746,,,,,
Ann%RevLB,48,,,,,,,,,,,0.6706114398422103,,,,,
Ann%RevLB,49,,,,,,,,,,,0.8057557060879316,,,,,
Ann%RevLB,50,,,,,,,,,,,-0.8430913348946136,,,,,
Ann%RevLB,51,,,,,,,,,,,0.590033849034615,,,,,
Ann%RevLB,52,,,,,,,,,,,1.2413793103448563,,,,,
Ann%RevLB,53,,,,,,,,,,,-0.6792333549936835,,,,,
Ann%RevLB,54,,,,,,,,,,,-0.14232289774548568,,,,,
Ann%RevLB,55,,,,,,,,,,,-1.2776377591934929,,,,,
Ann%RevLB,56,,,,,,,,,,,0.6440143849064612,,,,,
Ann%RevLB,57,,,,,,,,,,,1.0146850672328378,,,,,
Ann%RevLB,58,,,,,,,,,,,,,,,,
Ann%RevLB,59,,,,,,,,,,,1.9378125000000002,,,,,
Ann%RevLB,60,,,,,,,,,,,0.39430159220217875,,,,,
Ann%RevLB,61,,,,,,,,,,,0.821399320934153,,,,,
Ann%RevLB,62,,,,,,,,,,,-1.2502764052442623,,,,,
Ann%RevLB,63,,,,,,,,,,,0.057170945664914846,,,,,
Ann%RevLB,64,,,,,,,,,,,0.18360292404656814,,,,,
Ann%RevLB,65,,,,,,,,,,,0.11403461099508555,,,,,
Ann%RevLB,66,,,,,,,,,,,1.5730397864547274,,,,,
Ann%RevLB,67,,,,,,,,,,,-0.019169959545747153,,,,,
Ann%RevLB,68,,,,,,,,,,,-0.22700980321798178,,,,,
Ann%RevLB,69,,,,,,,,,,,0.41900754157002185,,,,,
Ann%RevLB,70,,,,,,,,,,,0.6314830384491451,,,,,
Ann%RevLB,71,,,,,,,,,,,0.2616274982586589,,,,,
Ann%RevLB,72,,,,,,,,,,,-0.5250444147580944,,,,,
Ann%RevLB,73,,,,,,,,,,,1.1457716047327666,,,,,
Ann%RevLB,74,,,,,,,,,,,-0.3353301600594774,,,,,
Ann%RevLB,75,,,,,,,,,,,0.2827378816837463,,,,,
Ann%RevLB,76,,,,,,,,,,,1.1674234588572516,,,,,
Ann%RevLB,77,,,,,,,,,,,0.27953055562375695,,,,,
Ann%RevLB,78,,,,,,,,,,,0.3952131971234485,,,,,
Ann%RevLB,79,,,,,,,,,,,-0.8122031421264158,,,,,
Ann%RevLB,80,,,,,,,,,,,0.18204707749272683,,,,,
Ann%RevLB,81,,,,,,,,,,,-0.2467057805136089,,,,,
Ann%RevLB,82,,,,,,,,,,,-1.3941405686246222,,,,,
Ann%RevLB,83,,,,,,,,,,,0.4577642897778749,,,,,
Ann%RevLB,84,,,,,,,,,,,0.53194673051025,,,,,
Ann%RevLB,85,,,,,,,,,,,0.22154909782902837,,,,,
Ann%RevLB,86,,,,,,,,,,,0.1540103601696142,,,,,
Ann%RevLB,87,,,,,,,,,,,1.6966489250988672,,,,,
Ann%RevLB,88,,,,,,,,,,,0.12922972188203366,,,,,
Ann%RevLB,89,,,,,,,,,,,-0.32938100152619887,,,,,
Ann%RevLB,90,,,,,,,,,,,0.005669765486768762,,,,,
Ann%RevLB,91,,,,,,,,,,,-1.830045523520486,,,,,
Ann%RevLB,92,,,,,,,,,,,0.22287688093063887,,,,,
Ann%RevLB,93,,,,,,,,,,,0.5649100505706468,,,,,
Ann%RevLB,94,,,,,,,,,,,0.7557082238836126,,,,,
Median,1,,,,,,,,,,,0.0010689999999999999,,,,,
Median,2,,,,,,,,,,,0.0,,,,,
Median,3,,,,,,,,,,,0.036667,,,,,
Median,4,,,,,,,,,,,-0.0037990000000000003,,,,,
Median,5,,,,,,,,,,,-0.012766,,,,,
Median,6,,,,,,,,,,,-0.018808000000000002,,,,,
Median,7,,,,,,,,,,,-0.00375,,,,,
Median,8,,,,,,,,,,,-0.010049999999999998,,,,,
Median,9,,,,,,,,,,,-0.00375,,,,,
Median,10,,,,,,,,,,,-0.010049999999999998,,,,,
Median,11,,,,,,,,,,,-0.009132,,,,,
Median,12,,,,,,,,,,,0.0033539999999999998,,,,,
Median,13,,,,,,,,,,,0.004382,,,,,
Median,14,,,,,,,,,,,-0.008516000000000001,,,,,
Median,15,,,,,,,,,,,-0.021505,,,,,
Median,16,,,,,,,,,,,-0.004357,,,,,
Median,17,,,,,,,,,,,0.0005548,,,,,
Median,18,,,,,,,,,,,0.0056689999999999996,,,,,
Median,19,,,,,,,,,,,-0.002387,,,,,
Median,20,,,,,,,,,,,-0.001082,,,,,
Median,21,,,,,,,,,,,-0.0075239999999999994,,,,,
Median,22,,,,,,,,,,,-0.002069,,,,,
Median,23,,,,,,,,,,,-0.006404999999999999,,,,,
Median,24,,,,,,,,,,,0.0062050000000000004,,,,,
Median,25,,,,,,,,,,,-0.007030999999999999,,,,,
Median,26,,,,,,,,,,,-0.004793,,,,,
Median,27,,,,,,,,,,,-0.028052999999999998,,,,,
Median,28,,,,,,,,,,,-0.008209,,,,,
Median,29,,,,,,,,,,,-0.013635,,,,,
Median,30,,,,,,,,,,,-0.004188,,,,,
Median,31,,,,,,,,,,,-0.001317,,,,,
Median,32,,,,,,,,,,,0.0017230000000000001,,,,,
Median,33,,,,,,,,,,,-0.001112,,,,,
Median,34,,,,,,,,,,,-0.04,,,,,
Median,35,,,,,,,,,,,-0.0065049999999999995,,,,,
Median,36,,,,,,,,,,,-0.007704,,,,,
Median,37,,,,,,,,,,,-0.022508,,,,,
Median,38,,,,,,,,,,,-0.008883,,,,,
Median,39,,,,,,,,,,,0.001091,,,,,
Median,40,,,,,,,,,,,0.004183,,,,,
Median,41,,,,,,,,,,,0.00026,,,,,
Median,42,,,,,,,,,,,-0.006202,,,,,
Median,43,,,,,,,,,,,0.0,,,,,
Median,44,,,,,,,,,,,-0.017488,,,,,
Median,45,,,,,,,,,,,-0.0025180000000000003,,,,,
Median,46,,,,,,,,,,,0.0,,,,,
Median,47,,,,,,,,,,,-0.001241,,,,,
Median,48,,,,,,,,,,,,,,,,
Median,49,,,,,,,,,,,-0.006599000000000001,,,,,
Median,50,,,,,,,,,,,-0.004505,,,,,
Median,51,,,,,,,,,,,-0.00963,,,,,
Median,52,,,,,,,,,,,0.0,,,,,
Median,53,,,,,,,,,,,0.002985,,,,,
Median,54,,,,,,,,,,,-0.005076000000000001,,,,,
Median,55,,,,,,,,,,,-0.012766,,,,,
Median,56,,,,,,,,,,,-0.021505,,,,,
Median,57,,,,,,,,,,,0.0005548,,,,,
Median,58,,,,,,,,,,,-0.001082,,,,,
Median,59,,,,,,,,,,,0.015084,,,,,
Median,60,,,,,,,,,,,0.0,,,,,
Median,61,,,,,,,,,,,-0.012321,,,,,
Median,62,,,,,,,,,,,-0.0029130000000000002,,,,,
Median,63,,,,,,,,,,,0.004183,,,,,
Median,64,,,,,,,,,,,0.00026,,,,,
Median,65,,,,,,,,,,,0.0,,,,,
Median,66,,,,,,,,,,,0.0010689999999999999,,,,,
Median,67,,,,,,,,,,,-0.0037990000000000003,,,,,
Median,68,,,,,,,,,,,-0.018808000000000002,,,,,
Median,69,,,,,,,,,,,-0.021505,,,,,
Median,70,,,,,,,,,,,-0.004357,,,,,
Median,71,,,,,,,,,,,-0.002069,,,,,
Median,72,,,,,,,,,,,-0.007030999999999999,,,,,
Median,73,,,,,,,,,,,-0.013635,,,,,
Median,74,,,,,,,,,,,-0.007834,,,,,
Median,75,,,,,,,,,,,0.015084,,,,,
Median,76,,,,,,,,,,,-0.0075239999999999994,,,,,
Median,77,,,,,,,,,,,-0.0072770000000000005,,,,,
Median,78,,,,,,,,,,,-0.012321,,,,,
Median,79,,,,,,,,,,,-0.007667,,,,,
Median,80,,,,,,,,,,,0.0017310000000000001,,,,,
Median,81,,,,,,,,,,,-0.064935,,,,,
Median,82,,,,,,,,,,,-0.007858,,,,,
Median,83,,,,,,,,,,,-0.00446,,,,,
Median,84,,,,,,,,,,,-0.001001,,,,,
Median,85,,,,,,,,,,,-0.005528,,,,,
Median,86,,,,,,,,,,,-0.0029130000000000002,,,,,
Median,87,,,,,,,,,,,0.011086,,,,,
Median,88,,,,,,,,,,,0.010081,,,,,
Median,89,,,,,,,,,,,-0.0008104,,,,,
Median,90,,,,,,,,,,,-0.0052759999999999994,,,,,
Median,91,,,,,,,,,,,-0.001751,,,,,
Median,92,,,,,,,,,,,-0.011961999999999999,,,,,
Median,93,,,,,,,,,,,0.015045999999999999,,,,,
Median,94,,,,,,,,,,,0.006856,,,,,
Ag:Ch,1,,,,,,,,,,,AC:UD,,,,,
Ag:Ch,2,,,,,,,,,,,AC:Up,,,,,
Ag:Ch,3,,,,,,,,,,,AC:Up,,,,,
Ag:Ch,4,,,,,,,,,,,AC:Up,,,,,
Ag:Ch,5,,,,,,,,,,,AC:DU,,,,,
Ag:Ch,6,,,,,,,,,,,AC:Up,,,,,
Ag:Ch,7,,,,,,,,,,,AC:UD,,,,,
Ag:Ch,8,,,,,,,,,,,AC:UD,,,,,
Ag:Ch,9,,,,,,,,,,,AC:UD,,,,,
Ag:Ch,10,,,,,,,,,,,AC:Up,,,,,
Ag:Ch,11,,,,,,,,,,,AC:UD,,,,,
Ag:Ch,12,,,,,,,,,,,AC:UD,,,,,
Ag:Ch,13,,,,,,,,,,,AC:UD,,,,,
Ag:Ch,14,,,,,,,,,,,AC:UD,,,,,
Ag:Ch,15,,,,,,,,,,,AC:UD,,,,,
Ag:Ch,16,,,,,,,,,,,AC:UD,,,,,
Ag:Ch,17,,,,,,,,,,,AC:Up,,,,,
Ag:Ch,18,,,,,,,,,,,AC:UD,,,,,
Ag:Ch,19,,,,,,,,,,,AC:Up,,,,,
Ag:Ch,20,,,,,,,,,,,AC:Up,,,,,
Ag:Ch,21,,,,,,,,,,,AC:UD,,,,,
Ag:Ch,22,,,,,,,,,,,AC:UD,,,,,
Ag:Ch,23,,,,,,,,,,,AC:UD,,,,,
Ag:Ch,24,,,,,,,,,,,AC:Up,,,,,
Ag:Ch,25,,,,,,,,,,,AC:Up,,,,,
Ag:Ch,26,,,,,,,,,,,AC:Up,,,,,
Ag:Ch,27,,,,,,,,,,,AC:Up,,,,,
Ag:Ch,28,,,,,,,,,,,AC:UD,,,,,
Ag:Ch,29,,,,,,,,,,,AC:UD,,,,,
Ag:Ch,30,,,,,,,,,,,AC:UD,,,,,
Ag:Ch,31,,,,,,,,,,,AC:UD,,,,,
Ag:Ch,32,,,,,,,,,,,AC:Up,,,,,
Ag:Ch,33,,,,,,,,,,,AC:Down,,,,,
Ag:Ch,34,,,,,,,,,,,AC:UD,,,,,
Ag:Ch,35,,,,,,,,,,,AC:Down,,,,,
Ag:Ch,36,,,,,,,,,,,AC:UD,,,,,
Ag:Ch,37,,,,,,,,,,,AC:Up,,,,,
Ag:Ch,38,,,,,,,,,,,AC:UD,,,,,
Ag:Ch,39,,,,,,,,,,,AC:Up,,,,,
Ag:Ch,40,,,,,,,,,,,AC:UD,,,,,
Ag:Ch,41,,,,,,,,,,,AC:Down,,,,,
Ag:Ch,42,,,,,,,,,,,AC:UD,,,,,
Ag:Ch,43,,,,,,,,,,,AC:Up,,,,,
Ag:Ch,44,,,,,,,,,,,AC:UD,,,,,
Ag:Ch,45,,,,,,,,,,,AC:UD,,,,,
Ag:Ch,46,,,,,,,,,,,AC:Up,,,,,
Ag:Ch,47,,,,,,,,,,,AC:Up,,,,,
Ag:Ch,48,,,,,,,,,,,AC:Up,,,,,
Ag:Ch,49,,,,,,,,,,,AC:UD,,,,,
Ag:Ch,50,,,,,,,,,,,,,,,,
Ag:Ch,51,,,,,,,,,,,AC:Up,,,,,
Ag:Ch,52,,,,,,,,,,,AC:Up,,,,,
Ag:Ch,53,,,,,,,,,,,AC:DU,,,,,
Ag:Ch,54,,,,,,,,,,,AC:UD,,,,,
Ag:Ch,55,,,,,,,,,,,AC:UD,,,,,
Ag:Ch,56,,,,,,,,,,,AC:Up,,,,,
Ag:Ch,57,,,,,,,,,,,AC:Up,,,,,
Ag:Ch,58,,,,,,,,,,,,,,,,
Ag:Ch,59,,,,,,,,,,,AC:Up,,,,,
Ag:Ch,60,,,,,,,,,,,AC:Up,,,,,
Ag:Ch,61,,,,,,,,,,,AC:Up,,,,,
Ag:Ch,62,,,,,,,,,,,AC:UD,,,,,
Ag:Ch,63,,,,,,,,,,,AC:UD,,,,,
Ag:Ch,64,,,,,,,,,,,AC:UD,,,,,
Ag:Ch,65,,,,,,,,,,,AC:Up,,,,,
Ag:Ch,66,,,,,,,,,,,AC:Up,,,,,
Ag:Ch,67,,,,,,,,,,,AC:UD,,,,,
Ag:Ch,68,,,,,,,,,,,AC:UD,,,,,
Ag:Ch,69,,,,,,,,,,,AC:UD,,,,,
Ag:Ch,70,,,,,,,,,,,AC:Up,,,,,
Ag:Ch,71,,,,,,,,,,,AC:UD,,,,,
Ag:Ch,72,,,,,,,,,,,AC:UD,,,,,
Ag:Ch,73,,,,,,,,,,,AC:Up,,,,,
Ag:Ch,74,,,,,,,,,,,AC:Up,,,,,
Ag:Ch,75,,,,,,,,,,,AC:UD,,,,,
Ag:Ch,76,,,,,,,,,,,AC:Up,,,,,
Ag:Ch,77,,,,,,,,,,,AC:UD,,,,,
Ag:Ch,78,,,,,,,,,,,AC:UD,,,,,
Ag:Ch,79,,,,,,,,,,,,,,,,
Ag:Ch,80,,,,,,,,,,,AC:UD,,,,,
Ag:Ch,81,,,,,,,,,,,AC:UD,,,,,
Ag:Ch,82,,,,,,,,,,,AC:UD,,,,,
Ag:Ch,83,,,,,,,,,,,AC:UD,,,,,
Ag:Ch,84,,,,,,,,,,,AC:Up,,,,,
Ag:Ch,85,,,,,,,,,,,AC:Up,,,,,
Ag:Ch,86,,,,,,,,,,,AC:UD,,,,,
Ag:Ch,87,,,,,,,,,,,AC:UD,,,,,
Ag:Ch,88,,,,,,,,,,,AC:Up,,,,,
Ag:Ch,89,,,,,,,,,,,AC:UD,,,,,
Ag:Ch,90,,,,,,,,,,,AC:UD,,,,,
Ag:Ch,91,,,,,,,,,,,AC:UD,,,,,
Ag:Ch,92,,,,,,,,,,,,,,,,
Ag:Ch,93,,,,,,,,,,,AC:Up,,,,,
Ag:Ch,94,,,,,,,,,,,AC:Up,,,,,
M_V_Begin,1,,,,,,,,,,,1302450.0,,,,,
M_V_Begin,2,,,,,,,,,,,243540.0,,,,,
M_V_Begin,3,,,,,,,,,,,330000.0,,,,,
M_V_Begin,4,,,,,,,,,,,1869200.0,,,,,
M_V_Begin,5,,,,,,,,,,,1199544.5,,,,,
M_V_Begin,6,,,,,,,,,,,617400.0,,,,,
M_V_Begin,7,,,,,,,,,,,67432.90000000001,,,,,
M_V_Begin,8,,,,,,,,,,,1024650.0,,,,,
M_V_Begin,9,,,,,,,,,,,26400.0,,,,,
M_V_Begin,10,,,,,,,,,,,27500.000000000004,,,,,
M_V_Begin,11,,,,,,,,,,,12493.0,,,,,
M_V_Begin,12,,,,,,,,,,,415850.0,,,,,
M_V_Begin,13,,,,,,,,,,,157640.0,,,,,
M_V_Begin,14,,,,,,,,,,,75800.0,,,,,
M_V_Begin,15,,,,,,,,,,,34930.0,,,,,
M_V_Begin,16,,,,,,,,,,,4231.25,,,,,
M_V_Begin,17,,,,,,,,,,,150630.0,,,,,
M_V_Begin,18,,,,,,,,,,,23338.595,,,,,
M_V_Begin,19,,,,,,,,,,,6740500.0,,,,,
M_V_Begin,20,,,,,,,,,,,76560.0,,,,,
M_V_Begin,21,,,,,,,,,,,76715.0,,,,,
M_V_Begin,22,,,,,,,,,,,297840.0,,,,,
M_V_Begin,23,,,,,,,,,,,18363.0,,,,,
M_V_Begin,24,,,,,,,,,,,1938000.0,,,,,
M_V_Begin,25,,,,,,,,,,,351650.0,,,,,
M_V_Begin,26,,,,,,,,,,,12426.96,,,,,
M_V_Begin,27,,,,,,,,,,,14970.0,,,,,
M_V_Begin,28,,,,,,,,,,,10256.0,,,,,
M_V_Begin,29,,,,,,,,,,,3730700.0,,,,,
M_V_Begin,30,,,,,,,,,,,396816.0,,,,,
M_V_Begin,31,,,,,,,,,,,1785000.0,,,,,
M_V_Begin,32,,,,,,,,,,,4083600.0,,,,,
M_V_Begin,33,,,,,,,,,,,5866.74,,,,,
M_V_Begin,34,,,,,,,,,,,170610.0,,,,,
M_V_Begin,35,,,,,,,,,,,38640.0,,,,,
M_V_Begin,36,,,,,,,,,,,273600.0,,,,,
M_V_Begin,37,,,,,,,,,,,2437.5,,,,,
M_V_Begin,38,,,,,,,,,,,82377.0,,,,,
M_V_Begin,39,,,,,,,,,,,1767600.0,,,,,
M_V_Begin,40,,,,,,,,,,,209250.0,,,,,
M_V_Begin,41,,,,,,,,,,,258875.0,,,,,
M_V_Begin,42,,,,,,,,,,,133280.0,,,,,
M_V_Begin,43,,,,,,,,,,,172787.5,,,,,
M_V_Begin,44,,,,,,,,,,,730960.0,,,,,
M_V_Begin,45,,,,,,,,,,,27300.0,,,,,
M_V_Begin,46,,,,,,,,,,,77197.45,,,,,
M_V_Begin,47,,,,,,,,,,,361220.0,,,,,
M_V_Begin,48,,,,,,,,,,,1420000.0,,,,,
M_V_Begin,49,,,,,,,,,,,68050.0,,,,,
M_V_Begin,50,,,,,,,,,,,0.0,,,,,
M_V_Begin,51,,,,,,,,,,,31008.0,,,,,
M_V_Begin,52,,,,,,,,,,,4656.0,,,,,
M_V_Begin,53,,,,,,,,,,,193565.19,,,,,
M_V_Begin,54,,,,,,,,,,,18950.0,,,,,
M_V_Begin,55,,,,,,,,,,,33850.0,,,,,
M_V_Begin,56,,,,,,,,,,,396500.0,,,,,
M_V_Begin,57,,,,,,,,,,,244300.0,,,,,
M_V_Begin,58,,,,,,,,,,,0.0,,,,,
M_V_Begin,59,,,,,,,,,,,708900.0,,,,,
M_V_Begin,60,,,,,,,,,,,131947.5,,,,,
M_V_Begin,61,,,,,,,,,,,589200.0,,,,,
M_V_Begin,62,,,,,,,,,,,139500.0,,,,,
M_V_Begin,63,,,,,,,,,,,1755.0,,,,,
M_V_Begin,64,,,,,,,,,,,130245.0,,,,,
M_V_Begin,65,,,,,,,,,,,467300.0,,,,,
M_V_Begin,66,,,,,,,,,,,197568.0,,,,,
M_V_Begin,67,,,,,,,,,,,1610.75,,,,,
M_V_Begin,68,,,,,,,,,,,178642.0,,,,,
M_V_Begin,69,,,,,,,,,,,299188.5,,,,,
M_V_Begin,70,,,,,,,,,,,775200.0,,,,,
M_V_Begin,71,,,,,,,,,,,25640.0,,,,,
M_V_Begin,72,,,,,,,,,,,17652.0,,,,,
M_V_Begin,73,,,,,,,,,,,178339.0,,,,,
M_V_Begin,74,,,,,,,,,,,38280.0,,,,,
M_V_Begin,75,,,,,,,,,,,146940.0,,,,,
M_V_Begin,76,,,,,,,,,,,354450.0,,,,,
M_V_Begin,77,,,,,,,,,,,113957.25,,,,,
M_V_Begin,78,,,,,,,,,,,280171.18,,,,,
M_V_Begin,79,,,,,,,,,,,96.354,,,,,
M_V_Begin,80,,,,,,,,,,,84420.0,,,,,
M_V_Begin,81,,,,,,,,,,,166296.9,,,,,
M_V_Begin,82,,,,,,,,,,,22178.0,,,,,
M_V_Begin,83,,,,,,,,,,,31026.0,,,,,
M_V_Begin,84,,,,,,,,,,,139177.5,,,,,
M_V_Begin,85,,,,,,,,,,,64372.0,,,,,
M_V_Begin,86,,,,,,,,,,,35366.5,,,,,
M_V_Begin,87,,,,,,,,,,,45850.0,,,,,
M_V_Begin,88,,,,,,,,,,,115911.0,,,,,
M_V_Begin,89,,,,,,,,,,,28224.0,,,,,
M_V_Begin,90,,,,,,,,,,,403640.0,,,,,
M_V_Begin,91,,,,,,,,,,,91815.0,,,,,
M_V_Begin,92,,,,,,,,,,,772387.8,,,,,
M_V_Begin,93,,,,,,,,,,,617400.0,,,,,
M_V_Begin,94,,,,,,,,,,,991250.0,,,,,
A2,1,,,,,,,,,,,-214.93213540014904,,,,,
A2,2,,,,,,,,,,,-13.10877443062857,,,,,
A2,3,,,,,,,,,,,-0.493650441759016,,,,,
A2,4,,,,,,,,,,,-204.52367775400378,,,,,
A2,5,,,,,,,,,,,-1.1699989470245753,,,,,
A2,6,,,,,,,,,,,-674.112433377039,,,,,
A2,7,,,,,,,,,,,-327.6536907285056,,,,,
A2,8,,,,,,,,,,,0.0,,,,,
A2,9,,,,,,,,,,,-2.230985520089471,,,,,
A2,10,,,,,,,,,,,-12.752670961022863,,,,,
A2,11,,,,,,,,,,,-101.1925194555183,,,,,
A2,12,,,,,,,,,,,-67.37472013509978,,,,,
A2,13,,,,,,,,,,,-56.201992442061126,,,,,
A2,14,,,,,,,,,,,-2.994825176505913,,,,,
A2,15,,,,,,,,,,,-114.87189251517054,,,,,
A2,16,,,,,,,,,,,-27.297038253421,,,,,
A2,17,,,,,,,,,,,-101.96442034076507,,,,,
A2,18,,,,,,,,,,,-14.517648003638847,,,,,
A2,19,,,,,,,,,,,-15.32975400153696,,,,,
A2,20,,,,,,,,,,,-4.176164878266445,,,,,
A2,21,,,,,,,,,,,-46.79740451903073,,,,,
A2,22,,,,,,,,,,,-21.851499901825694,,,,,
A2,23,,,,,,,,,,,-25.80135400287427,,,,,
A2,24,,,,,,,,,,,-3.6010798608240693,,,,,
A2,25,,,,,,,,,,,-60.045714060201824,,,,,
A2,26,,,,,,,,,,,0.0,,,,,
A2,27,,,,,,,,,,,-5.081478089468942,,,,,
A2,28,,,,,,,,,,,-54.797737986104465,,,,,
A2,29,,,,,,,,,,,-342.9049408543796,,,,,
A2,30,,,,,,,,,,,-83.35911501385861,,,,,
A2,31,,,,,,,,,,,-73.54201279457253,,,,,
A2,32,,,,,,,,,,,-105.9425362823604,,,,,
A2,33,,,,,,,,,,,-4.180755878052688,,,,,
A2,34,,,,,,,,,,,-35.81287203590599,,,,,
A2,35,,,,,,,,,,,-5.203494002608512,,,,,
A2,36,,,,,,,,,,,-5.651418682948135,,,,,
A2,37,,,,,,,,,,,-1.069112504159189,,,,,
A2,38,,,,,,,,,,,-38.310690036327095,,,,,
A2,39,,,,,,,,,,,-51.85447719892936,,,,,
A2,40,,,,,,,,,,,-238.69435850232873,,,,,
A2,41,,,,,,,,,,,-16.521242058336185,,,,,
A2,42,,,,,,,,,,,-29.272529333959287,,,,,
A2,43,,,,,,,,,,,-395.08058521077544,,,,,
A2,44,,,,,,,,,,,-206.3856556459827,,,,,
A2,45,,,,,,,,,,,-41.70750832393865,,,,,
A2,46,,,,,,,,,,,-9.324180001869685,,,,,
A2,47,,,,,,,,,,,-27.260166330174233,,,,,
A2,48,,,,,,,,,,,-67.9010850340388,,,,,
A2,49,,,,,,,,,,,-9.48460550925595,,,,,
A2,50,,,,,,,,,,,-10.086055743370759,,,,,
A2,51,,,,,,,,,,,-117.79559210174222,,,,,
A2,52,,,,,,,,,,,-7.9289378468332945,,,,,
A2,53,,,,,,,,,,,-1.267494458510224,,,,,
A2,54,,,,,,,,,,,-2.4563700002462756,,,,,
A2,55,,,,,,,,,,,-31.39955212696757,,,,,
A2,56,,,,,,,,,,,-11.088757111758676,,,,,
A2,57,,,,,,,,,,,-13.233740720491411,,,,,
A2,58,,,,,,,,,,,0.0,,,,,
A2,59,,,,,,,,,,,-61.664913030912615,,,,,
A2,60,,,,,,,,,,,-12.265140000683168,,,,,
A2,61,,,,,,,,,,,-33.18108026731772,,,,,
A2,62,,,,,,,,,,,-221.32432615991647,,,,,
A2,63,,,,,,,,,,,-42.04967965206966,,,,,
A2,64,,,,,,,,,,,-230.40215026461314,,,,,
A2,65,,,,,,,,,,,-205.23222013717722,,,,,
A2,66,,,,,,,,,,,0.0,,,,,
A2,67,,,,,,,,,,,-3.2917317627572755,,,,,
A2,68,,,,,,,,,,,-110.82748764259634,,,,,
A2,69,,,,,,,,,,,0.0,,,,,
A2,70,,,,,,,,,,,0.0,,,,,
A2,71,,,,,,,,,,,-38.91351277950734,,,,,
A2,72,,,,,,,,,,,-2.2024949700184018,,,,,
A2,73,,,,,,,,,,,-14.908662002989484,,,,,
A2,74,,,,,,,,,,,-5.038566300252583,,,,,
A2,75,,,,,,,,,,,0.0,,,,,
A2,76,,,,,,,,,,,0.0,,,,,
A2,77,,,,,,,,,,,-177.92959941525856,,,,,
A2,78,,,,,,,,,,,0.0,,,,,
A2,79,,,,,,,,,,,-21.73369319537248,,,,,
A2,80,,,,,,,,,,,-36.61174371336993,,,,,
A2,81,,,,,,,,,,,-540.9055661208911,,,,,
A2,82,,,,,,,,,,,-9.989866297001583,,,,,
A2,83,,,,,,,,,,,0.0,,,,,
A2,84,,,,,,,,,,,0.0,,,,,
A2,85,,,,,,,,,,,-54.47574464865434,,,,,
A2,86,,,,,,,,,,,0.0,,,,,
A2,87,,,,,,,,,,,-3.3433368002234687,,,,,
A2,88,,,,,,,,,,,0.0,,,,,
A2,89,,,,,,,,,,,-77.14004412890101,,,,,
A2,90,,,,,,,,,,,-160.89850804154455,,,,,
A2,91,,,,,,,,,,,-19.821402003974583,,,,,
A2,92,,,,,,,,,,,-5.353884000069621,,,,,
A2,93,,,,,,,,,,,0.0,,,,,
A2,94,,,,,,,,,,,-15.116078134712945,,,,,
earnDate,1,,,,,,,,,,,2026-04-30 00:00:00,,,,,
earnDate,2,,,,,,,,,,,2026-05-04 00:00:00,,,,,
earnDate,3,,,,,,,,,,,,,,,,
earnDate,4,,,,,,,,,,,2026-04-30 00:00:00,,,,,
earnDate,5,,,,,,,,,,,,,,,,
earnDate,6,,,,,,,,,,,2026-04-15 00:00:00,,,,,
earnDate,7,,,,,,,,,,,2026-06-03 00:00:00,,,,,
earnDate,8,,,,,,,,,,,2026-04-29 00:00:00,,,,,
earnDate,9,,,,,,,,,,,2026-05-05 00:00:00,,,,,
earnDate,10,,,,,,,,,,,2023-04-14 00:00:00,,,,,
earnDate,11,,,,,,,,,,,2026-04-14 00:00:00,,,,,
earnDate,12,,,,,,,,,,,2026-05-13 00:00:00,,,,,
earnDate,13,,,,,,,,,,,2026-05-06 00:00:00,,,,,
earnDate,14,,,,,,,,,,,2026-05-11 00:00:00,,,,,
earnDate,15,,,,,,,,,,,2026-05-06 00:00:00,,,,,
earnDate,16,,,,,,,,,,,2026-04-23 00:00:00,,,,,
earnDate,17,,,,,,,,,,,2026-05-04 00:00:00,,,,,
earnDate,18,,,,,,,,,,,2026-05-14 00:00:00,,,,,
earnDate,19,,,,,,,,,,,2026-05-13 00:00:00,,,,,
earnDate,20,,,,,,,,,,,2026-05-21 00:00:00,,,,,
earnDate,21,,,,,,,,,,,2026-04-28 00:00:00,,,,,
earnDate,22,,,,,,,,,,,2026-06-02 00:00:00,,,,,
earnDate,23,,,,,,,,,,,2026-05-27 00:00:00,,,,,
earnDate,24,,,,,,,,,,,2026-05-08 00:00:00,,,,,
earnDate,25,,,,,,,,,,,2026-06-22 00:00:00,,,,,
earnDate,26,,,,,,,,,,,2026-05-07 00:00:00,,,,,
earnDate,27,,,,,,,,,,,2026-04-30 00:00:00,,,,,
earnDate,28,,,,,,,,,,,2026-04-30 00:00:00,,,,,
earnDate,29,,,,,,,,,,,2026-04-29 00:00:00,,,,,
earnDate,30,,,,,,,,,,,2026-04-22 00:00:00,,,,,
earnDate,31,,,,,,,,,,,2026-04-23 00:00:00,,,,,
earnDate,32,,,,,,,,,,,2026-04-16 00:00:00,,,,,
earnDate,33,,,,,,,,,,,,,,,,
earnDate,34,,,,,,,,,,,2026-05-05 00:00:00,,,,,
earnDate,35,,,,,,,,,,,2026-05-07 00:00:00,,,,,
earnDate,36,,,,,,,,,,,2026-05-14 00:00:00,,,,,
earnDate,37,,,,,,,,,,,2022-08-12 00:00:00,,,,,
earnDate,38,,,,,,,,,,,2026-05-05 00:00:00,,,,,
earnDate,39,,,,,,,,,,,2026-05-13 00:00:00,,,,,
earnDate,40,,,,,,,,,,,2026-04-23 00:00:00,,,,,
earnDate,41,,,,,,,,,,,2026-04-28 00:00:00,,,,,
earnDate,42,,,,,,,,,,,2026-05-07 00:00:00,,,,,
earnDate,43,,,,,,,,,,,2026-04-22 00:00:00,,,,,
earnDate,44,,,,,,,,,,,2026-04-16 00:00:00,,,,,
earnDate,45,,,,,,,,,,,2026-05-12 00:00:00,,,,,
earnDate,46,,,,,,,,,,,2026-05-11 00:00:00,,,,,
earnDate,47,,,,,,,,,,,2026-04-24 00:00:00,,,,,
earnDate,48,,,,,,,,,,,2026-07-24 00:00:00,,,,,
earnDate,49,,,,,,,,,,,2026-05-07 00:00:00,,,,,
earnDate,50,,,,,,,,,,,,,,,,
earnDate,51,,,,,,,,,,,2026-05-01 00:00:00,,,,,
earnDate,52,,,,,,,,,,,2026-05-06 00:00:00,,,,,
earnDate,53,,,,,,,,,,,,,,,,
earnDate,54,,,,,,,,,,,2026-05-11 00:00:00,,,,,
earnDate,55,,,,,,,,,,,2026-04-23 00:00:00,,,,,
earnDate,56,,,,,,,,,,,2026-05-13 00:00:00,,,,,
earnDate,57,,,,,,,,,,,2026-04-24 00:00:00,,,,,
earnDate,58,,,,,,,,,,,2026-05-21 00:00:00,,,,,
earnDate,59,,,,,,,,,,,2026-04-30 00:00:00,,,,,
earnDate,60,,,,,,,,,,,2026-04-23 00:00:00,,,,,
earnDate,61,,,,,,,,,,,2026-05-13 00:00:00,,,,,
earnDate,62,,,,,,,,,,,2026-04-23 00:00:00,,,,,
earnDate,63,,,,,,,,,,,2026-05-12 00:00:00,,,,,
earnDate,64,,,,,,,,,,,2026-04-30 00:00:00,,,,,
earnDate,65,,,,,,,,,,,2026-04-30 00:00:00,,,,,
earnDate,66,,,,,,,,,,,2026-04-15 00:00:00,,,,,
earnDate,67,,,,,,,,,,,2026-05-11 00:00:00,,,,,
earnDate,68,,,,,,,,,,,2026-05-06 00:00:00,,,,,
earnDate,69,,,,,,,,,,,2026-04-28 00:00:00,,,,,
earnDate,70,,,,,,,,,,,2026-05-08 00:00:00,,,,,
earnDate,71,,,,,,,,,,,2026-04-30 00:00:00,,,,,
earnDate,72,,,,,,,,,,,2026-05-11 00:00:00,,,,,
earnDate,73,,,,,,,,,,,2026-04-24 00:00:00,,,,,
earnDate,74,,,,,,,,,,,2026-05-21 00:00:00,,,,,
earnDate,75,,,,,,,,,,,2026-04-29 00:00:00,,,,,
earnDate,76,,,,,,,,,,,2026-04-30 00:00:00,,,,,
earnDate,77,,,,,,,,,,,2026-04-29 00:00:00,,,,,
earnDate,78,,,,,,,,,,,2026-04-13 00:00:00,,,,,
earnDate,79,,,,,,,,,,,2026-03-04 00:00:00,,,,,
earnDate,80,,,,,,,,,,,2026-04-22 00:00:00,,,,,
earnDate,81,,,,,,,,,,,2026-04-30 00:00:00,,,,,
earnDate,82,,,,,,,,,,,2026-05-07 00:00:00,,,,,
earnDate,83,,,,,,,,,,,2026-04-28 00:00:00,,,,,
earnDate,84,,,,,,,,,,,2026-04-23 00:00:00,,,,,
earnDate,85,,,,,,,,,,,2026-05-05 00:00:00,,,,,
earnDate,86,,,,,,,,,,,2026-05-05 00:00:00,,,,,
earnDate,87,,,,,,,,,,,2026-05-04 00:00:00,,,,,
earnDate,88,,,,,,,,,,,2026-04-21 00:00:00,,,,,
earnDate,89,,,,,,,,,,,2026-04-30 00:00:00,,,,,
earnDate,90,,,,,,,,,,,2026-04-30 00:00:00,,,,,
earnDate,91,,,,,,,,,,,2026-05-27 00:00:00,,,,,
earnDate,92,,,,,,,,,,,,,,,,
earnDate,93,,,,,,,,,,,2026-04-15 00:00:00,,,,,
earnDate,94,,,,,,,,,,,2026-05-13 00:00:00,,,,,
exDivDate,1,,,,,,,,,,,2026-02-09 00:00:00,,,,,
exDivDate,2,,,,,,,,,,,2026-03-16 00:00:00,,,,,
exDivDate,3,,,,,,,,,,,,,,,,
exDivDate,4,,,,,,,,,,,,,,,,
exDivDate,5,,,,,,,,,,,,,,,,
exDivDate,6,,,,,,,,,,,2026-04-24 00:00:00,,,,,
exDivDate,7,,,,,,,,,,,2026-03-23 00:00:00,,,,,
exDivDate,8,,,,,,,,,,,2026-02-20 00:00:00,,,,,
exDivDate,9,,,,,,,,,,,,,,,,
exDivDate,10,,,,,,,,,,,,,,,,
exDivDate,11,,,,,,,,,,,2026-05-04 00:00:00,,,,,
exDivDate,12,,,,,,,,,,,2026-04-02 00:00:00,,,,,
exDivDate,13,,,,,,,,,,,2026-04-23 00:00:00,,,,,
exDivDate,14,,,,,,,,,,,,,,,,
exDivDate,15,,,,,,,,,,,2026-06-30 00:00:00,,,,,
exDivDate,16,,,,,,,,,,,2026-05-27 00:00:00,,,,,
exDivDate,17,,,,,,,,,,,,,,,,
exDivDate,18,,,,,,,,,,,2020-03-24 00:00:00,,,,,
exDivDate,19,,,,,,,,,,,2026-04-24 00:00:00,,,,,
exDivDate,20,,,,,,,,,,,2026-02-19 00:00:00,,,,,
exDivDate,21,,,,,,,,,,,2026-03-06 00:00:00,,,,,
exDivDate,22,,,,,,,,,,,2026-03-24 00:00:00,,,,,
exDivDate,23,,,,,,,,,,,2026-03-11 00:00:00,,,,,
exDivDate,24,,,,,,,,,,,2026-06-25 00:00:00,,,,,
exDivDate,25,,,,,,,,,,,2026-05-15 00:00:00,,,,,
exDivDate,26,,,,,,,,,,,,,,,,
exDivDate,27,,,,,,,,,,,2022-08-29 00:00:00,,,,,
exDivDate,28,,,,,,,,,,,,,,,,
exDivDate,29,,,,,,,,,,,2026-05-21 00:00:00,,,,,
exDivDate,30,,,,,,,,,,,2026-02-27 00:00:00,,,,,
exDivDate,31,,,,,,,,,,,2026-03-03 00:00:00,,,,,
exDivDate,32,,,,,,,,,,,,,,,,
exDivDate,33,,,,,,,,,,,,,,,,
exDivDate,34,,,,,,,,,,,2026-03-02 00:00:00,,,,,
exDivDate,35,,,,,,,,,,,,,,,,
exDivDate,36,,,,,,,,,,,,,,,,
exDivDate,37,,,,,,,,,,,2013-01-10 00:00:00,,,,,
exDivDate,38,,,,,,,,,,,,,,,,
exDivDate,39,,,,,,,,,,,2026-05-04 00:00:00,,,,,
exDivDate,40,,,,,,,,,,,2026-05-06 00:00:00,,,,,
exDivDate,41,,,,,,,,,,,2025-09-30 00:00:00,,,,,
exDivDate,42,,,,,,,,,,,,,,,,
exDivDate,43,,,,,,,,,,,,,,,,
exDivDate,44,,,,,,,,,,,2026-06-11 00:00:00,,,,,
exDivDate,45,,,,,,,,,,,2026-05-21 00:00:00,,,,,
exDivDate,46,,,,,,,,,,,2024-06-14 00:00:00,,,,,
exDivDate,47,,,,,,,,,,,2026-04-10 00:00:00,,,,,
exDivDate,48,,,,,,,,,,,2026-04-16 00:00:00,,,,,
exDivDate,49,,,,,,,,,,,2026-03-09 00:00:00,,,,,
exDivDate,50,,,,,,,,,,,,,,,,
exDivDate,51,,,,,,,,,,,2026-02-12 00:00:00,,,,,
exDivDate,52,,,,,,,,,,,,,,,,
exDivDate,53,,,,,,,,,,,,,,,,
exDivDate,54,,,,,,,,,,,,,,,,
exDivDate,55,,,,,,,,,,,2026-05-27 00:00:00,,,,,
exDivDate,56,,,,,,,,,,,2026-04-24 00:00:00,,,,,
exDivDate,57,,,,,,,,,,,2026-05-18 00:00:00,,,,,
exDivDate,58,,,,,,,,,,,2026-02-19 00:00:00,,,,,
exDivDate,59,,,,,,,,,,,2026-06-01 00:00:00,,,,,
exDivDate,60,,,,,,,,,,,2026-06-11 00:00:00,,,,,
exDivDate,61,,,,,,,,,,,2026-05-04 00:00:00,,,,,
exDivDate,62,,,,,,,,,,,2026-05-06 00:00:00,,,,,
exDivDate,63,,,,,,,,,,,2026-05-21 00:00:00,,,,,
exDivDate,64,,,,,,,,,,,2026-02-09 00:00:00,,,,,
exDivDate,65,,,,,,,,,,,,,,,,
exDivDate,66,,,,,,,,,,,2026-04-24 00:00:00,,,,,
exDivDate,67,,,,,,,,,,,,,,,,
exDivDate,68,,,,,,,,,,,2026-06-30 00:00:00,,,,,
exDivDate,69,,,,,,,,,,,2026-03-06 00:00:00,,,,,
exDivDate,70,,,,,,,,,,,2026-06-25 00:00:00,,,,,
exDivDate,71,,,,,,,,,,,,,,,,
exDivDate,72,,,,,,,,,,,,,,,,
exDivDate,73,,,,,,,,,,,2026-05-18 00:00:00,,,,,
exDivDate,74,,,,,,,,,,,2026-02-19 00:00:00,,,,,
exDivDate,75,,,,,,,,,,,2026-02-13 00:00:00,,,,,
exDivDate,76,,,,,,,,,,,2026-06-01 00:00:00,,,,,
exDivDate,77,,,,,,,,,,,2013-06-10 00:00:00,,,,,
exDivDate,78,,,,,,,,,,,2026-03-02 00:00:00,,,,,
exDivDate,79,,,,,,,,,,,,,,,,
exDivDate,80,,,,,,,,,,,2026-03-12 00:00:00,,,,,
exDivDate,81,,,,,,,,,,,2026-04-09 00:00:00,,,,,
exDivDate,82,,,,,,,,,,,,,,,,
exDivDate,83,,,,,,,,,,,2026-03-11 00:00:00,,,,,
exDivDate,84,,,,,,,,,,,2026-06-11 00:00:00,,,,,
exDivDate,85,,,,,,,,,,,2026-03-10 00:00:00,,,,,
exDivDate,86,,,,,,,,,,,2026-01-23 00:00:00,,,,,
exDivDate,87,,,,,,,,,,,2015-08-21 00:00:00,,,,,
exDivDate,88,,,,,,,,,,,2026-03-13 00:00:00,,,,,
exDivDate,89,,,,,,,,,,,,,,,,
exDivDate,90,,,,,,,,,,,2000-03-13 00:00:00,,,,,
exDivDate,91,,,,,,,,,,,2026-03-11 00:00:00,,,,,
exDivDate,92,,,,,,,,,,,,,,,,
exDivDate,93,,,,,,,,,,,2026-04-24 00:00:00,,,,,
exDivDate,94,,,,,,,,,,,2026-04-24 00:00:00,,,,,
Div_Perc,1,,,,,,,,,,,0.0041,,,,,
Div_Perc,2,,,,,,,,,,,0.0078,,,,,
Div_Perc,3,,,,,,,,,,,0.0,,,,,
Div_Perc,4,,,,,,,,,,,0.0,,,,,
Div_Perc,5,,,,,,,,,,,0.0,,,,,
Div_Perc,6,,,,,,,,,,,0.0097,,,,,
Div_Perc,7,,,,,,,,,,,0.0078,,,,,
Div_Perc,8,,,,,,,,,,,0.0157,,,,,
Div_Perc,9,,,,,,,,,,,0.0,,,,,
Div_Perc,10,,,,,,,,,,,0.0,,,,,
Div_Perc,11,,,,,,,,,,,0.0205,,,,,
Div_Perc,12,,,,,,,,,,,0.0208,,,,,
Div_Perc,13,,,,,,,,,,,0.034,,,,,
Div_Perc,14,,,,,,,,,,,0.0,,,,,
Div_Perc,15,,,,,,,,,,,0.0157,,,,,
Div_Perc,16,,,,,,,,,,,0.0155,,,,,
Div_Perc,17,,,,,,,,,,,0.0,,,,,
Div_Perc,18,,,,,,,,,,,0.0,,,,,
Div_Perc,19,,,,,,,,,,,0.029,,,,,
Div_Perc,20,,,,,,,,,,,0.037,,,,,
Div_Perc,21,,,,,,,,,,,0.0099,,,,,
Div_Perc,22,,,,,,,,,,,0.0231,,,,,
Div_Perc,23,,,,,,,,,,,0.0645,,,,,
Div_Perc,24,,,,,,,,,,,0.0238,,,,,
Div_Perc,25,,,,,,,,,,,0.0193,,,,,
Div_Perc,26,,,,,,,,,,,0.0,,,,,
Div_Perc,27,,,,,,,,,,,0.0,,,,,
Div_Perc,28,,,,,,,,,,,0.0,,,,,
Div_Perc,29,,,,,,,,,,,0.0098,,,,,
Div_Perc,30,,,,,,,,,,,0.0266,,,,,
Div_Perc,31,,,,,,,,,,,0.0091,,,,,
Div_Perc,32,,,,,,,,,,,0.0,,,,,
Div_Perc,33,,,,,,,,,,,0.0,,,,,
Div_Perc,34,,,,,,,,,,,0.0096,,,,,
Div_Perc,35,,,,,,,,,,,0.0,,,,,
Div_Perc,36,,,,,,,,,,,0.0,,,,,
Div_Perc,37,,,,,,,,,,,0.0,,,,,
Div_Perc,38,,,,,,,,,,,0.0,,,,,
Div_Perc,39,,,,,,,,,,,0.0204,,,,,
Div_Perc,40,,,,,,,,,,,0.0172,,,,,
Div_Perc,41,,,,,,,,,,,0.0171,,,,,
Div_Perc,42,,,,,,,,,,,0.0,,,,,
Div_Perc,43,,,,,,,,,,,0.0,,,,,
Div_Perc,44,,,,,,,,,,,0.0102,,,,,
Div_Perc,45,,,,,,,,,,,0.0185,,,,,
Div_Perc,46,,,,,,,,,,,0.0,,,,,
Div_Perc,47,,,,,,,,,,,0.0285,,,,,
Div_Perc,48,,,,,,,,,,,0.0437,,,,,
Div_Perc,49,,,,,,,,,,,0.0365,,,,,
Div_Perc,50,,,,,,,,,,,,,,,,
Div_Perc,51,,,,,,,,,,,0.0251,,,,,
Div_Perc,52,,,,,,,,,,,0.0,,,,,
Div_Perc,53,,,,,,,,,,,0.0,,,,,
Div_Perc,54,,,,,,,,,,,0.0,,,,,
Div_Perc,55,,,,,,,,,,,0.0155,,,,,
Div_Perc,56,,,,,,,,,,,0.029,,,,,
Div_Perc,57,,,,,,,,,,,0.0434,,,,,
Div_Perc,58,,,,,,,,,,,0.037,,,,,
Div_Perc,59,,,,,,,,,,,0.0249,,,,,
Div_Perc,60,,,,,,,,,,,0.0417,,,,,
Div_Perc,61,,,,,,,,,,,0.0204,,,,,
Div_Perc,62,,,,,,,,,,,0.0172,,,,,
Div_Perc,63,,,,,,,,,,,0.0185,,,,,
Div_Perc,64,,,,,,,,,,,0.0041,,,,,
Div_Perc,65,,,,,,,,,,,0.0,,,,,
Div_Perc,66,,,,,,,,,,,0.0097,,,,,
Div_Perc,67,,,,,,,,,,,0.0,,,,,
Div_Perc,68,,,,,,,,,,,0.0157,,,,,
Div_Perc,69,,,,,,,,,,,0.0099,,,,,
Div_Perc,70,,,,,,,,,,,0.0238,,,,,
Div_Perc,71,,,,,,,,,,,0.0,,,,,
Div_Perc,72,,,,,,,,,,,0.0,,,,,
Div_Perc,73,,,,,,,,,,,0.0434,,,,,
Div_Perc,74,,,,,,,,,,,0.037,,,,,
Div_Perc,75,,,,,,,,,,,0.0521,,,,,
Div_Perc,76,,,,,,,,,,,0.0249,,,,,
Div_Perc,77,,,,,,,,,,,0.0,,,,,
Div_Perc,78,,,,,,,,,,,0.0208,,,,,
Div_Perc,79,,,,,,,,,,,0.0,,,,,
Div_Perc,80,,,,,,,,,,,0.019,,,,,
Div_Perc,81,,,,,,,,,,,0.007,,,,,
Div_Perc,82,,,,,,,,,,,0.0,,,,,
Div_Perc,83,,,,,,,,,,,0.0313,,,,,
Div_Perc,84,,,,,,,,,,,0.0417,,,,,
Div_Perc,85,,,,,,,,,,,0.0165,,,,,
Div_Perc,86,,,,,,,,,,,0.0635,,,,,
Div_Perc,87,,,,,,,,,,,0.0,,,,,
Div_Perc,88,,,,,,,,,,,0.009,,,,,
Div_Perc,89,,,,,,,,,,,0.0,,,,,
Div_Perc,90,,,,,,,,,,,0.0,,,,,
Div_Perc,91,,,,,,,,,,,0.0645,,,,,
Div_Perc,92,,,,,,,,,,,0.0,,,,,
Div_Perc,93,,,,,,,,,,,0.0097,,,,,
Div_Perc,94,,,,,,,,,,,0.029,,,,,
Div,1,,,,,,,,,,,10652.321766,,,,,
Div,2,,,,,,,,,,,1052.596116,,,,,
Div,3,,,,,,,,,,,0.0,,,,,
Div,4,,,,,,,,,,,0.0,,,,,
Div,5,,,,,,,,,,,0.0,,,,,
Div,6,,,,,,,,,,,25087.4785224,,,,,
Div,7,,,,,,,,,,,2761.1004252,,,,,
Div,8,,,,,,,,,,,0.0,,,,,
Div,9,,,,,,,,,,,0.0,,,,,
Div,10,,,,,,,,,,,0.0,,,,,
Div,11,,,,,,,,,,,2.554406231,,,,,
Div,12,,,,,,,,,,,862.7190832,,,,,
Div,13,,,,,,,,,,,2.672912312,,,,,
Div,14,,,,,,,,,,,0.0,,,,,
Div,15,,,,,,,,,,,1562.7861639999996,,,,,
Div,16,,,,,,,,,,,2093.24338,,,,,
Div,17,,,,,,,,,,,0.0,,,,,
Div,18,,,,,,,,,,,0.0,,,,,
Div,19,,,,,,,,,,,5734.30195,,,,,
Div,20,,,,,,,,,,,17818.807192164,,,,,
Div,21,,,,,,,,,,,0.7575038559,,,,,
Div,22,,,,,,,,,,,6862.2157296,,,,,
Div,23,,,,,,,,,,,10632.0062241,,,,,
Div,24,,,,,,,,,,,13801.342968,,,,,
Div,25,,,,,,,,,,,1353.8398406,,,,,
Div,26,,,,,,,,,,,0.0,,,,,
Div,27,,,,,,,,,,,0.0,,,,,
Div,28,,,,,,,,,,,0.0,,,,,
Div,29,,,,,,,,,,,36465.801763999996,,,,,
Div,30,,,,,,,,,,,7519.9012895999995,,,,,
Div,31,,,,,,,,,,,18361.43582,,,,,
Div,32,,,,,,,,,,,0.0,,,,,
Div,33,,,,,,,,,,,0.0,,,,,
Div,34,,,,,,,,,,,544.5325247999999,,,,,
Div,35,,,,,,,,,,,0.0,,,,,
Div,36,,,,,,,,,,,0.0,,,,,
Div,37,,,,,,,,,,,0.0,,,,,
Div,38,,,,,,,,,,,0.0,,,,,
Div,39,,,,,,,,,,,11.988428832000002,,,,,
Div,40,,,,,,,,,,,9572.64624,,,,,
Div,41,,,,,,,,,,,7947.4552515,,,,,
Div,42,,,,,,,,,,,0.0,,,,,
Div,43,,,,,,,,,,,0.0,,,,,
Div,44,,,,,,,,,,,16731.9156168,,,,,
Div,45,,,,,,,,,,,2158.8722999999995,,,,,
Div,46,,,,,,,,,,,0.0,,,,,
Div,47,,,,,,,,,,,1950.9206836199999,,,,,
Div,48,,,,,,,,,,,6189.26596,,,,,
Div,49,,,,,,,,,,,0.4954734109999999,,,,,
Div,50,,,,,,,,,,,0.0,,,,,
Div,51,,,,,,,,,,,3.8813860895999994,,,,,
Div,52,,,,,,,,,,,0.0,,,,,
Div,53,,,,,,,,,,,0.0,,,,,
Div,54,,,,,,,,,,,0.0,,,,,
Div,55,,,,,,,,,,,4186.48676,,,,,
Div,56,,,,,,,,,,,5.73430195,,,,,
Div,57,,,,,,,,,,,28552.6436076,,,,,
Div,58,,,,,,,,,,,0.0,,,,,
Div,59,,,,,,,,,,,3521.1431628,,,,,
Div,60,,,,,,,,,,,13531.820553,,,,,
Div,61,,,,,,,,,,,1.1988428832,,,,,
Div,62,,,,,,,,,,,2871.7938719999997,,,,,
Div,63,,,,,,,,,,,402.989496,,,,,
Div,64,,,,,,,,,,,905.44735011,,,,,
Div,65,,,,,,,,,,,0.0,,,,,
Div,66,,,,,,,,,,,0.0,,,,,
Div,67,,,,,,,,,,,0.0,,,,,
Div,68,,,,,,,,,,,1875.3433967999997,,,,,
Div,69,,,,,,,,,,,0.0,,,,,
Div,70,,,,,,,,,,,0.0,,,,,
Div,71,,,,,,,,,,,0.0,,,,,
Div,72,,,,,,,,,,,0.0,,,,,
Div,73,,,,,,,,,,,5287.526594,,,,,
Div,74,,,,,,,,,,,2825.354928,,,,,
Div,75,,,,,,,,,,,0.0,,,,,
Div,76,,,,,,,,,,,0.0,,,,,
Div,77,,,,,,,,,,,0.0,,,,,
Div,78,,,,,,,,,,,0.0,,,,,
Div,79,,,,,,,,,,,0.0,,,,,
Div,80,,,,,,,,,,,837.9955319999999,,,,,
Div,81,,,,,,,,,,,1231.4184659,,,,,
Div,82,,,,,,,,,,,0.0,,,,,
Div,83,,,,,,,,,,,0.0,,,,,
Div,84,,,,,,,,,,,0.0,,,,,
Div,85,,,,,,,,,,,3852.277968,,,,,
Div,86,,,,,,,,,,,0.0,,,,,
Div,87,,,,,,,,,,,0.0,,,,,
Div,88,,,,,,,,,,,0.0,,,,,
Div,89,,,,,,,,,,,0.0,,,,,
Div,90,,,,,,,,,,,0.0,,,,,
Div,91,,,,,,,,,,,5906.6701245,,,,,
Div,92,,,,,,,,,,,0.0,,,,,
Div,93,,,,,,,,,,,0.0,,,,,
Div,94,,,,,,,,,,,6881.16234,,,,,
CostBegin,1,,,,,,,,,,,-538696.98,,,,,
CostBegin,2,,,,,,,,,,,-88759.1794104,,,,,
CostBegin,3,,,,,,,,,,,-162186.89939819998,,,,,
CostBegin,4,,,,,,,,,,,-1063157.04,,,,,
CostBegin,5,,,,,,,,,,,-2866136.2682245024,,,,,
CostBegin,6,,,,,,,,,,,-449214.93,,,,,
CostBegin,7,,,,,,,,,,,-20887.91855208,,,,,
CostBegin,8,,,,,,,,,,,-271253.43,,,,,
CostBegin,9,,,,,,,,,,,-26969.94,,,,,
CostBegin,10,,,,,,,,,,,-159413.4,,,,,
CostBegin,11,,,,,,,,,,,-4919.758199999999,,,,,
CostBegin,12,,,,,,,,,,,-199367.01,,,,,
CostBegin,13,,,,,,,,,,,-217183.212,,,,,
CostBegin,14,,,,,,,,,,,-415472.42699999997,,,,,
CostBegin,15,,,,,,,,,,,-59905.339974,,,,,
CostBegin,16,,,,,,,,,,,-250.64999999999998,,,,,
CostBegin,17,,,,,,,,,,,-80408.51999999999,,,,,
CostBegin,18,,,,,,,,,,,-88294.14946799999,,,,,
CostBegin,19,,,,,,,,,,,-3061138.32,,,,,
CostBegin,20,,,,,,,,,,,-97372.51199999999,,,,,
CostBegin,21,,,,,,,,,,,-37497.24,,,,,
CostBegin,22,,,,,,,,,,,-134268.19199999998,,,,,
CostBegin,23,,,,,,,,,,,-15740.82,,,,,
CostBegin,24,,,,,,,,,,,-787041.0,,,,,
CostBegin,25,,,,,,,,,,,-178162.02,,,,,
CostBegin,26,,,,,,,,,,,-40528.510866,,,,,
CostBegin,27,,,,,,,,,,,-54895.458060000004,,,,,
CostBegin,28,,,,,,,,,,,-25096.150781999997,,,,,
CostBegin,29,,,,,,,,,,,-1057542.48,,,,,
CostBegin,30,,,,,,,,,,,-304693.007436,,,,,
CostBegin,31,,,,,,,,,,,-287316.48563999997,,,,,
CostBegin,32,,,,,,,,,,,-1576688.76,,,,,
CostBegin,33,,,,,,,,,,,-252123.63150599998,,,,,
CostBegin,34,,,,,,,,,,,-87105.88799999999,,,,,
CostBegin,35,,,,,,,,,,,-91376.96399999999,,,,,
CostBegin,36,,,,,,,,,,,-296453.289726,,,,,
CostBegin,37,,,,,,,,,,,-9525.55221,,,,,
CostBegin,38,,,,,,,,,,,-99948.72277799986,,,,,
CostBegin,39,,,,,,,,,,,-1016698.6013039999,,,,,
CostBegin,40,,,,,,,,,,,-139935.93993,,,,,
CostBegin,41,,,,,,,,,,,-140535.90579599998,,,,,
CostBegin,42,,,,,,,,,,,-877483.0595519999,,,,,
CostBegin,43,,,,,,,,,,,-86498.3124,,,,,
CostBegin,44,,,,,,,,,,,-200520.0,,,,,
CostBegin,45,,,,,,,,,,,-184873.4244,,,,,
CostBegin,46,,,,,,,,,,,-67460.4423,,,,,
CostBegin,47,,,,,,,,,,,-191797.37999999998,,,,,
CostBegin,48,,,,,,,,,,,-1128963.984354,,,,,
CostBegin,49,,,,,,,,,,,-151837.70426999996,,,,,
CostBegin,50,,,,,,,,,,,-37104.150618,,,,,
CostBegin,51,,,,,,,,,,,-19953.745199999998,,,,,
CostBegin,52,,,,,,,,,,,-55510.182197999995,,,,,
CostBegin,53,,,,,,,,,,,-463387.95430199994,,,,,
CostBegin,54,,,,,,,,,,,-43412.579999999994,,,,,
CostBegin,55,,,,,,,,,,,-88228.79999999999,,,,,
CostBegin,56,,,,,,,,,,,-221781.13559999998,,,,,
CostBegin,57,,,,,,,,,,,-156331.40759999998,,,,,
CostBegin,58,,,,,,,,,,,0.0,,,,,
CostBegin,59,,,,,,,,,,,-243799.23419999998,,,,,
CostBegin,60,,,,,,,,,,,-78898.6044,,,,,
CostBegin,61,,,,,,,,,,,-359732.88,,,,,
CostBegin,62,,,,,,,,,,,-144935.856,,,,,
CostBegin,63,,,,,,,,,,,-3552.6343958999996,,,,,
CostBegin,64,,,,,,,,,,,-34513.101360000015,,,,,
CostBegin,65,,,,,,,,,,,-315097.12799999997,,,,,
CostBegin,66,,,,,,,,,,,-99945.58463999999,,,,,
CostBegin,67,,,,,,,,,,,-42278.1381,,,,,
CostBegin,68,,,,,,,,,,,-187595.18262,,,,,
CostBegin,69,,,,,,,,,,,-153746.70479999998,,,,,
CostBegin,70,,,,,,,,,,,-332863.19999999995,,,,,
CostBegin,71,,,,,,,,,,,-63339.255,,,,,
CostBegin,72,,,,,,,,,,,-211749.12,,,,,
CostBegin,73,,,,,,,,,,,-100123.6464,,,,,
CostBegin,74,,,,,,,,,,,-51433.38,,,,,
CostBegin,75,,,,,,,,,,,-162300.88799999998,,,,,
CostBegin,76,,,,,,,,,,,-98405.18999999999,,,,,
CostBegin,77,,,,,,,,,,,-104749.64279999999,,,,,
CostBegin,78,,,,,,,,,,,-111486.11219999999,,,,,
CostBegin,79,,,,,,,,,,,-252674.49002399997,,,,,
CostBegin,80,,,,,,,,,,,-94050.8982,,,,,
CostBegin,81,,,,,,,,,,,-116832.57695999999,,,,,
CostBegin,82,,,,,,,,,,,-154580.868,,,,,
CostBegin,83,,,,,,,,,,,-17214.642,,,,,
CostBegin,84,,,,,,,,,,,-96809.0508,,,,,
CostBegin,85,,,,,,,,,,,-78821.40419999999,,,,,
CostBegin,86,,,,,,,,,,,-54116.337600000006,,,,,
CostBegin,87,,,,,,,,,,,-20142.234,,,,,
CostBegin,88,,,,,,,,,,,-82049.7762,,,,,
CostBegin,89,,,,,,,,,,,-118608.08129999999,,,,,
CostBegin,90,,,,,,,,,,,-92379.564,,,,,
CostBegin,91,,,,,,,,,,,-34464.375,,,,,
CostBegin,92,,,,,,,,,,,-412784.45639999997,,,,,
CostBegin,93,,,,,,,,,,,-362810.86199999996,,,,,
CostBegin,94,,,,,,,,,,,-452172.6,,,,,
PriceBeg,1,,,,,,,,,,,-107.46,,,,,
PriceBeg,2,,,,,,,,,,,-9.836556,,,,,
PriceBeg,3,,,,,,,,,,,-40.44157675,,,,,
PriceBeg,4,,,,,,,,,,,-132.55,,,,,
PriceBeg,5,,,,,,,,,,,-1.16774724321959,,,,,
PriceBeg,6,,,,,,,,,,,-896.1,,,,,
PriceBeg,7,,,,,,,,,,,-109.65132,,,,,
PriceBeg,8,,,,,,,,,,,-54.11,,,,,
PriceBeg,9,,,,,,,,,,,-2.69,,,,,
PriceBeg,10,,,,,,,,,,,-12.72,,,,,
PriceBeg,11,,,,,,,,,,,-49.07,,,,,
PriceBeg,12,,,,,,,,,,,-39.77,,,,,
PriceBeg,13,,,,,,,,,,,-108.31,,,,,
PriceBeg,14,,,,,,,,,,,-10.359875,,,,,
PriceBeg,15,,,,,,,,,,,-170.71425714285715,,,,,
PriceBeg,16,,,,,,,,,,,-1.0,,,,,
PriceBeg,17,,,,,,,,,,,-80.2,,,,,
PriceBeg,18,,,,,,,,,,,-46.62,,,,,
PriceBeg,19,,,,,,,,,,,-8.98,,,,,
PriceBeg,20,,,,,,,,,,,-485.6,,,,,
PriceBeg,21,,,,,,,,,,,-37.4,,,,,
PriceBeg,22,,,,,,,,,,,-11.16,,,,,
PriceBeg,23,,,,,,,,,,,-15.7,,,,,
PriceBeg,24,,,,,,,,,,,-157.0,,,,,
PriceBeg,25,,,,,,,,,,,-35.54,,,,,
PriceBeg,26,,,,,,,,,,,-17.760724956063267,,,,,
PriceBeg,27,,,,,,,,,,,-27.37655,,,,,
PriceBeg,28,,,,,,,,,,,-125.15535,,,,,
PriceBeg,29,,,,,,,,,,,-105.48,,,,,
PriceBeg,30,,,,,,,,,,,-72.35782380952381,,,,,
PriceBeg,31,,,,,,,,,,,-19.10476,,,,,
PriceBeg,32,,,,,,,,,,,-39.315,,,,,
PriceBeg,33,,,,,,,,,,,-9.43,,,,,
PriceBeg,34,,,,,,,,,,,-28.96,,,,,
PriceBeg,35,,,,,,,,,,,-15.19,,,,,
PriceBeg,36,,,,,,,,,,,-6.570766888888889,,,,,
PriceBeg,37,,,,,,,,,,,-3.16695,,,,,
PriceBeg,38,,,,,,,,,,,-36.9220481481481,,,,,
PriceBeg,39,,,,,,,,,,,-33.802068,,,,,
PriceBeg,40,,,,,,,,,,,-93.0487,,,,,
PriceBeg,41,,,,,,,,,,,-11.2137168,,,,,
PriceBeg,42,,,,,,,,,,,-54.70047,,,,,
PriceBeg,43,,,,,,,,,,,-172.548,,,,,
PriceBeg,44,,,,,,,,,,,-100.0,,,,,
PriceBeg,45,,,,,,,,,,,-263.42,,,,,
PriceBeg,46,,,,,,,,,,,-9.3,,,,,
PriceBeg,47,,,,,,,,,,,-19.13,,,,,
PriceBeg,48,,,,,,,,,,,-56.3018145,,,,,
PriceBeg,49,,,,,,,,,,,-30.28879,,,,,
PriceBeg,50,,,,,,,,,,,-49.34390666666667,,,,,
PriceBeg,51,,,,,,,,,,,-99.51,,,,,
PriceBeg,52,,,,,,,,,,,-69.2077875,,,,,
PriceBeg,53,,,,,,,,,,,-1.17,,,,,
PriceBeg,54,,,,,,,,,,,-4.33,,,,,
PriceBeg,55,,,,,,,,,,,-44.0,,,,,
PriceBeg,56,,,,,,,,,,,-11.0603,,,,,
PriceBeg,57,,,,,,,,,,,-15.5926,,,,,
PriceBeg,58,,,,,,,,,,,0.0,,,,,
PriceBeg,59,,,,,,,,,,,-24.3167,,,,,
PriceBeg,60,,,,,,,,,,,-10.78,,,,,
PriceBeg,61,,,,,,,,,,,-35.88,,,,,
PriceBeg,62,,,,,,,,,,,-144.56,,,,,
PriceBeg,63,,,,,,,,,,,-78.7427,,,,,
PriceBeg,64,,,,,,,,,,,-68.84720000000004,,,,,
PriceBeg,65,,,,,,,,,,,-157.14,,,,,
PriceBeg,66,,,,,,,,,,,-623.04,,,,,
PriceBeg,67,,,,,,,,,,,-49.61,,,,,
PriceBeg,68,,,,,,,,,,,-104.53,,,,,
PriceBeg,69,,,,,,,,,,,-39.32,,,,,
PriceBeg,70,,,,,,,,,,,-166.0,,,,,
PriceBeg,71,,,,,,,,,,,-126.35,,,,,
PriceBeg,72,,,,,,,,,,,-7.04,,,,,
PriceBeg,73,,,,,,,,,,,-13.68,,,,,
PriceBeg,74,,,,,,,,,,,-513.0,,,,,
PriceBeg,75,,,,,,,,,,,-13.49,,,,,
PriceBeg,76,,,,,,,,,,,-19.63,,,,,
PriceBeg,77,,,,,,,,,,,-189.96,,,,,
PriceBeg,78,,,,,,,,,,,-358.7,,,,,
PriceBeg,79,,,,,,,,,,,-47.08,,,,,
PriceBeg,80,,,,,,,,,,,-44.67,,,,,
PriceBeg,81,,,,,,,,,,,-353.12,,,,,
PriceBeg,82,,,,,,,,,,,-59.3,,,,,
PriceBeg,83,,,,,,,,,,,-85.85,,,,,
PriceBeg,84,,,,,,,,,,,-12.54,,,,,
PriceBeg,85,,,,,,,,,,,-71.47,,,,,
PriceBeg,86,,,,,,,,,,,-41.52,,,,,
PriceBeg,87,,,,,,,,,,,-2.87,,,,,
PriceBeg,88,,,,,,,,,,,-30.31,,,,,
PriceBeg,89,,,,,,,,,,,-262.89,,,,,
PriceBeg,90,,,,,,,,,,,-46.07,,,,,
PriceBeg,91,,,,,,,,,,,-6.875,,,,,
PriceBeg,92,,,,,,,,,,,-5.34,,,,,
PriceBeg,93,,,,,,,,,,,-723.74,,,,,
PriceBeg,94,,,,,,,,,,,-9.02,,,,,
Scale,1,,,,,,,,,,,1.0,,,,,
Scale,2,,,,,,,,,,,1.0,,,,,
Scale,3,,,,,,,,,,,0.01,,,,,
Scale,4,,,,,,,,,,,1.0,,,,,
Scale,5,,,,,,,,,,,1.0,,,,,
Scale,6,,,,,,,,,,,1.0,,,,,
Scale,7,,,,,,,,,,,1.0,,,,,
Scale,8,,,,,,,,,,,1.0,,,,,
Scale,9,,,,,,,,,,,1.0,,,,,
Scale,10,,,,,,,,,,,1.0,,,,,
Scale,11,,,,,,,,,,,1.0,,,,,
Scale,12,,,,,,,,,,,1.0,,,,,
Scale,13,,,,,,,,,,,1.0,,,,,
Scale,14,,,,,,,,,,,1.0,,,,,
Scale,15,,,,,,,,,,,1.0,,,,,
Scale,16,,,,,,,,,,,1.0,,,,,
Scale,17,,,,,,,,,,,1.0,,,,,
Scale,18,,,,,,,,,,,1.0,,,,,
Scale,19,,,,,,,,,,,1.0,,,,,
Scale,20,,,,,,,,,,,0.01,,,,,
Scale,21,,,,,,,,,,,1.0,,,,,
Scale,22,,,,,,,,,,,1.0,,,,,
Scale,23,,,,,,,,,,,1.0,,,,,
Scale,24,,,,,,,,,,,0.01,,,,,
Scale,25,,,,,,,,,,,1.0,,,,,
Scale,26,,,,,,,,,,,1.0,,,,,
Scale,27,,,,,,,,,,,1.0,,,,,
Scale,28,,,,,,,,,,,1.0,,,,,
Scale,29,,,,,,,,,,,1.0,,,,,
Scale,30,,,,,,,,,,,1.0,,,,,
Scale,31,,,,,,,,,,,1.0,,,,,
Scale,32,,,,,,,,,,,1.0,,,,,
Scale,33,,,,,,,,,,,1.0,,,,,
Scale,34,,,,,,,,,,,1.0,,,,,
Scale,35,,,,,,,,,,,1.0,,,,,
Scale,36,,,,,,,,,,,1.0,,,,,
Scale,37,,,,,,,,,,,1.0,,,,,
Scale,38,,,,,,,,,,,1.0,,,,,
Scale,39,,,,,,,,,,,1.0,,,,,
Scale,40,,,,,,,,,,,1.0,,,,,
Scale,41,,,,,,,,,,,1.0,,,,,
Scale,42,,,,,,,,,,,1.0,,,,,
Scale,43,,,,,,,,,,,1.0,,,,,
Scale,44,,,,,,,,,,,1.0,,,,,
Scale,45,,,,,,,,,,,1.0,,,,,
Scale,46,,,,,,,,,,,1.0,,,,,
Scale,47,,,,,,,,,,,1.0,,,,,
Scale,48,,,,,,,,,,,1.0,,,,,
Scale,49,,,,,,,,,,,1.0,,,,,
Scale,50,,,,,,,,,,,1.0,,,,,
Scale,51,,,,,,,,,,,1.0,,,,,
Scale,52,,,,,,,,,,,1.0,,,,,
Scale,53,,,,,,,,,,,1.0,,,,,
Scale,54,,,,,,,,,,,1.0,,,,,
Scale,55,,,,,,,,,,,1.0,,,,,
Scale,56,,,,,,,,,,,1.0,,,,,
Scale,57,,,,,,,,,,,1.0,,,,,
Scale,58,,,,,,,,,,,0.01,,,,,
Scale,59,,,,,,,,,,,1.0,,,,,
Scale,60,,,,,,,,,,,1.0,,,,,
Scale,61,,,,,,,,,,,1.0,,,,,
Scale,62,,,,,,,,,,,1.0,,,,,
Scale,63,,,,,,,,,,,1.0,,,,,
Scale,64,,,,,,,,,,,1.0,,,,,
Scale,65,,,,,,,,,,,1.0,,,,,
Scale,66,,,,,,,,,,,1.0,,,,,
Scale,67,,,,,,,,,,,1.0,,,,,
Scale,68,,,,,,,,,,,1.0,,,,,
Scale,69,,,,,,,,,,,1.0,,,,,
Scale,70,,,,,,,,,,,0.01,,,,,
Scale,71,,,,,,,,,,,1.0,,,,,
Scale,72,,,,,,,,,,,1.0,,,,,
Scale,73,,,,,,,,,,,1.0,,,,,
Scale,74,,,,,,,,,,,0.01,,,,,
Scale,75,,,,,,,,,,,1.0,,,,,
Scale,76,,,,,,,,,,,1.0,,,,,
Scale,77,,,,,,,,,,,1.0,,,,,
Scale,78,,,,,,,,,,,1.0,,,,,
Scale,79,,,,,,,,,,,1.0,,,,,
Scale,80,,,,,,,,,,,1.0,,,,,
Scale,81,,,,,,,,,,,1.0,,,,,
Scale,82,,,,,,,,,,,1.0,,,,,
Scale,83,,,,,,,,,,,1.0,,,,,
Scale,84,,,,,,,,,,,1.0,,,,,
Scale,85,,,,,,,,,,,1.0,,,,,
Scale,86,,,,,,,,,,,1.0,,,,,
Scale,87,,,,,,,,,,,1.0,,,,,
Scale,88,,,,,,,,,,,1.0,,,,,
Scale,89,,,,,,,,,,,1.0,,,,,
Scale,90,,,,,,,,,,,1.0,,,,,
Scale,91,,,,,,,,,,,1.0,,,,,
Scale,92,,,,,,,,,,,1.0,,,,,
Scale,93,,,,,,,,,,,1.0,,,,,
Scale,94,,,,,,,,,,,1.0,,,,,
Nbegin,1,,,,,,,,,,,5000,,,,,
Nbegin,2,,,,,,,,,,,9000,,,,,
Nbegin,3,,,,,,,,,,,400000,,,,,
Nbegin,4,,,,,,,,,,,8000,,,,,
Nbegin,5,,,,,,,,,,,2448050,,,,,
Nbegin,6,,,,,,,,,,,500,,,,,
Nbegin,7,,,,,,,,,,,190,,,,,
Nbegin,8,,,,,,,,,,,5000,,,,,
Nbegin,9,,,,,,,,,,,10000,,,,,
Nbegin,10,,,,,,,,,,,12500,,,,,
Nbegin,11,,,,,,,,,,,100,,,,,
Nbegin,12,,,,,,,,,,,5000,,,,,
Nbegin,13,,,,,,,,,,,2000,,,,,
Nbegin,14,,,,,,,,,,,40000,,,,,
Nbegin,15,,,,,,,,,,,350,,,,,
Nbegin,16,,,,,,,,,,,250,,,,,
Nbegin,17,,,,,,,,,,,1000,,,,,
Nbegin,18,,,,,,,,,,,1889,,,,,
Nbegin,19,,,,,,,,,,,340000,,,,,
Nbegin,20,,,,,,,,,,,20000,,,,,
Nbegin,21,,,,,,,,,,,1000,,,,,
Nbegin,22,,,,,,,,,,,12000,,,,,
Nbegin,23,,,,,,,,,,,1000,,,,,
Nbegin,24,,,,,,,,,,,500000,,,,,
Nbegin,25,,,,,,,,,,,5000,,,,,
Nbegin,26,,,,,,,,,,,2276,,,,,
Nbegin,27,,,,,,,,,,,2000,,,,,
Nbegin,28,,,,,,,,,,,200,,,,,
Nbegin,29,,,,,,,,,,,10000,,,,,
Nbegin,30,,,,,,,,,,,4200,,,,,
Nbegin,31,,,,,,,,,,,15000,,,,,
Nbegin,32,,,,,,,,,,,40000,,,,,
Nbegin,33,,,,,,,,,,,26667,,,,,
Nbegin,34,,,,,,,,,,,3000,,,,,
Nbegin,35,,,,,,,,,,,6000,,,,,
Nbegin,36,,,,,,,,,,,45000,,,,,
Nbegin,37,,,,,,,,,,,3000,,,,,
Nbegin,38,,,,,,,,,,,2700,,,,,
Nbegin,39,,,,,,,,,,,30000,,,,,
Nbegin,40,,,,,,,,,,,1500,,,,,
Nbegin,41,,,,,,,,,,,12500,,,,,
Nbegin,42,,,,,,,,,,,16000,,,,,
Nbegin,43,,,,,,,,,,,500,,,,,
Nbegin,44,,,,,,,,,,,2000,,,,,
Nbegin,45,,,,,,,,,,,700,,,,,
Nbegin,46,,,,,,,,,,,7235,,,,,
Nbegin,47,,,,,,,,,,,10000,,,,,
Nbegin,48,,,,,,,,,,,20000,,,,,
Nbegin,49,,,,,,,,,,,5000,,,,,
Nbegin,50,,,,,,,,,,,750,,,,,
Nbegin,51,,,,,,,,,,,200,,,,,
Nbegin,52,,,,,,,,,,,800,,,,,
Nbegin,53,,,,,,,,,,,395031,,,,,
Nbegin,54,,,,,,,,,,,10000,,,,,
Nbegin,55,,,,,,,,,,,2000,,,,,
Nbegin,56,,,,,,,,,,,20000,,,,,
Nbegin,57,,,,,,,,,,,10000,,,,,
Nbegin,58,,,,,,,,,,,0,,,,,
Nbegin,59,,,,,,,,,,,10000,,,,,
Nbegin,60,,,,,,,,,,,7300,,,,,
Nbegin,61,,,,,,,,,,,10000,,,,,
Nbegin,62,,,,,,,,,,,1000,,,,,
Nbegin,63,,,,,,,,,,,45,,,,,
Nbegin,64,,,,,,,,,,,500,,,,,
Nbegin,65,,,,,,,,,,,2000,,,,,
Nbegin,66,,,,,,,,,,,160,,,,,
Nbegin,67,,,,,,,,,,,850,,,,,
Nbegin,68,,,,,,,,,,,1790,,,,,
Nbegin,69,,,,,,,,,,,3900,,,,,
Nbegin,70,,,,,,,,,,,200000,,,,,
Nbegin,71,,,,,,,,,,,500,,,,,
Nbegin,72,,,,,,,,,,,30000,,,,,
Nbegin,73,,,,,,,,,,,7300,,,,,
Nbegin,74,,,,,,,,,,,10000,,,,,
Nbegin,75,,,,,,,,,,,12000,,,,,
Nbegin,76,,,,,,,,,,,5000,,,,,
Nbegin,77,,,,,,,,,,,550,,,,,
Nbegin,78,,,,,,,,,,,310,,,,,
Nbegin,79,,,,,,,,,,,5353,,,,,
Nbegin,80,,,,,,,,,,,2100,,,,,
Nbegin,81,,,,,,,,,,,330,,,,,
Nbegin,82,,,,,,,,,,,2600,,,,,
Nbegin,83,,,,,,,,,,,200,,,,,
Nbegin,84,,,,,,,,,,,7700,,,,,
Nbegin,85,,,,,,,,,,,1100,,,,,
Nbegin,86,,,,,,,,,,,1300,,,,,
Nbegin,87,,,,,,,,,,,7000,,,,,
Nbegin,88,,,,,,,,,,,2700,,,,,
Nbegin,89,,,,,,,,,,,450,,,,,
Nbegin,90,,,,,,,,,,,2000,,,,,
Nbegin,91,,,,,,,,,,,5000,,,,,
Nbegin,92,,,,,,,,,,,77100,,,,,
Nbegin,93,,,,,,,,,,,500,,,,,
Nbegin,94,,,,,,,,,,,50000,,,,,
Cur,1,,,,,,,,,,,USD,,,,,
Cur,2,,,,,,,,,,,USD,,,,,
Cur,3,,,,,,,,,,,GBp,,,,,
Cur,4,,,,,,,,,,,USD,,,,,
Cur,5,,,,,,,,,,,EUR,,,,,
Cur,6,,,,,,,,,,,EUR,,,,,
Cur,7,,,,,,,,,,,USD,,,,,
Cur,8,,,,,,,,,,,USD,,,,,
Cur,9,,,,,,,,,,,USD,,,,,
Cur,10,,,,,,,,,,,USD,,,,,
Cur,11,,,,,,,,,,,USD,,,,,
Cur,12,,,,,,,,,,,USD,,,,,
Cur,13,,,,,,,,,,,USD,,,,,
Cur,14,,,,,,,,,,,USD,,,,,
Cur,15,,,,,,,,,,,USD,,,,,
Cur,16,,,,,,,,,,,EUR,,,,,
Cur,17,,,,,,,,,,,USD,,,,,
Cur,18,,,,,,,,,,,USD,,,,,
Cur,19,,,,,,,,,,,EUR,,,,,
Cur,20,,,,,,,,,,,GBp,,,,,
Cur,21,,,,,,,,,,,USD,,,,,
Cur,22,,,,,,,,,,,USD,,,,,
Cur,23,,,,,,,,,,,USD,,,,,
Cur,24,,,,,,,,,,,GBp,,,,,
Cur,25,,,,,,,,,,,USD,,,,,
Cur,26,,,,,,,,,,,USD,,,,,
Cur,27,,,,,,,,,,,USD,,,,,
Cur,28,,,,,,,,,,,USD,,,,,
Cur,29,,,,,,,,,,,USD,,,,,
Cur,30,,,,,,,,,,,USD,,,,,
Cur,31,,,,,,,,,,,USD,,,,,
Cur,32,,,,,,,,,,,USD,,,,,
Cur,33,,,,,,,,,,,USD,,,,,
Cur,34,,,,,,,,,,,USD,,,,,
Cur,35,,,,,,,,,,,USD,,,,,
Cur,36,,,,,,,,,,,USD,,,,,
Cur,37,,,,,,,,,,,USD,,,,,
Cur,38,,,,,,,,,,,USD,,,,,
Cur,39,,,,,,,,,,,EUR,,,,,
Cur,40,,,,,,,,,,,EUR,,,,,
Cur,41,,,,,,,,,,,USD,,,,,
Cur,42,,,,,,,,,,,USD,,,,,
Cur,43,,,,,,,,,,,USD,,,,,
Cur,44,,,,,,,,,,,USD,,,,,
Cur,45,,,,,,,,,,,EUR,,,,,
Cur,46,,,,,,,,,,,USD,,,,,
Cur,47,,,,,,,,,,,USD,,,,,
Cur,48,,,,,,,,,,,CHF,,,,,
Cur,49,,,,,,,,,,,USD,,,,,
Cur,50,,,,,,,,,,,NONE,,,,,
Cur,51,,,,,,,,,,,USD,,,,,
Cur,52,,,,,,,,,,,USD,,,,,
Cur,53,,,,,,,,,,,EUR,,,,,
Cur,54,,,,,,,,,,,USD,,,,,
Cur,55,,,,,,,,,,,EUR,,,,,
Cur,56,,,,,,,,,,,EUR,,,,,
Cur,57,,,,,,,,,,,EUR,,,,,
Cur,58,,,,,,,,,,,NONE,,,,,
Cur,59,,,,,,,,,,,EUR,,,,,
Cur,60,,,,,,,,,,,EUR,,,,,
Cur,61,,,,,,,,,,,EUR,,,,,
Cur,62,,,,,,,,,,,EUR,,,,,
Cur,63,,,,,,,,,,,EUR,,,,,
Cur,64,,,,,,,,,,,USD,,,,,
Cur,65,,,,,,,,,,,USD,,,,,
Cur,66,,,,,,,,,,,EUR,,,,,
Cur,67,,,,,,,,,,,USD,,,,,
Cur,68,,,,,,,,,,,USD,,,,,
Cur,69,,,,,,,,,,,USD,,,,,
Cur,70,,,,,,,,,,,GBp,,,,,
Cur,71,,,,,,,,,,,USD,,,,,
Cur,72,,,,,,,,,,,USD,,,,,
Cur,73,,,,,,,,,,,EUR,,,,,
Cur,74,,,,,,,,,,,GBp,,,,,
Cur,75,,,,,,,,,,,USD,,,,,
Cur,76,,,,,,,,,,,EUR,,,,,
Cur,77,,,,,,,,,,,USD,,,,,
Cur,78,,,,,,,,,,,USD,,,,,
Cur,79,,,,,,,,,,,USD,,,,,
Cur,80,,,,,,,,,,,USD,,,,,
Cur,81,,,,,,,,,,,USD,,,,,
Cur,82,,,,,,,,,,,USD,,,,,
Cur,83,,,,,,,,,,,USD,,,,,
Cur,84,,,,,,,,,,,EUR,,,,,
Cur,85,,,,,,,,,,,USD,,,,,
Cur,86,,,,,,,,,,,USD,,,,,
Cur,87,,,,,,,,,,,USD,,,,,
Cur,88,,,,,,,,,,,USD,,,,,
Cur,89,,,,,,,,,,,USD,,,,,
Cur,90,,,,,,,,,,,USD,,,,,
Cur,91,,,,,,,,,,,USD,,,,,
Cur,92,,,,,,,,,,,USD,,,,,
Cur,93,,,,,,,,,,,EUR,,,,,
Cur,94,,,,,,,,,,,EUR,,,,,
Look,1,,,,,,,,,,,AAPL,,,,,
Look,2,,,,,,,,,,,ADEA,,,,,
Look,3,,,,,,,,,,,AET.L,,,,,
Look,4,,,,,,,,,,,AMZN,,,,,
Look,5,,,,,,,,,,,ALDNE.PA,,,,,
Look,6,,,,,,,,,,,ASML.AS,,,,,
Look,7,,,,,,,,,,,AVGO,,,,,
Look,8,,,,,,,,,,,AZN,,,,,
Look,9,,,,,,,,,,,BLDP,,,,,
Look,10,,,,,,,,,,,BMRA,,,,,
Look,11,,,,,,,,,,,C,,,,,
Look,12,,,,,,,,,,,CSCO,,,,,
Look,13,,,,,,,,,,,CVS,,,,,
Look,14,,,,,,,,,,,DDD,,,,,
Look,15,,,,,,,,,,,DIS,,,,,
Look,16,,,,,,,,,,,DSY.PA,,,,,
Look,17,,,,,,,,,,,DVA,,,,,
Look,18,,,,,,,,,,,DXC,,,,,
Look,19,,,,,,,,,,,EOAN.DE,,,,,
Look,20,,,,,,,,,,,EZJ.L,,,,,
Look,21,,,,,,,,,,,GM,,,,,
Look,22,,,,,,,,,,,HPE,,,,,
Look,23,,,,,,,,,,,HPQ,,,,,
Look,24,,,,,,,,,,,IAG.L,,,,,
Look,25,,,,,,,,,,,KR,,,,,
Look,26,,,,,,,,,,,LNSR,,,,,
Look,27,,,,,,,,,,,LUMN,,,,,
Look,28,,,,,,,,,,,MRNA,,,,,
Look,29,,,,,,,,,,,MSFT,,,,,
Look,30,,,,,,,,,,,NEE,,,,,
Look,31,,,,,,,,,,,NEM,,,,,
Look,32,,,,,,,,,,,NFLX,,,,,
Look,33,,,,,,,,,,,NOTE,,,,,
Look,34,,,,,,,,,,,PAAS,,,,,
Look,35,,,,,,,,,,,PROF,,,,,
Look,36,,,,,,,,,,,POET,,,,,
Look,37,,,,,,,,,,,PW,,,,,
Look,38,,,,,,,,,,,RIGL,,,,,
Look,39,,,,,,,,,,,RWE.DE,,,,,
Look,40,,,,,,,,,,,SAP.DE,,,,,
Look,41,,,,,,,,,,,SHECY,,,,,
Look,42,,,,,,,,,,,SSYS,,,,,
Look,43,,,,,,,,,,,TSLA,,,,,
Look,44,,,,,,,,,,,TSM,,,,,
Look,45,,,,,,,,,,,UN0.DE,,,,,
Look,46,,,,,,,,,,,UNIT,,,,,
Look,47,,,,,,,,,,,VLVLY,,,,,
Look,48,,,,,,,,,,,VONN.SW,,,,,
Look,49,,,,,,,,,,,VTRS,,,,,
Look,50,,,,,,,,,,,WBA,,,,,
Look,51,,,,,,,,,,,XOM,,,,,
Look,52,,,,,,,,,,,XPER,,,,,
Look,53,,,,,,,,,,,ALDNE.PA,,,,,
Look,54,,,,,,,,,,,DDD,,,,,
Look,55,,,,,,,,,,,DSY.PA,,,,,
Look,56,,,,,,,,,,,EOAN.DE,,,,,
Look,57,,,,,,,,,,,ENI.MI,,,,,
Look,58,,,,,,,,,,,EZJ.L,,,,,
Look,59,,,,,,,,,,,GLE.PA,,,,,
Look,60,,,,,,,,,,,ORA.PA,,,,,
Look,61,,,,,,,,,,,RWE.DE,,,,,
Look,62,,,,,,,,,,,SAP.DE,,,,,
Look,63,,,,,,,,,,,UN0.DE,,,,,
Look,64,,,,,,,,,,,AAPL,,,,,
Look,65,,,,,,,,,,,AMZN,,,,,
Look,66,,,,,,,,,,,ASML.AS,,,,,
Look,67,,,,,,,,,,,DDD,,,,,
Look,68,,,,,,,,,,,DIS,,,,,
Look,69,,,,,,,,,,,GM,,,,,
Look,70,,,,,,,,,,,IAG.L,,,,,
Look,71,,,,,,,,,,,MRNA,,,,,
Look,72,,,,,,,,,,,BLNK,,,,,
Look,73,,,,,,,,,,,ENI.MI,,,,,
Look,74,,,,,,,,,,,EZJ.L,,,,,
Look,75,,,,,,,,,,,F,,,,,
Look,76,,,,,,,,,,,GLE.PA,,,,,
Look,77,,,,,,,,,,,GNRC,,,,,
Look,78,,,,,,,,,,,GS,,,,,
Look,79,,,,,,,,,,,LAZRQ,,,,,
Look,80,,,,,,,,,,,LUV,,,,,
Look,81,,,,,,,,,,,MA,,,,,
Look,82,,,,,,,,,,,NVAX,,,,,
Look,83,,,,,,,,,,,NVS,,,,,
Look,84,,,,,,,,,,,ORA.PA,,,,,
Look,85,,,,,,,,,,,OXY,,,,,
Look,86,,,,,,,,,,,PFE,,,,,
Look,87,,,,,,,,,,,RIG,,,,,
Look,88,,,,,,,,,,,RRC,,,,,
Look,89,,,,,,,,,,,XYZ,,,,,
Look,90,,,,,,,,,,,THC,,,,,
Look,91,,,,,,,,,,,HPQ,,,,,
Look,92,,,,,,,,,,,LOCK.L,,,,,
Look,93,,,,,,,,,,,ASML.AS,,,,,
Look,94,,,,,,,,,,,EOAN.DE,,,,,
Purcchases,1,,,,,,,,,,,-2822972.304186,,,,,
Purcchases,2,,,,,,,,,,,-330659.25863044674,,,,,
Purcchases,3,,,,,,,,,,,-625984.3745000982,,,,,
Purcchases,4,,,,,,,,,,,-4610870.394372,,,,,
Purcchases,5,,,,,,,,,,,-2960097.3359710025,,,,,
Purcchases,6,,,,,,,,,,,-8800009.190100001,,,,,
Purcchases,7,,,,,,,,,,,-655924.8328040593,,,,,
Purcchases,8,,,,,,,,,,,-765919.82736,,,,,
Purcchases,9,,,,,,,,,,,-114060.08718000002,,,,,
Purcchases,10,,,,,,,,,,,-159408.387,,,,,
Purcchases,11,,,,,,,,,,,-359454.919176,,,,,
Purcchases,12,,,,,,,,,,,-947324.50641,,,,,
Purcchases,13,,,,,,,,,,,-1092655.9181879999,,,,,
Purcchases,14,,,,,,,,,,,-777530.8376999999,,,,,
Purcchases,15,,,,,,,,,,,-560986.301952,,,,,
Purcchases,16,,,,,,,,,,,-872234.5207392,,,,,
Purcchases,17,,,,,,,,,,,-922356.45783,,,,,
Purcchases,18,,,,,,,,,,,-362301.78884219995,,,,,
Purcchases,19,,,,,,,,,,,-4189873.4207999995,,,,,
Purcchases,20,,,,,,,,,,,-624182.3868099509,,,,,
Purcchases,21,,,,,,,,,,,-258479.54402399997,,,,,
Purcchases,22,,,,,,,,,,,-979493.7114432001,,,,,
Purcchases,23,,,,,,,,,,,-813296.8802591999,,,,,
Purcchases,24,,,,,,,,,,,-2110991.324148,,,,,
Purcchases,25,,,,,,,,,,,-1322475.228846,,,,,
Purcchases,26,,,,,,,,,,,-112339.94280264,,,,,
Purcchases,27,,,,,,,,,,,-119882.48616,,,,,
Purcchases,28,,,,,,,,,,,-1368303.332922,,,,,
Purcchases,29,,,,,,,,,,,-4231724.150520001,,,,,
Purcchases,30,,,,,,,,,,,-1801688.3037611998,,,,,
Purcchases,31,,,,,,,,,,,-3011519.335194,,,,,
Purcchases,32,,,,,,,,,,,-7482234.4508340005,,,,,
Purcchases,33,,,,,,,,,,,-313556.69095002004,,,,,
Purcchases,34,,,,,,,,,,,-462036.78036,,,,,
Purcchases,35,,,,,,,,,,,-346908.302568,,,,,
Purcchases,36,,,,,,,,,,,-369601.231176,,,,,
Purcchases,37,,,,,,,,,,,-28704.5613198,,,,,
Purcchases,38,,,,,,,,,,,-669899.7325259998,,,,,
Purcchases,39,,,,,,,,,,,-2839186.902816,,,,,
Purcchases,40,,,,,,,,,,,-2387061.46512,,,,,
Purcchases,41,,,,,,,,,,,-652880.146356,,,,,
Purcchases,42,,,,,,,,,,,-961944.6903119999,,,,,
Purcchases,43,,,,,,,,,,,-492264.31814999995,,,,,
Purcchases,44,,,,,,,,,,,-1518825.2831027997,,,,,
Purcchases,45,,,,,,,,,,,-578225.5021377,,,,,
Purcchases,46,,,,,,,,,,,-67460.4423,,,,,
Purcchases,47,,,,,,,,,,,-570634.7027399999,,,,,
Purcchases,48,,,,,,,,,,,-4269908.863314,,,,,
Purcchases,49,,,,,,,,,,,-354112.2542699999,,,,,
Purcchases,50,,,,,,,,,,,-187354.51350299997,,,,,
Purcchases,51,,,,,,,,,,,-679475.75562,,,,,
Purcchases,52,,,,,,,,,,,-274046.00185799995,,,,,
Purcchases,53,,,,,,,,,,,-640084.7015463924,,,,,
Purcchases,54,,,,,,,,,,,-129595.15862099998,,,,,
Purcchases,55,,,,,,,,,,,-974386.6354799999,,,,,
Purcchases,56,,,,,,,,,,,-735373.0115999999,,,,,
Purcchases,57,,,,,,,,,,,-763196.96628,,,,,
Purcchases,58,,,,,,,,,,,0.0,,,,,
Purcchases,59,,,,,,,,,,,-1440560.94552,,,,,
Purcchases,60,,,,,,,,,,,-696125.28213,,,,,
Purcchases,61,,,,,,,,,,,-1917810.8775,,,,,
Purcchases,62,,,,,,,,,,,-1636140.7072098,,,,,
Purcchases,63,,,,,,,,,,,-91981.96442189999,,,,,
Purcchases,64,,,,,,,,,,,-847257.4166759999,,,,,
Purcchases,65,,,,,,,,,,,-2139391.8530334,,,,,
Purcchases,66,,,,,,,,,,,-1767424.9781339997,,,,,
Purcchases,67,,,,,,,,,,,-618847.7515919999,,,,,
Purcchases,68,,,,,,,,,,,-702604.1334599999,,,,,
Purcchases,69,,,,,,,,,,,-1042090.5591899998,,,,,
Purcchases,70,,,,,,,,,,,-627948.4319999999,,,,,
Purcchases,71,,,,,,,,,,,-780026.0243616,,,,,
Purcchases,72,,,,,,,,,,,-689782.33323,,,,,
Purcchases,73,,,,,,,,,,,-956131.6596263999,,,,,
Purcchases,74,,,,,,,,,,,-395617.9281714,,,,,
Purcchases,75,,,,,,,,,,,-645904.9979999999,,,,,
Purcchases,76,,,,,,,,,,,-489498.816492,,,,,
Purcchases,77,,,,,,,,,,,-824739.1610399999,,,,,
Purcchases,78,,,,,,,,,,,-522898.400214,,,,,
Purcchases,79,,,,,,,,,,,-337263.450984,,,,,
Purcchases,80,,,,,,,,,,,-635995.580328,,,,,
Purcchases,81,,,,,,,,,,,-1523594.3936345999,,,,,
Purcchases,82,,,,,,,,,,,-200866.61887199996,,,,,
Purcchases,83,,,,,,,,,,,-573443.91284526,,,,,
Purcchases,84,,,,,,,,,,,-258836.02847999998,,,,,
Purcchases,85,,,,,,,,,,,-577404.1837476,,,,,
Purcchases,86,,,,,,,,,,,-238482.99783,,,,,
Purcchases,87,,,,,,,,,,,-253336.96799999996,,,,,
Purcchases,88,,,,,,,,,,,-331967.90827799996,,,,,
Purcchases,89,,,,,,,,,,,-760788.82134,,,,,
Purcchases,90,,,,,,,,,,,-1260452.0788452001,,,,,
Purcchases,91,,,,,,,,,,,-99107.01,,,,,
Purcchases,92,,,,,,,,,,,-412784.45639999997,,,,,
Purcchases,93,,,,,,,,,,,-362810.86199999996,,,,,
Purcchases,94,,,,,,,,,,,-952748.2606013999,,,,,
Sales,1,,,,,,,,,,,1269884.179339,,,,,
Sales,2,,,,,,,,,,,299437.3025406,,,,,
Sales,3,,,,,,,,,,,280867.83999999997,,,,,
Sales,4,,,,,,,,,,,2111045.9726,,,,,
Sales,5,,,,,,,,,,,0.0,,,,,
Sales,6,,,,,,,,,,,7900651.867514,,,,,
Sales,7,,,,,,,,,,,393742.82601240004,,,,,
Sales,8,,,,,,,,,,,914743.7464719999,,,,,
Sales,9,,,,,,,,,,,69150.225739,,,,,
Sales,10,,,,,,,,,,,0.0,,,,,
Sales,11,,,,,,,,,,,398959.4384638,,,,,
Sales,12,,,,,,,,,,,1039885.9485800001,,,,,
Sales,13,,,,,,,,,,,1042580.040681,,,,,
Sales,14,,,,,,,,,,,262216.46,,,,,
Sales,15,,,,,,,,,,,466617.63957919995,,,,,
Sales,16,,,,,,,,,,,664871.8269999999,,,,,
Sales,17,,,,,,,,,,,937559.0201271999,,,,,
Sales,18,,,,,,,,,,,263789.95823999995,,,,,
Sales,19,,,,,,,,,,,5207441.8571,,,,,
Sales,20,,,,,,,,,,,100419.2294,,,,,
Sales,21,,,,,,,,,,,271502.064494,,,,,
Sales,22,,,,,,,,,,,888708.9653568,,,,,
Sales,23,,,,,,,,,,,624484.1088,,,,,
Sales,24,,,,,,,,,,,2729060.7027315395,,,,,
Sales,25,,,,,,,,,,,1363616.923918,,,,,
Sales,26,,,,,,,,,,,95769.98055784,,,,,
Sales,27,,,,,,,,,,,133913.4175,,,,,
Sales,28,,,,,,,,,,,694402.8462,,,,,
Sales,29,,,,,,,,,,,3203859.012024,,,,,
Sales,30,,,,,,,,,,,1614681.0495735998,,,,,
Sales,31,,,,,,,,,,,2807785.347988,,,,,
Sales,32,,,,,,,,,,,4248439.343392,,,,,
Sales,33,,,,,,,,,,,0.0,,,,,
Sales,34,,,,,,,,,,,515408.59441,,,,,
Sales,35,,,,,,,,,,,340867.49424400006,,,,,
Sales,36,,,,,,,,,,,117581.49119999999,,,,,
Sales,37,,,,,,,,,,,14083.268052,,,,,
Sales,38,,,,,,,,,,,682598.9164199999,,,,,
Sales,39,,,,,,,,,,,2864261.2204475002,,,,,
Sales,40,,,,,,,,,,,1510292.1791449997,,,,,
Sales,41,,,,,,,,,,,388194.34367200005,,,,,
Sales,42,,,,,,,,,,,102658.19282026001,,,,,
Sales,43,,,,,,,,,,,573115.475404,,,,,
Sales,44,,,,,,,,,,,1129047.3246999998,,,,,
Sales,45,,,,,,,,,,,286796.2055693,,,,,
Sales,46,,,,,,,,,,,22982.93859,,,,,
Sales,47,,,,,,,,,,,616100.233698,,,,,
Sales,48,,,,,,,,,,,4361009.278604,,,,,
Sales,49,,,,,,,,,,,283555.00376164,,,,,
Sales,50,,,,,,,,,,,128930.80605999999,,,,,
Sales,51,,,,,,,,,,,699336.0663919998,,,,,
Sales,52,,,,,,,,,,,140618.13978,,,,,
Sales,53,,,,,,,,,,,0.0,,,,,
Sales,54,,,,,,,,,,,115967.1993,,,,,
Sales,55,,,,,,,,,,,473637.7357496,,,,,
Sales,56,,,,,,,,,,,749472.177699,,,,,
Sales,57,,,,,,,,,,,410458.60369719996,,,,,
Sales,58,,,,,,,,,,,0.0,,,,,
Sales,59,,,,,,,,,,,1421299.2389500001,,,,,
Sales,60,,,,,,,,,,,544246.3707399999,,,,,
Sales,61,,,,,,,,,,,1945281.7231359999,,,,,
Sales,62,,,,,,,,,,,1429437.115316,,,,,
Sales,63,,,,,,,,,,,74629.298016,,,,,
Sales,64,,,,,,,,,,,750274.3017399999,,,,,
Sales,65,,,,,,,,,,,1957090.99898,,,,,
Sales,66,,,,,,,,,,,1957055.5394151998,,,,,
Sales,67,,,,,,,,,,,234553.571,,,,,
Sales,68,,,,,,,,,,,602441.788228,,,,,
Sales,69,,,,,,,,,,,1098865.736389,,,,,
Sales,70,,,,,,,,,,,801745.0290000001,,,,,
Sales,71,,,,,,,,,,,611970.947828,,,,,
Sales,72,,,,,,,,,,,243567.733084,,,,,
Sales,73,,,,,,,,,,,911922.5207799998,,,,,
Sales,74,,,,,,,,,,,315578.8481208,,,,,
Sales,75,,,,,,,,,,,629967.8139999999,,,,,
Sales,76,,,,,,,,,,,530320.0734999999,,,,,
Sales,77,,,,,,,,,,,775071.31145,,,,,
Sales,78,,,,,,,,,,,565984.7326646,,,,,
Sales,79,,,,,,,,,,,0.0,,,,,
Sales,80,,,,,,,,,,,582837.502242,,,,,
Sales,81,,,,,,,,,,,1375850.543592,,,,,
Sales,82,,,,,,,,,,,61060.827999999994,,,,,
Sales,83,,,,,,,,,,,583997.2679905999,,,,,
Sales,84,,,,,,,,,,,263443.262,,,,,
Sales,85,,,,,,,,,,,340699.8712,,,,,
Sales,86,,,,,,,,,,,285485.97355279996,,,,,
Sales,87,,,,,,,,,,,248502.30973999997,,,,,
Sales,88,,,,,,,,,,,340024.13269999996,,,,,
Sales,89,,,,,,,,,,,549735.9606,,,,,
Sales,90,,,,,,,,,,,1247098.3419499998,,,,,
Sales,91,,,,,,,,,,,0.0,,,,,
Sales,92,,,,,,,,,,,0.0,,,,,
Sales,93,,,,,,,,,,,439873.348,,,,,
Sales,94,,,,,,,,,,,1085411.134544,,,,,
C1,1,,,,,,,,,,,,,,,,
C1,2,,,,,,,,,,,,,,,,
C1,3,,,,,,,,,,,,,,,,
C1,4,,,,,,,,,,,,,,,,
C1,5,,,,,,,,,,,,,,,,
C1,6,,,,,,,,,,,,,,,,
C1,7,,,,,,,,,,,,,,,,
C1,8,,,,,,,,,,,,,,,,
C1,9,,,,,,,,,,,,,,,,
C1,10,,,,,,,,,,,,,,,,
C1,11,,,,,,,,,,,,,,,,
C1,12,,,,,,,,,,,,,,,,
C1,13,,,,,,,,,,,,,,,,
C1,14,,,,,,,,,,,,,,,,
C1,15,,,,,,,,,,,,,,,,
C1,16,,,,,,,,,,,,,,,,
C1,17,,,,,,,,,,,,,,,,
C1,18,,,,,,,,,,,,,,,,
C1,19,,,,,,,,,,,,,,,,
C1,20,,,,,,,,,,,-18.950600000011036,,,,,
C1,21,,,,,,,,,,,,,,,,
C1,22,,,,,,,,,,,,,,,,
C1,23,,,,,,,,,,,,,,,,
C1,24,,,,,,,,,,,-6.981800001580268,,,,,
C1,25,,,,,,,,,,,,,,,,
C1,26,,,,,,,,,,,,,,,,
C1,27,,,,,,,,,,,,,,,,
C1,28,,,,,,,,,,,,,,,,
C1,29,,,,,,,,,,,,,,,,
C1,30,,,,,,,,,,,,,,,,
C1,31,,,,,,,,,,,,,,,,
C1,32,,,,,,,,,,,,,,,,
C1,33,,,,,,,,,,,,,,,,
C1,34,,,,,,,,,,,,,,,,
C1,35,,,,,,,,,,,,,,,,
C1,36,,,,,,,,,,,,,,,,
C1,37,,,,,,,,,,,,,,,,
C1,38,,,,,,,,,,,,,,,,
C1,39,,,,,,,,,,,,,,,,
C1,40,,,,,,,,,,,,,,,,
C1,41,,,,,,,,,,,,,,,,
C1,42,,,,,,,,,,,,,,,,
C1,43,,,,,,,,,,,,,,,,
C1,44,,,,,,,,,,,,,,,,
C1,45,,,,,,,,,,,,,,,,
C1,46,,,,,,,,,,,,,,,,
C1,47,,,,,,,,,,,,,,,,
C1,48,,,,,,,,,,,,,,,,
C1,49,,,,,,,,,,,,,,,,
C1,50,,,,,,,,,,,,,,,,
C1,51,,,,,,,,,,,,,,,,
C1,52,,,,,,,,,,,,,,,,
C1,53,,,,,,,,,,,,,,,,
C1,54,,,,,,,,,,,,,,,,
C1,55,,,,,,,,,,,,,,,,
C1,56,,,,,,,,,,,,,,,,
C1,57,,,,,,,,,,,,,,,,
C1,58,,,,,,,,,,,,,,,,
C1,59,,,,,,,,,,,,,,,,
C1,60,,,,,,,,,,,,,,,,
C1,61,,,,,,,,,,,,,,,,
C1,62,,,,,,,,,,,,,,,,
C1,63,,,,,,,,,,,,,,,,
C1,64,,,,,,,,,,,,,,,,
C1,65,,,,,,,,,,,,,,,,
C1,66,,,,,,,,,,,,,,,,
C1,67,,,,,,,,,,,,,,,,
C1,68,,,,,,,,,,,,,,,,
C1,69,,,,,,,,,,,,,,,,
C1,70,,,,,,,,,,,,,,,,
C1,71,,,,,,,,,,,,,,,,
C1,72,,,,,,,,,,,,,,,,
C1,73,,,,,,,,,,,,,,,,
C1,74,,,,,,,,,,,4.488300000026356,,,,,
C1,75,,,,,,,,,,,,,,,,
C1,76,,,,,,,,,,,,,,,,
C1,77,,,,,,,,,,,,,,,,
C1,78,,,,,,,,,,,,,,,,
C1,79,,,,,,,,,,,,,,,,
C1,80,,,,,,,,,,,,,,,,
C1,81,,,,,,,,,,,,,,,,
C1,82,,,,,,,,,,,,,,,,
C1,83,,,,,,,,,,,,,,,,
C1,84,,,,,,,,,,,,,,,,
C1,85,,,,,,,,,,,,,,,,
C1,86,,,,,,,,,,,,,,,,
C1,87,,,,,,,,,,,,,,,,
C1,88,,,,,,,,,,,,,,,,
C1,89,,,,,,,,,,,,,,,,
C1,90,,,,,,,,,,,,,,,,
C1,91,,,,,,,,,,,,,,,,
C1,92,,,,,,,,,,,,,,,,
C1,93,,,,,,,,,,,,,,,,
C1,94,,,,,,,,,,,,,,,,
C2,1,,,,,,,,,,,4.656612873077393e-10,,,,,
C2,2,,,,,,,,,,,5.820766091346741e-11,,,,,
C2,3,,,,,,,,,,,1.1641532182693481e-10,,,,,
C2,4,,,,,,,,,,,-9.313225746154785e-10,,,,,
C2,5,,,,,,,,,,,-4.656612873077393e-10,,,,,
C2,6,,,,,,,,,,,0.0,,,,,
C2,7,,,,,,,,,,,-1.1641532182693481e-10,,,,,
C2,8,,,,,,,,,,,0.0,,,,,
C2,9,,,,,,,,,,,-1.4551915228366852e-11,,,,,
C2,10,,,,,,,,,,,0.0,,,,,
C2,11,,,,,,,,,,,0.0,,,,,
C2,12,,,,,,,,,,,-1.1641532182693481e-10,,,,,
C2,13,,,,,,,,,,,0.0,,,,,
C2,14,,,,,,,,,,,1.1641532182693481e-10,,,,,
C2,15,,,,,,,,,,,0.0,,,,,
C2,16,,,,,,,,,,,0.0,,,,,
C2,17,,,,,,,,,,,0.0,,,,,
C2,18,,,,,,,,,,,0.0,,,,,
C2,19,,,,,,,,,,,4.656612873077393e-10,,,,,
C2,20,,,,,,,,,,,30.890106000122614,,,,,
C2,21,,,,,,,,,,,0.0,,,,,
C2,22,,,,,,,,,,,-1.1641532182693481e-10,,,,,
C2,23,,,,,,,,,,,1.1641532182693481e-10,,,,,
C2,24,,,,,,,,,,,60.15599999949336,,,,,
C2,25,,,,,,,,,,,0.0,,,,,
C2,26,,,,,,,,,,,1.4551915228366852e-11,,,,,
C2,27,,,,,,,,,,,0.0,,,,,
C2,28,,,,,,,,,,,-2.3283064365386963e-10,,,,,
C2,29,,,,,,,,,,,-9.313225746154785e-10,,,,,
C2,30,,,,,,,,,,,2.3283064365386963e-10,,,,,
C2,31,,,,,,,,,,,4.656612873077393e-10,,,,,
C2,32,,,,,,,,,,,-2.7939677238464355e-09,,,,,
C2,33,,,,,,,,,,,-0.0001002600765787065,,,,,
C2,34,,,,,,,,,,,-5.820766091346741e-11,,,,,
C2,35,,,,,,,,,,,0.0,,,,,
C2,36,,,,,,,,,,,-5.820766091346741e-11,,,,,
C2,37,,,,,,,,,,,-3.637978807091713e-12,,,,,
C2,38,,,,,,,,,,,1.1641532182693481e-10,,,,,
C2,39,,,,,,,,,,,0.0,,,,,
C2,40,,,,,,,,,,,0.0,,,,,
C2,41,,,,,,,,,,,0.0,,,,,
C2,42,,,,,,,,,,,1.1641532182693481e-10,,,,,
C2,43,,,,,,,,,,,0.0,,,,,
C2,44,,,,,,,,,,,0.0,,,,,
C2,45,,,,,,,,,,,1.1641532182693481e-10,,,,,
C2,46,,,,,,,,,,,0.0,,,,,
C2,47,,,,,,,,,,,0.0,,,,,
C2,48,,,,,,,,,,,-9.313225746154785e-10,,,,,
C2,49,,,,,,,,,,,0.0,,,,,
C2,50,,,,,,,,,,,2.9103830456733704e-11,,,,,
C2,51,,,,,,,,,,,1.1641532182693481e-10,,,,,
C2,52,,,,,,,,,,,5.820766091346741e-11,,,,,
C2,53,,,,,,,,,,,0.0,,,,,
C2,54,,,,,,,,,,,1.4551915228366852e-11,,,,,
C2,55,,,,,,,,,,,-1.1641532182693481e-10,,,,,
C2,56,,,,,,,,,,,1.1641532182693481e-10,,,,,
C2,57,,,,,,,,,,,-1.1641532182693481e-10,,,,,
C2,58,,,,,,,,,,,,,,,,
C2,59,,,,,,,,,,,0.0,,,,,
C2,60,,,,,,,,,,,1.1641532182693481e-10,,,,,
C2,61,,,,,,,,,,,2.3283064365386963e-10,,,,,
C2,62,,,,,,,,,,,10.02600000007078,,,,,
C2,63,,,,,,,,,,,1.4551915228366852e-11,,,,,
C2,64,,,,,,,,,,,1.1641532182693481e-10,,,,,
C2,65,,,,,,,,,,,0.0,,,,,
C2,66,,,,,,,,,,,0.0,,,,,
C2,67,,,,,,,,,,,1.1641532182693481e-10,,,,,
C2,68,,,,,,,,,,,0.0,,,,,
C2,69,,,,,,,,,,,0.0,,,,,
C2,70,,,,,,,,,,,0.0,,,,,
C2,71,,,,,,,,,,,0.0,,,,,
C2,72,,,,,,,,,,,0.0,,,,,
C2,73,,,,,,,,,,,0.0,,,,,
C2,74,,,,,,,,,,,0.0,,,,,
C2,75,,,,,,,,,,,0.0,,,,,
C2,76,,,,,,,,,,,-1.1641532182693481e-10,,,,,
C2,77,,,,,,,,,,,-1.1641532182693481e-10,,,,,
C2,78,,,,,,,,,,,0.0,,,,,
C2,79,,,,,,,,,,,-5.820766091346741e-11,,,,,
C2,80,,,,,,,,,,,0.0,,,,,
C2,81,,,,,,,,,,,0.0,,,,,
C2,82,,,,,,,,,,,0.0,,,,,
C2,83,,,,,,,,,,,0.0,,,,,
C2,84,,,,,,,,,,,0.0,,,,,
C2,85,,,,,,,,,,,1.1641532182693481e-10,,,,,
C2,86,,,,,,,,,,,-2.9103830456733704e-11,,,,,
C2,87,,,,,,,,,,,2.9103830456733704e-11,,,,,
C2,88,,,,,,,,,,,0.0,,,,,
C2,89,,,,,,,,,,,-1.1641532182693481e-10,,,,,
C2,90,,,,,,,,,,,0.0,,,,,
C2,91,,,,,,,,,,,0.0,,,,,
C2,92,,,,,,,,,,,0.0,,,,,
C2,93,,,,,,,,,,,0.0,,,,,
C2,94,,,,,,,,,,,2.3283064365386963e-10,,,,,
Buy_to_Y,1,,,,,,,,,,,0.0,,,,,
Buy_to_Y,2,,,,,,,,,,,0.0,,,,,
Buy_to_Y,3,,,,,,,,,,,0.0,,,,,
Buy_to_Y,4,,,,,,,,,,,0.0,,,,,
Buy_to_Y,5,,,,,,,,,,,0.0,,,,,
Buy_to_Y,6,,,,,,,,,,,0.0,,,,,
Buy_to_Y,7,,,,,,,,,,,0.0,,,,,
Buy_to_Y,8,,,,,,,,,,,0.0,,,,,
Buy_to_Y,9,,,,,,,,,,,0.0,,,,,
Buy_to_Y,10,,,,,,,,,,,0.0,,,,,
Buy_to_Y,11,,,,,,,,,,,0.0,,,,,
Buy_to_Y,12,,,,,,,,,,,0.0,,,,,
Buy_to_Y,13,,,,,,,,,,,2839.7419038068233,,,,,
Buy_to_Y,14,,,,,,,,,,,105964.62409703508,,,,,
Buy_to_Y,15,,,,,,,,,,,0.0,,,,,
Buy_to_Y,16,,,,,,,,,,,3377.500986434785,,,,,
Buy_to_Y,17,,,,,,,,,,,0.0,,,,,
Buy_to_Y,18,,,,,,,,,,,17674.097396114816,,,,,
Buy_to_Y,19,,,,,,,,,,,0.0,,,,,
Buy_to_Y,20,,,,,,,,,,,0.0,,,,,
Buy_to_Y,21,,,,,,,,,,,0.0,,,,,
Buy_to_Y,22,,,,,,,,,,,0.0,,,,,
Buy_to_Y,23,,,,,,,,,,,13067.264722774158,,,,,
Buy_to_Y,24,,,,,,,,,,,0.0,,,,,
Buy_to_Y,25,,,,,,,,,,,0.0,,,,,
Buy_to_Y,26,,,,,,,,,,,0.0,,,,,
Buy_to_Y,27,,,,,,,,,,,0.0,,,,,
Buy_to_Y,28,,,,,,,,,,,0.0,,,,,
Buy_to_Y,29,,,,,,,,,,,0.0,,,,,
Buy_to_Y,30,,,,,,,,,,,0.0,,,,,
Buy_to_Y,31,,,,,,,,,,,0.0,,,,,
Buy_to_Y,32,,,,,,,,,,,0.0,,,,,
Buy_to_Y,33,,,,,,,,,,,0.0,,,,,
Buy_to_Y,34,,,,,,,,,,,0.0,,,,,
Buy_to_Y,35,,,,,,,,,,,0.0,,,,,
Buy_to_Y,36,,,,,,,,,,,0.0,,,,,
Buy_to_Y,37,,,,,,,,,,,0.0,,,,,
Buy_to_Y,38,,,,,,,,,,,0.0,,,,,
Buy_to_Y,39,,,,,,,,,,,0.0,,,,,
Buy_to_Y,40,,,,,,,,,,,0.0,,,,,
Buy_to_Y,41,,,,,,,,,,,0.0,,,,,
Buy_to_Y,42,,,,,,,,,,,165501.62437293504,,,,,
Buy_to_Y,43,,,,,,,,,,,0.0,,,,,
Buy_to_Y,44,,,,,,,,,,,0.0,,,,,
Buy_to_Y,45,,,,,,,,,,,0.0,,,,,
Buy_to_Y,46,,,,,,,,,,,0.0,,,,,
Buy_to_Y,47,,,,,,,,,,,0.0,,,,,
Buy_to_Y,48,,,,,,,,,,,0.0,,,,,
Buy_to_Y,49,,,,,,,,,,,33432.00498026539,,,,,
Buy_to_Y,50,,,,,,,,,,,,,,,,
Buy_to_Y,51,,,,,,,,,,,0.0,,,,,
Buy_to_Y,52,,,,,,,,,,,8.577433333327507,,,,,
Buy_to_Y,53,,,,,,,,,,,0.0,,,,,
Buy_to_Y,54,,,,,,,,,,,0.0,,,,,
Buy_to_Y,55,,,,,,,,,,,20355.557269628454,,,,,
Buy_to_Y,56,,,,,,,,,,,0.0,,,,,
Buy_to_Y,57,,,,,,,,,,,0.0,,,,,
Buy_to_Y,58,,,,,,,,,,,0.0,,,,,
Buy_to_Y,59,,,,,,,,,,,0.0,,,,,
Buy_to_Y,60,,,,,,,,,,,0.0,,,,,
Buy_to_Y,61,,,,,,,,,,,0.0,,,,,
Buy_to_Y,62,,,,,,,,,,,0.0,,,,,
Buy_to_Y,63,,,,,,,,,,,0.0,,,,,
Buy_to_Y,64,,,,,,,,,,,0.0,,,,,
Buy_to_Y,65,,,,,,,,,,,0.0,,,,,
Buy_to_Y,66,,,,,,,,,,,0.0,,,,,
Buy_to_Y,67,,,,,,,,,,,0.0,,,,,
Buy_to_Y,68,,,,,,,,,,,0.0,,,,,
Buy_to_Y,69,,,,,,,,,,,0.0,,,,,
Buy_to_Y,70,,,,,,,,,,,0.0,,,,,
Buy_to_Y,71,,,,,,,,,,,0.0,,,,,
Buy_to_Y,72,,,,,,,,,,,106051.1556006259,,,,,
Buy_to_Y,73,,,,,,,,,,,0.0,,,,,
Buy_to_Y,74,,,,,,,,,,,0.0,,,,,
Buy_to_Y,75,,,,,,,,,,,0.0,,,,,
Buy_to_Y,76,,,,,,,,,,,0.0,,,,,
Buy_to_Y,77,,,,,,,,,,,0.0,,,,,
Buy_to_Y,78,,,,,,,,,,,0.0,,,,,
Buy_to_Y,79,,,,,,,,,,,145564.27867304016,,,,,
Buy_to_Y,80,,,,,,,,,,,834.6489363636326,,,,,
Buy_to_Y,81,,,,,,,,,,,0.0,,,,,
Buy_to_Y,82,,,,,,,,,,,382.0554041904786,,,,,
Buy_to_Y,83,,,,,,,,,,,0.0,,,,,
Buy_to_Y,84,,,,,,,,,,,0.0,,,,,
Buy_to_Y,85,,,,,,,,,,,0.0,,,,,
Buy_to_Y,86,,,,,,,,,,,0.0,,,,,
Buy_to_Y,87,,,,,,,,,,,0.0,,,,,
Buy_to_Y,88,,,,,,,,,,,0.0,,,,,
Buy_to_Y,89,,,,,,,,,,,6849.349688144329,,,,,
Buy_to_Y,90,,,,,,,,,,,0.0,,,,,
Buy_to_Y,91,,,,,,,,,,,1834.1237113402028,,,,,
Buy_to_Y,92,,,,,,,,,,,0.0,,,,,
Buy_to_Y,93,,,,,,,,,,,0.0,,,,,
Buy_to_Y,94,,,,,,,,,,,0.0,,,,,
